Iteration,Likelihood,transmRate,vecEff1,vecEff2,vecEff3,vecEff4,vecEff5,vecEff6,vecEff7,vecEff8,vecEff9,vecEff10
10,-532.6578,1.252402e-07,0.1972443,0.559995,0.8946089,0.8806866,0.7915618,0.623643,0.9242788,0.4866134,0.543883,0.5973747
20,-532.6578,1.252402e-07,0.1972443,0.559995,0.8946089,0.8806866,0.7915618,0.623643,0.9242788,0.4866134,0.543883,0.5973747
30,-532.6578,1.252402e-07,0.1972443,0.559995,0.8946089,0.8806866,0.7915618,0.623643,0.9242788,0.4866134,0.543883,0.5973747
40,-532.6578,1.252402e-07,0.1972443,0.559995,0.8946089,0.8806866,0.7915618,0.623643,0.9242788,0.4866134,0.543883,0.5973747
50,-532.6578,1.252402e-07,0.1972443,0.559995,0.8946089,0.8806866,0.7915618,0.623643,0.9242788,0.4866134,0.543883,0.5973747
60,-532.6578,1.252402e-07,0.1972443,0.559995,0.8946089,0.8806866,0.7915618,0.623643,0.9242788,0.4866134,0.543883,0.5973747
70,-532.6578,1.252402e-07,0.1972443,0.559995,0.8946089,0.8806866,0.7915618,0.623643,0.9242788,0.4866134,0.543883,0.5973747
80,-532.6578,1.252402e-07,0.1972443,0.559995,0.8946089,0.8806866,0.7915618,0.623643,0.9242788,0.4866134,0.543883,0.5973747
90,-532.6578,1.252402e-07,0.1972443,0.559995,0.8946089,0.8806866,0.7915618,0.623643,0.9242788,0.4866134,0.543883,0.5973747
100,-532.6578,1.252402e-07,0.1972443,0.559995,0.8946089,0.8806866,0.7915618,0.623643,0.9242788,0.4866134,0.543883,0.5973747
110,-532.6578,1.252402e-07,0.1972443,0.559995,0.8946089,0.8806866,0.7915618,0.623643,0.9242788,0.4866134,0.543883,0.5973747
120,-532.6578,1.252402e-07,0.1972443,0.559995,0.8946089,0.8806866,0.7915618,0.623643,0.9242788,0.4866134,0.543883,0.5973747
130,-532.6578,1.252402e-07,0.1972443,0.559995,0.8946089,0.8806866,0.7915618,0.623643,0.9242788,0.4866134,0.543883,0.5973747
140,-532.6578,1.252402e-07,0.1972443,0.559995,0.8946089,0.8806866,0.7915618,0.623643,0.9242788,0.4866134,0.543883,0.5973747
150,-532.6578,1.252402e-07,0.1972443,0.559995,0.8946089,0.8806866,0.7915618,0.623643,0.9242788,0.4866134,0.543883,0.5973747
160,-532.6578,1.252402e-07,0.1972443,0.559995,0.8946089,0.8806866,0.7915618,0.623643,0.9242788,0.4866134,0.543883,0.5973747
170,-532.6578,1.252402e-07,0.1972443,0.559995,0.8946089,0.8806866,0.7915618,0.623643,0.9242788,0.4866134,0.543883,0.5973747
180,-532.6578,1.252402e-07,0.1972443,0.559995,0.8946089,0.8806866,0.7915618,0.623643,0.9242788,0.4866134,0.543883,0.5973747
190,-532.6578,1.252402e-07,0.1972443,0.559995,0.8946089,0.8806866,0.7915618,0.623643,0.9242788,0.4866134,0.543883,0.5973747
200,-532.6578,1.252402e-07,0.1972443,0.559995,0.8946089,0.8806866,0.7915618,0.623643,0.9242788,0.4866134,0.543883,0.5973747
210,-532.6578,1.252402e-07,0.1972443,0.559995,0.8946089,0.8806866,0.7915618,0.623643,0.9242788,0.4866134,0.543883,0.5973747
220,-532.6578,1.252402e-07,0.1972443,0.559995,0.8946089,0.8806866,0.7915618,0.623643,0.9242788,0.4866134,0.543883,0.5973747
230,-532.6578,1.252402e-07,0.1972443,0.559995,0.8946089,0.8806866,0.7915618,0.623643,0.9242788,0.4866134,0.543883,0.5973747
240,-532.6578,1.252402e-07,0.1972443,0.559995,0.8946089,0.8806866,0.7915618,0.623643,0.9242788,0.4866134,0.543883,0.5973747
250,-532.6578,1.252402e-07,0.1972443,0.559995,0.8946089,0.8806866,0.7915618,0.623643,0.9242788,0.4866134,0.543883,0.5973747
260,-532.6578,1.252402e-07,0.1972443,0.559995,0.8946089,0.8806866,0.7915618,0.623643,0.9242788,0.4866134,0.543883,0.5973747
270,-532.6578,1.252402e-07,0.1972443,0.559995,0.8946089,0.8806866,0.7915618,0.623643,0.9242788,0.4866134,0.543883,0.5973747
280,-532.6578,1.252402e-07,0.1972443,0.559995,0.8946089,0.8806866,0.7915618,0.623643,0.9242788,0.4866134,0.543883,0.5973747
290,-532.6578,1.252402e-07,0.1972443,0.559995,0.8946089,0.8806866,0.7915618,0.623643,0.9242788,0.4866134,0.543883,0.5973747
300,-532.6578,1.252402e-07,0.1972443,0.559995,0.8946089,0.8806866,0.7915618,0.623643,0.9242788,0.4866134,0.543883,0.5973747
310,-532.6578,1.252402e-07,0.1972443,0.559995,0.8946089,0.8806866,0.7915618,0.623643,0.9242788,0.4866134,0.543883,0.5973747
320,-532.6578,1.252402e-07,0.1972443,0.559995,0.8946089,0.8806866,0.7915618,0.623643,0.9242788,0.4866134,0.543883,0.5973747
330,-532.6578,1.252402e-07,0.1972443,0.559995,0.8946089,0.8806866,0.7915618,0.623643,0.9242788,0.4866134,0.543883,0.5973747
340,-532.6578,1.252402e-07,0.1972443,0.559995,0.8946089,0.8806866,0.7915618,0.623643,0.9242788,0.4866134,0.543883,0.5973747
350,-532.6578,1.252402e-07,0.1972443,0.559995,0.8946089,0.8806866,0.7915618,0.623643,0.9242788,0.4866134,0.543883,0.5973747
360,-532.6578,1.252402e-07,0.1972443,0.559995,0.8946089,0.8806866,0.7915618,0.623643,0.9242788,0.4866134,0.543883,0.5973747
370,-532.6578,1.252402e-07,0.1972443,0.559995,0.8946089,0.8806866,0.7915618,0.623643,0.9242788,0.4866134,0.543883,0.5973747
380,-532.6578,1.252402e-07,0.1972443,0.559995,0.8946089,0.8806866,0.7915618,0.623643,0.9242788,0.4866134,0.543883,0.5973747
390,-532.6578,1.252402e-07,0.1972443,0.559995,0.8946089,0.8806866,0.7915618,0.623643,0.9242788,0.4866134,0.543883,0.5973747
400,-532.6578,1.252402e-07,0.1972443,0.559995,0.8946089,0.8806866,0.7915618,0.623643,0.9242788,0.4866134,0.543883,0.5973747
410,-532.6578,1.252402e-07,0.1972443,0.559995,0.8946089,0.8806866,0.7915618,0.623643,0.9242788,0.4866134,0.543883,0.5973747
420,-532.6578,1.252402e-07,0.1972443,0.559995,0.8946089,0.8806866,0.7915618,0.623643,0.9242788,0.4866134,0.543883,0.5973747
430,-532.6578,1.252402e-07,0.1972443,0.559995,0.8946089,0.8806866,0.7915618,0.623643,0.9242788,0.4866134,0.543883,0.5973747
440,-532.6578,1.252402e-07,0.1972443,0.559995,0.8946089,0.8806866,0.7915618,0.623643,0.9242788,0.4866134,0.543883,0.5973747
450,-532.6578,1.252402e-07,0.1972443,0.559995,0.8946089,0.8806866,0.7915618,0.623643,0.9242788,0.4866134,0.543883,0.5973747
460,-532.6578,1.252402e-07,0.1972443,0.559995,0.8946089,0.8806866,0.7915618,0.623643,0.9242788,0.4866134,0.543883,0.5973747
470,-532.6578,1.252402e-07,0.1972443,0.559995,0.8946089,0.8806866,0.7915618,0.623643,0.9242788,0.4866134,0.543883,0.5973747
480,-532.6578,1.252402e-07,0.1972443,0.559995,0.8946089,0.8806866,0.7915618,0.623643,0.9242788,0.4866134,0.543883,0.5973747
490,-532.6578,1.252402e-07,0.1972443,0.559995,0.8946089,0.8806866,0.7915618,0.623643,0.9242788,0.4866134,0.543883,0.5973747
500,-532.6578,1.252402e-07,0.1972443,0.559995,0.8946089,0.8806866,0.7915618,0.623643,0.9242788,0.4866134,0.543883,0.5973747
510,-532.6578,1.252402e-07,0.1972443,0.559995,0.8946089,0.8806866,0.7915618,0.623643,0.9242788,0.4866134,0.543883,0.5973747
520,-532.6578,1.252402e-07,0.1972443,0.559995,0.8946089,0.8806866,0.7915618,0.623643,0.9242788,0.4866134,0.543883,0.5973747
530,-532.6578,1.252402e-07,0.1972443,0.559995,0.8946089,0.8806866,0.7915618,0.623643,0.9242788,0.4866134,0.543883,0.5973747
540,-532.6578,1.252402e-07,0.1972443,0.559995,0.8946089,0.8806866,0.7915618,0.623643,0.9242788,0.4866134,0.543883,0.5973747
550,-532.6578,1.252402e-07,0.1972443,0.559995,0.8946089,0.8806866,0.7915618,0.623643,0.9242788,0.4866134,0.543883,0.5973747
560,-532.6578,1.252402e-07,0.1972443,0.559995,0.8946089,0.8806866,0.7915618,0.623643,0.9242788,0.4866134,0.543883,0.5973747
570,-532.6578,1.252402e-07,0.1972443,0.559995,0.8946089,0.8806866,0.7915618,0.623643,0.9242788,0.4866134,0.543883,0.5973747
580,-532.6578,1.252402e-07,0.1972443,0.559995,0.8946089,0.8806866,0.7915618,0.623643,0.9242788,0.4866134,0.543883,0.5973747
590,-532.6578,1.252402e-07,0.1972443,0.559995,0.8946089,0.8806866,0.7915618,0.623643,0.9242788,0.4866134,0.543883,0.5973747
600,-532.6578,1.252402e-07,0.1972443,0.559995,0.8946089,0.8806866,0.7915618,0.623643,0.9242788,0.4866134,0.543883,0.5973747
610,-532.6578,1.252402e-07,0.1972443,0.559995,0.8946089,0.8806866,0.7915618,0.623643,0.9242788,0.4866134,0.543883,0.5973747
620,-532.6578,1.252402e-07,0.1972443,0.559995,0.8946089,0.8806866,0.7915618,0.623643,0.9242788,0.4866134,0.543883,0.5973747
630,-532.6578,1.252402e-07,0.1972443,0.559995,0.8946089,0.8806866,0.7915618,0.623643,0.9242788,0.4866134,0.543883,0.5973747
640,-532.6578,1.252402e-07,0.1972443,0.559995,0.8946089,0.8806866,0.7915618,0.623643,0.9242788,0.4866134,0.543883,0.5973747
650,-532.6578,1.252402e-07,0.1972443,0.559995,0.8946089,0.8806866,0.7915618,0.623643,0.9242788,0.4866134,0.543883,0.5973747
660,-532.6578,1.252402e-07,0.1972443,0.559995,0.8946089,0.8806866,0.7915618,0.623643,0.9242788,0.4866134,0.543883,0.5973747
670,-532.6578,1.252402e-07,0.1972443,0.559995,0.8946089,0.8806866,0.7915618,0.623643,0.9242788,0.4866134,0.543883,0.5973747
680,-532.6578,1.252402e-07,0.1972443,0.559995,0.8946089,0.8806866,0.7915618,0.623643,0.9242788,0.4866134,0.543883,0.5973747
690,-532.6578,1.252402e-07,0.1972443,0.559995,0.8946089,0.8806866,0.7915618,0.623643,0.9242788,0.4866134,0.543883,0.5973747
700,-532.6578,1.252402e-07,0.1972443,0.559995,0.8946089,0.8806866,0.7915618,0.623643,0.9242788,0.4866134,0.543883,0.5973747
710,-532.6578,1.252402e-07,0.1972443,0.559995,0.8946089,0.8806866,0.7915618,0.623643,0.9242788,0.4866134,0.543883,0.5973747
720,-532.6578,1.252402e-07,0.1972443,0.559995,0.8946089,0.8806866,0.7915618,0.623643,0.9242788,0.4866134,0.543883,0.5973747
730,-532.6578,1.252402e-07,0.1972443,0.559995,0.8946089,0.8806866,0.7915618,0.623643,0.9242788,0.4866134,0.543883,0.5973747
740,-532.6578,1.252402e-07,0.1972443,0.559995,0.8946089,0.8806866,0.7915618,0.623643,0.9242788,0.4866134,0.543883,0.5973747
750,-532.6578,1.252402e-07,0.1972443,0.559995,0.8946089,0.8806866,0.7915618,0.623643,0.9242788,0.4866134,0.543883,0.5973747
760,-532.6578,1.252402e-07,0.1972443,0.559995,0.8946089,0.8806866,0.7915618,0.623643,0.9242788,0.4866134,0.543883,0.5973747
770,-532.6578,1.252402e-07,0.1972443,0.559995,0.8946089,0.8806866,0.7915618,0.623643,0.9242788,0.4866134,0.543883,0.5973747
780,-532.6578,1.252402e-07,0.1972443,0.559995,0.8946089,0.8806866,0.7915618,0.623643,0.9242788,0.4866134,0.543883,0.5973747
790,-532.6578,1.252402e-07,0.1972443,0.559995,0.8946089,0.8806866,0.7915618,0.623643,0.9242788,0.4866134,0.543883,0.5973747
800,-532.6578,1.252402e-07,0.1972443,0.559995,0.8946089,0.8806866,0.7915618,0.623643,0.9242788,0.4866134,0.543883,0.5973747
810,-532.6578,1.252402e-07,0.1972443,0.559995,0.8946089,0.8806866,0.7915618,0.623643,0.9242788,0.4866134,0.543883,0.5973747
820,-532.6578,1.252402e-07,0.1972443,0.559995,0.8946089,0.8806866,0.7915618,0.623643,0.9242788,0.4866134,0.543883,0.5973747
830,-532.6578,1.252402e-07,0.1972443,0.559995,0.8946089,0.8806866,0.7915618,0.623643,0.9242788,0.4866134,0.543883,0.5973747
840,-532.6578,1.252402e-07,0.1972443,0.559995,0.8946089,0.8806866,0.7915618,0.623643,0.9242788,0.4866134,0.543883,0.5973747
850,-532.6578,1.252402e-07,0.1972443,0.559995,0.8946089,0.8806866,0.7915618,0.623643,0.9242788,0.4866134,0.543883,0.5973747
860,-532.6578,1.252402e-07,0.1972443,0.559995,0.8946089,0.8806866,0.7915618,0.623643,0.9242788,0.4866134,0.543883,0.5973747
870,-532.6578,1.252402e-07,0.1972443,0.559995,0.8946089,0.8806866,0.7915618,0.623643,0.9242788,0.4866134,0.543883,0.5973747
880,-532.6578,1.252402e-07,0.1972443,0.559995,0.8946089,0.8806866,0.7915618,0.623643,0.9242788,0.4866134,0.543883,0.5973747
890,-532.6578,1.252402e-07,0.1972443,0.559995,0.8946089,0.8806866,0.7915618,0.623643,0.9242788,0.4866134,0.543883,0.5973747
900,-532.6578,1.252402e-07,0.1972443,0.559995,0.8946089,0.8806866,0.7915618,0.623643,0.9242788,0.4866134,0.543883,0.5973747
910,-532.6578,1.252402e-07,0.1972443,0.559995,0.8946089,0.8806866,0.7915618,0.623643,0.9242788,0.4866134,0.543883,0.5973747
920,-532.6578,1.252402e-07,0.1972443,0.559995,0.8946089,0.8806866,0.7915618,0.623643,0.9242788,0.4866134,0.543883,0.5973747
930,-532.6578,1.252402e-07,0.1972443,0.559995,0.8946089,0.8806866,0.7915618,0.623643,0.9242788,0.4866134,0.543883,0.5973747
940,-532.6578,1.252402e-07,0.1972443,0.559995,0.8946089,0.8806866,0.7915618,0.623643,0.9242788,0.4866134,0.543883,0.5973747
950,-532.6578,1.252402e-07,0.1972443,0.559995,0.8946089,0.8806866,0.7915618,0.623643,0.9242788,0.4866134,0.543883,0.5973747
960,-532.6578,1.252402e-07,0.1972443,0.559995,0.8946089,0.8806866,0.7915618,0.623643,0.9242788,0.4866134,0.543883,0.5973747
970,-532.6578,1.252402e-07,0.1972443,0.559995,0.8946089,0.8806866,0.7915618,0.623643,0.9242788,0.4866134,0.543883,0.5973747
980,-532.6578,1.252402e-07,0.1972443,0.559995,0.8946089,0.8806866,0.7915618,0.623643,0.9242788,0.4866134,0.543883,0.5973747
990,-532.6578,1.252402e-07,0.1972443,0.559995,0.8946089,0.8806866,0.7915618,0.623643,0.9242788,0.4866134,0.543883,0.5973747
1000,-532.6578,1.252402e-07,0.1972443,0.559995,0.8946089,0.8806866,0.7915618,0.623643,0.9242788,0.4866134,0.543883,0.5973747
1010,-532.6578,1.252402e-07,0.1972443,0.559995,0.8946089,0.8806866,0.7915618,0.623643,0.9242788,0.4866134,0.543883,0.5973747
1020,-532.6578,1.252402e-07,0.1972443,0.559995,0.8946089,0.8806866,0.7915618,0.623643,0.9242788,0.4866134,0.543883,0.5973747
1030,-532.6578,1.252402e-07,0.1972443,0.559995,0.8946089,0.8806866,0.7915618,0.623643,0.9242788,0.4866134,0.543883,0.5973747
1040,-532.6578,1.252402e-07,0.1972443,0.559995,0.8946089,0.8806866,0.7915618,0.623643,0.9242788,0.4866134,0.543883,0.5973747
1050,-532.6578,1.252402e-07,0.1972443,0.559995,0.8946089,0.8806866,0.7915618,0.623643,0.9242788,0.4866134,0.543883,0.5973747
1060,-532.6578,1.252402e-07,0.1972443,0.559995,0.8946089,0.8806866,0.7915618,0.623643,0.9242788,0.4866134,0.543883,0.5973747
1070,-532.6578,1.252402e-07,0.1972443,0.559995,0.8946089,0.8806866,0.7915618,0.623643,0.9242788,0.4866134,0.543883,0.5973747
1080,-532.6578,1.252402e-07,0.1972443,0.559995,0.8946089,0.8806866,0.7915618,0.623643,0.9242788,0.4866134,0.543883,0.5973747
1090,-532.6578,1.252402e-07,0.1972443,0.559995,0.8946089,0.8806866,0.7915618,0.623643,0.9242788,0.4866134,0.543883,0.5973747
1100,-532.6578,1.252402e-07,0.1972443,0.559995,0.8946089,0.8806866,0.7915618,0.623643,0.9242788,0.4866134,0.543883,0.5973747
1110,-532.6578,1.252402e-07,0.1972443,0.559995,0.8946089,0.8806866,0.7915618,0.623643,0.9242788,0.4866134,0.543883,0.5973747
1120,-532.6578,1.252402e-07,0.1972443,0.559995,0.8946089,0.8806866,0.7915618,0.623643,0.9242788,0.4866134,0.543883,0.5973747
1130,-532.6578,1.252402e-07,0.1972443,0.559995,0.8946089,0.8806866,0.7915618,0.623643,0.9242788,0.4866134,0.543883,0.5973747
1140,-532.6578,1.252402e-07,0.1972443,0.559995,0.8946089,0.8806866,0.7915618,0.623643,0.9242788,0.4866134,0.543883,0.5973747
1150,-532.6578,1.252402e-07,0.1972443,0.559995,0.8946089,0.8806866,0.7915618,0.623643,0.9242788,0.4866134,0.543883,0.5973747
1160,-532.6578,1.252402e-07,0.1972443,0.559995,0.8946089,0.8806866,0.7915618,0.623643,0.9242788,0.4866134,0.543883,0.5973747
1170,-532.6578,1.252402e-07,0.1972443,0.559995,0.8946089,0.8806866,0.7915618,0.623643,0.9242788,0.4866134,0.543883,0.5973747
1180,-532.6578,1.252402e-07,0.1972443,0.559995,0.8946089,0.8806866,0.7915618,0.623643,0.9242788,0.4866134,0.543883,0.5973747
1190,-532.6578,1.252402e-07,0.1972443,0.559995,0.8946089,0.8806866,0.7915618,0.623643,0.9242788,0.4866134,0.543883,0.5973747
1200,-532.6578,1.252402e-07,0.1972443,0.559995,0.8946089,0.8806866,0.7915618,0.623643,0.9242788,0.4866134,0.543883,0.5973747
1210,-532.6578,1.252402e-07,0.1972443,0.559995,0.8946089,0.8806866,0.7915618,0.623643,0.9242788,0.4866134,0.543883,0.5973747
1220,-532.6578,1.252402e-07,0.1972443,0.559995,0.8946089,0.8806866,0.7915618,0.623643,0.9242788,0.4866134,0.543883,0.5973747
1230,-532.6578,1.252402e-07,0.1972443,0.559995,0.8946089,0.8806866,0.7915618,0.623643,0.9242788,0.4866134,0.543883,0.5973747
1240,-532.6578,1.252402e-07,0.1972443,0.559995,0.8946089,0.8806866,0.7915618,0.623643,0.9242788,0.4866134,0.543883,0.5973747
1250,-532.6578,1.252402e-07,0.1972443,0.559995,0.8946089,0.8806866,0.7915618,0.623643,0.9242788,0.4866134,0.543883,0.5973747
1260,-532.6578,1.252402e-07,0.1972443,0.559995,0.8946089,0.8806866,0.7915618,0.623643,0.9242788,0.4866134,0.543883,0.5973747
1270,-532.6578,1.252402e-07,0.1972443,0.559995,0.8946089,0.8806866,0.7915618,0.623643,0.9242788,0.4866134,0.543883,0.5973747
1280,-532.6578,1.252402e-07,0.1972443,0.559995,0.8946089,0.8806866,0.7915618,0.623643,0.9242788,0.4866134,0.543883,0.5973747
1290,-532.6578,1.252402e-07,0.1972443,0.559995,0.8946089,0.8806866,0.7915618,0.623643,0.9242788,0.4866134,0.543883,0.5973747
1300,-532.6578,1.252402e-07,0.1972443,0.559995,0.8946089,0.8806866,0.7915618,0.623643,0.9242788,0.4866134,0.543883,0.5973747
1310,-532.6578,1.252402e-07,0.1972443,0.559995,0.8946089,0.8806866,0.7915618,0.623643,0.9242788,0.4866134,0.543883,0.5973747
1320,-532.6578,1.252402e-07,0.1972443,0.559995,0.8946089,0.8806866,0.7915618,0.623643,0.9242788,0.4866134,0.543883,0.5973747
1330,-532.6578,1.252402e-07,0.1972443,0.559995,0.8946089,0.8806866,0.7915618,0.623643,0.9242788,0.4866134,0.543883,0.5973747
1340,-532.6578,1.252402e-07,0.1972443,0.559995,0.8946089,0.8806866,0.7915618,0.623643,0.9242788,0.4866134,0.543883,0.5973747
1350,-532.6578,1.252402e-07,0.1972443,0.559995,0.8946089,0.8806866,0.7915618,0.623643,0.9242788,0.4866134,0.543883,0.5973747
1360,-532.6578,1.252402e-07,0.1972443,0.559995,0.8946089,0.8806866,0.7915618,0.623643,0.9242788,0.4866134,0.543883,0.5973747
1370,-532.6578,1.252402e-07,0.1972443,0.559995,0.8946089,0.8806866,0.7915618,0.623643,0.9242788,0.4866134,0.543883,0.5973747
1380,-532.6578,1.252402e-07,0.1972443,0.559995,0.8946089,0.8806866,0.7915618,0.623643,0.9242788,0.4866134,0.543883,0.5973747
1390,-532.6578,1.252402e-07,0.1972443,0.559995,0.8946089,0.8806866,0.7915618,0.623643,0.9242788,0.4866134,0.543883,0.5973747
1400,-532.6578,1.252402e-07,0.1972443,0.559995,0.8946089,0.8806866,0.7915618,0.623643,0.9242788,0.4866134,0.543883,0.5973747
1410,-532.6578,1.252402e-07,0.1972443,0.559995,0.8946089,0.8806866,0.7915618,0.623643,0.9242788,0.4866134,0.543883,0.5973747
1420,-532.6578,1.252402e-07,0.1972443,0.559995,0.8946089,0.8806866,0.7915618,0.623643,0.9242788,0.4866134,0.543883,0.5973747
1430,-532.6578,1.252402e-07,0.1972443,0.559995,0.8946089,0.8806866,0.7915618,0.623643,0.9242788,0.4866134,0.543883,0.5973747
1440,-532.6578,1.252402e-07,0.1972443,0.559995,0.8946089,0.8806866,0.7915618,0.623643,0.9242788,0.4866134,0.543883,0.5973747
1450,-532.6578,1.252402e-07,0.1972443,0.559995,0.8946089,0.8806866,0.7915618,0.623643,0.9242788,0.4866134,0.543883,0.5973747
1460,-532.6578,1.252402e-07,0.1972443,0.559995,0.8946089,0.8806866,0.7915618,0.623643,0.9242788,0.4866134,0.543883,0.5973747
1470,-532.6578,1.252402e-07,0.1972443,0.559995,0.8946089,0.8806866,0.7915618,0.623643,0.9242788,0.4866134,0.543883,0.5973747
1480,-532.6578,1.252402e-07,0.1972443,0.559995,0.8946089,0.8806866,0.7915618,0.623643,0.9242788,0.4866134,0.543883,0.5973747
1490,-532.6578,1.252402e-07,0.1972443,0.559995,0.8946089,0.8806866,0.7915618,0.623643,0.9242788,0.4866134,0.543883,0.5973747
1500,-532.6578,1.252402e-07,0.1972443,0.559995,0.8946089,0.8806866,0.7915618,0.623643,0.9242788,0.4866134,0.543883,0.5973747
1510,-532.6578,1.252402e-07,0.1972443,0.559995,0.8946089,0.8806866,0.7915618,0.623643,0.9242788,0.4866134,0.543883,0.5973747
1520,-532.6578,1.252402e-07,0.1972443,0.559995,0.8946089,0.8806866,0.7915618,0.623643,0.9242788,0.4866134,0.543883,0.5973747
1530,-532.6578,1.252402e-07,0.1972443,0.559995,0.8946089,0.8806866,0.7915618,0.623643,0.9242788,0.4866134,0.543883,0.5973747
1540,-532.6578,1.252402e-07,0.1972443,0.559995,0.8946089,0.8806866,0.7915618,0.623643,0.9242788,0.4866134,0.543883,0.5973747
1550,-532.6578,1.252402e-07,0.1972443,0.559995,0.8946089,0.8806866,0.7915618,0.623643,0.9242788,0.4866134,0.543883,0.5973747
1560,-532.6578,1.252402e-07,0.1972443,0.559995,0.8946089,0.8806866,0.7915618,0.623643,0.9242788,0.4866134,0.543883,0.5973747
1570,-532.6578,1.252402e-07,0.1972443,0.559995,0.8946089,0.8806866,0.7915618,0.623643,0.9242788,0.4866134,0.543883,0.5973747
1580,-532.6578,1.252402e-07,0.1972443,0.559995,0.8946089,0.8806866,0.7915618,0.623643,0.9242788,0.4866134,0.543883,0.5973747
1590,-532.6578,1.252402e-07,0.1972443,0.559995,0.8946089,0.8806866,0.7915618,0.623643,0.9242788,0.4866134,0.543883,0.5973747
1600,-532.6578,1.252402e-07,0.1972443,0.559995,0.8946089,0.8806866,0.7915618,0.623643,0.9242788,0.4866134,0.543883,0.5973747
1610,-532.6578,1.252402e-07,0.1972443,0.559995,0.8946089,0.8806866,0.7915618,0.623643,0.9242788,0.4866134,0.543883,0.5973747
1620,-532.6578,1.252402e-07,0.1972443,0.559995,0.8946089,0.8806866,0.7915618,0.623643,0.9242788,0.4866134,0.543883,0.5973747
1630,-532.6578,1.252402e-07,0.1972443,0.559995,0.8946089,0.8806866,0.7915618,0.623643,0.9242788,0.4866134,0.543883,0.5973747
1640,-532.6578,1.252402e-07,0.1972443,0.559995,0.8946089,0.8806866,0.7915618,0.623643,0.9242788,0.4866134,0.543883,0.5973747
1650,-532.6578,1.252402e-07,0.1972443,0.559995,0.8946089,0.8806866,0.7915618,0.623643,0.9242788,0.4866134,0.543883,0.5973747
1660,-532.6578,1.252402e-07,0.1972443,0.559995,0.8946089,0.8806866,0.7915618,0.623643,0.9242788,0.4866134,0.543883,0.5973747
1670,-532.6578,1.252402e-07,0.1972443,0.559995,0.8946089,0.8806866,0.7915618,0.623643,0.9242788,0.4866134,0.543883,0.5973747
1680,-532.6578,1.252402e-07,0.1972443,0.559995,0.8946089,0.8806866,0.7915618,0.623643,0.9242788,0.4866134,0.543883,0.5973747
1690,-532.6578,1.252402e-07,0.1972443,0.559995,0.8946089,0.8806866,0.7915618,0.623643,0.9242788,0.4866134,0.543883,0.5973747
1700,-532.6578,1.252402e-07,0.1972443,0.559995,0.8946089,0.8806866,0.7915618,0.623643,0.9242788,0.4866134,0.543883,0.5973747
1710,-532.6578,1.252402e-07,0.1972443,0.559995,0.8946089,0.8806866,0.7915618,0.623643,0.9242788,0.4866134,0.543883,0.5973747
1720,-532.6578,1.252402e-07,0.1972443,0.559995,0.8946089,0.8806866,0.7915618,0.623643,0.9242788,0.4866134,0.543883,0.5973747
1730,-532.6578,1.252402e-07,0.1972443,0.559995,0.8946089,0.8806866,0.7915618,0.623643,0.9242788,0.4866134,0.543883,0.5973747
1740,-532.6578,1.252402e-07,0.1972443,0.559995,0.8946089,0.8806866,0.7915618,0.623643,0.9242788,0.4866134,0.543883,0.5973747
1750,-532.6578,1.252402e-07,0.1972443,0.559995,0.8946089,0.8806866,0.7915618,0.623643,0.9242788,0.4866134,0.543883,0.5973747
1760,-532.6578,1.252402e-07,0.1972443,0.559995,0.8946089,0.8806866,0.7915618,0.623643,0.9242788,0.4866134,0.543883,0.5973747
1770,-532.6578,1.252402e-07,0.1972443,0.559995,0.8946089,0.8806866,0.7915618,0.623643,0.9242788,0.4866134,0.543883,0.5973747
1780,-524.4021,1.350494e-07,0.1341171,0.6357059,0.9195008,0.8282618,0.8598406,0.6661686,0.9208174,0.5681009,0.5393313,0.6339404
1790,-524.4021,1.350494e-07,0.1341171,0.6357059,0.9195008,0.8282618,0.8598406,0.6661686,0.9208174,0.5681009,0.5393313,0.6339404
1800,-524.4021,1.350494e-07,0.1341171,0.6357059,0.9195008,0.8282618,0.8598406,0.6661686,0.9208174,0.5681009,0.5393313,0.6339404
1810,-524.4021,1.350494e-07,0.1341171,0.6357059,0.9195008,0.8282618,0.8598406,0.6661686,0.9208174,0.5681009,0.5393313,0.6339404
1820,-524.4021,1.350494e-07,0.1341171,0.6357059,0.9195008,0.8282618,0.8598406,0.6661686,0.9208174,0.5681009,0.5393313,0.6339404
1830,-524.4021,1.350494e-07,0.1341171,0.6357059,0.9195008,0.8282618,0.8598406,0.6661686,0.9208174,0.5681009,0.5393313,0.6339404
1840,-524.4021,1.350494e-07,0.1341171,0.6357059,0.9195008,0.8282618,0.8598406,0.6661686,0.9208174,0.5681009,0.5393313,0.6339404
1850,-524.4021,1.350494e-07,0.1341171,0.6357059,0.9195008,0.8282618,0.8598406,0.6661686,0.9208174,0.5681009,0.5393313,0.6339404
1860,-524.4021,1.350494e-07,0.1341171,0.6357059,0.9195008,0.8282618,0.8598406,0.6661686,0.9208174,0.5681009,0.5393313,0.6339404
1870,-524.4021,1.350494e-07,0.1341171,0.6357059,0.9195008,0.8282618,0.8598406,0.6661686,0.9208174,0.5681009,0.5393313,0.6339404
1880,-524.4021,1.350494e-07,0.1341171,0.6357059,0.9195008,0.8282618,0.8598406,0.6661686,0.9208174,0.5681009,0.5393313,0.6339404
1890,-524.4021,1.350494e-07,0.1341171,0.6357059,0.9195008,0.8282618,0.8598406,0.6661686,0.9208174,0.5681009,0.5393313,0.6339404
1900,-524.4021,1.350494e-07,0.1341171,0.6357059,0.9195008,0.8282618,0.8598406,0.6661686,0.9208174,0.5681009,0.5393313,0.6339404
1910,-524.4021,1.350494e-07,0.1341171,0.6357059,0.9195008,0.8282618,0.8598406,0.6661686,0.9208174,0.5681009,0.5393313,0.6339404
1920,-524.4021,1.350494e-07,0.1341171,0.6357059,0.9195008,0.8282618,0.8598406,0.6661686,0.9208174,0.5681009,0.5393313,0.6339404
1930,-524.4021,1.350494e-07,0.1341171,0.6357059,0.9195008,0.8282618,0.8598406,0.6661686,0.9208174,0.5681009,0.5393313,0.6339404
1940,-524.4021,1.350494e-07,0.1341171,0.6357059,0.9195008,0.8282618,0.8598406,0.6661686,0.9208174,0.5681009,0.5393313,0.6339404
1950,-524.4021,1.350494e-07,0.1341171,0.6357059,0.9195008,0.8282618,0.8598406,0.6661686,0.9208174,0.5681009,0.5393313,0.6339404
1960,-524.4021,1.350494e-07,0.1341171,0.6357059,0.9195008,0.8282618,0.8598406,0.6661686,0.9208174,0.5681009,0.5393313,0.6339404
1970,-524.4021,1.350494e-07,0.1341171,0.6357059,0.9195008,0.8282618,0.8598406,0.6661686,0.9208174,0.5681009,0.5393313,0.6339404
1980,-524.4021,1.350494e-07,0.1341171,0.6357059,0.9195008,0.8282618,0.8598406,0.6661686,0.9208174,0.5681009,0.5393313,0.6339404
1990,-524.4021,1.350494e-07,0.1341171,0.6357059,0.9195008,0.8282618,0.8598406,0.6661686,0.9208174,0.5681009,0.5393313,0.6339404
2000,-524.4021,1.350494e-07,0.1341171,0.6357059,0.9195008,0.8282618,0.8598406,0.6661686,0.9208174,0.5681009,0.5393313,0.6339404
2010,-524.4021,1.350494e-07,0.1341171,0.6357059,0.9195008,0.8282618,0.8598406,0.6661686,0.9208174,0.5681009,0.5393313,0.6339404
2020,-524.4021,1.350494e-07,0.1341171,0.6357059,0.9195008,0.8282618,0.8598406,0.6661686,0.9208174,0.5681009,0.5393313,0.6339404
2030,-524.4021,1.350494e-07,0.1341171,0.6357059,0.9195008,0.8282618,0.8598406,0.6661686,0.9208174,0.5681009,0.5393313,0.6339404
2040,-524.4021,1.350494e-07,0.1341171,0.6357059,0.9195008,0.8282618,0.8598406,0.6661686,0.9208174,0.5681009,0.5393313,0.6339404
2050,-524.4021,1.350494e-07,0.1341171,0.6357059,0.9195008,0.8282618,0.8598406,0.6661686,0.9208174,0.5681009,0.5393313,0.6339404
2060,-524.4021,1.350494e-07,0.1341171,0.6357059,0.9195008,0.8282618,0.8598406,0.6661686,0.9208174,0.5681009,0.5393313,0.6339404
2070,-524.4021,1.350494e-07,0.1341171,0.6357059,0.9195008,0.8282618,0.8598406,0.6661686,0.9208174,0.5681009,0.5393313,0.6339404
2080,-524.4021,1.350494e-07,0.1341171,0.6357059,0.9195008,0.8282618,0.8598406,0.6661686,0.9208174,0.5681009,0.5393313,0.6339404
2090,-524.4021,1.350494e-07,0.1341171,0.6357059,0.9195008,0.8282618,0.8598406,0.6661686,0.9208174,0.5681009,0.5393313,0.6339404
2100,-524.4021,1.350494e-07,0.1341171,0.6357059,0.9195008,0.8282618,0.8598406,0.6661686,0.9208174,0.5681009,0.5393313,0.6339404
2110,-524.4021,1.350494e-07,0.1341171,0.6357059,0.9195008,0.8282618,0.8598406,0.6661686,0.9208174,0.5681009,0.5393313,0.6339404
2120,-524.4021,1.350494e-07,0.1341171,0.6357059,0.9195008,0.8282618,0.8598406,0.6661686,0.9208174,0.5681009,0.5393313,0.6339404
2130,-524.4021,1.350494e-07,0.1341171,0.6357059,0.9195008,0.8282618,0.8598406,0.6661686,0.9208174,0.5681009,0.5393313,0.6339404
2140,-524.4021,1.350494e-07,0.1341171,0.6357059,0.9195008,0.8282618,0.8598406,0.6661686,0.9208174,0.5681009,0.5393313,0.6339404
2150,-524.4021,1.350494e-07,0.1341171,0.6357059,0.9195008,0.8282618,0.8598406,0.6661686,0.9208174,0.5681009,0.5393313,0.6339404
2160,-524.4021,1.350494e-07,0.1341171,0.6357059,0.9195008,0.8282618,0.8598406,0.6661686,0.9208174,0.5681009,0.5393313,0.6339404
2170,-524.4021,1.350494e-07,0.1341171,0.6357059,0.9195008,0.8282618,0.8598406,0.6661686,0.9208174,0.5681009,0.5393313,0.6339404
2180,-524.4021,1.350494e-07,0.1341171,0.6357059,0.9195008,0.8282618,0.8598406,0.6661686,0.9208174,0.5681009,0.5393313,0.6339404
2190,-524.4021,1.350494e-07,0.1341171,0.6357059,0.9195008,0.8282618,0.8598406,0.6661686,0.9208174,0.5681009,0.5393313,0.6339404
2200,-524.4021,1.350494e-07,0.1341171,0.6357059,0.9195008,0.8282618,0.8598406,0.6661686,0.9208174,0.5681009,0.5393313,0.6339404
2210,-524.4021,1.350494e-07,0.1341171,0.6357059,0.9195008,0.8282618,0.8598406,0.6661686,0.9208174,0.5681009,0.5393313,0.6339404
2220,-524.4021,1.350494e-07,0.1341171,0.6357059,0.9195008,0.8282618,0.8598406,0.6661686,0.9208174,0.5681009,0.5393313,0.6339404
2230,-524.4021,1.350494e-07,0.1341171,0.6357059,0.9195008,0.8282618,0.8598406,0.6661686,0.9208174,0.5681009,0.5393313,0.6339404
2240,-524.4021,1.350494e-07,0.1341171,0.6357059,0.9195008,0.8282618,0.8598406,0.6661686,0.9208174,0.5681009,0.5393313,0.6339404
2250,-524.4021,1.350494e-07,0.1341171,0.6357059,0.9195008,0.8282618,0.8598406,0.6661686,0.9208174,0.5681009,0.5393313,0.6339404
2260,-524.4021,1.350494e-07,0.1341171,0.6357059,0.9195008,0.8282618,0.8598406,0.6661686,0.9208174,0.5681009,0.5393313,0.6339404
2270,-524.4021,1.350494e-07,0.1341171,0.6357059,0.9195008,0.8282618,0.8598406,0.6661686,0.9208174,0.5681009,0.5393313,0.6339404
2280,-524.4021,1.350494e-07,0.1341171,0.6357059,0.9195008,0.8282618,0.8598406,0.6661686,0.9208174,0.5681009,0.5393313,0.6339404
2290,-524.4021,1.350494e-07,0.1341171,0.6357059,0.9195008,0.8282618,0.8598406,0.6661686,0.9208174,0.5681009,0.5393313,0.6339404
2300,-524.4021,1.350494e-07,0.1341171,0.6357059,0.9195008,0.8282618,0.8598406,0.6661686,0.9208174,0.5681009,0.5393313,0.6339404
2310,-524.4021,1.350494e-07,0.1341171,0.6357059,0.9195008,0.8282618,0.8598406,0.6661686,0.9208174,0.5681009,0.5393313,0.6339404
2320,-524.4021,1.350494e-07,0.1341171,0.6357059,0.9195008,0.8282618,0.8598406,0.6661686,0.9208174,0.5681009,0.5393313,0.6339404
2330,-524.4021,1.350494e-07,0.1341171,0.6357059,0.9195008,0.8282618,0.8598406,0.6661686,0.9208174,0.5681009,0.5393313,0.6339404
2340,-524.4021,1.350494e-07,0.1341171,0.6357059,0.9195008,0.8282618,0.8598406,0.6661686,0.9208174,0.5681009,0.5393313,0.6339404
2350,-524.4021,1.350494e-07,0.1341171,0.6357059,0.9195008,0.8282618,0.8598406,0.6661686,0.9208174,0.5681009,0.5393313,0.6339404
2360,-524.4021,1.350494e-07,0.1341171,0.6357059,0.9195008,0.8282618,0.8598406,0.6661686,0.9208174,0.5681009,0.5393313,0.6339404
2370,-524.4021,1.350494e-07,0.1341171,0.6357059,0.9195008,0.8282618,0.8598406,0.6661686,0.9208174,0.5681009,0.5393313,0.6339404
2380,-524.4021,1.350494e-07,0.1341171,0.6357059,0.9195008,0.8282618,0.8598406,0.6661686,0.9208174,0.5681009,0.5393313,0.6339404
2390,-524.4021,1.350494e-07,0.1341171,0.6357059,0.9195008,0.8282618,0.8598406,0.6661686,0.9208174,0.5681009,0.5393313,0.6339404
2400,-524.4021,1.350494e-07,0.1341171,0.6357059,0.9195008,0.8282618,0.8598406,0.6661686,0.9208174,0.5681009,0.5393313,0.6339404
2410,-524.4021,1.350494e-07,0.1341171,0.6357059,0.9195008,0.8282618,0.8598406,0.6661686,0.9208174,0.5681009,0.5393313,0.6339404
2420,-524.4021,1.350494e-07,0.1341171,0.6357059,0.9195008,0.8282618,0.8598406,0.6661686,0.9208174,0.5681009,0.5393313,0.6339404
2430,-524.4021,1.350494e-07,0.1341171,0.6357059,0.9195008,0.8282618,0.8598406,0.6661686,0.9208174,0.5681009,0.5393313,0.6339404
2440,-524.4021,1.350494e-07,0.1341171,0.6357059,0.9195008,0.8282618,0.8598406,0.6661686,0.9208174,0.5681009,0.5393313,0.6339404
2450,-524.4021,1.350494e-07,0.1341171,0.6357059,0.9195008,0.8282618,0.8598406,0.6661686,0.9208174,0.5681009,0.5393313,0.6339404
2460,-524.4021,1.350494e-07,0.1341171,0.6357059,0.9195008,0.8282618,0.8598406,0.6661686,0.9208174,0.5681009,0.5393313,0.6339404
2470,-524.4021,1.350494e-07,0.1341171,0.6357059,0.9195008,0.8282618,0.8598406,0.6661686,0.9208174,0.5681009,0.5393313,0.6339404
2480,-524.4021,1.350494e-07,0.1341171,0.6357059,0.9195008,0.8282618,0.8598406,0.6661686,0.9208174,0.5681009,0.5393313,0.6339404
2490,-524.4021,1.350494e-07,0.1341171,0.6357059,0.9195008,0.8282618,0.8598406,0.6661686,0.9208174,0.5681009,0.5393313,0.6339404
2500,-524.4021,1.350494e-07,0.1341171,0.6357059,0.9195008,0.8282618,0.8598406,0.6661686,0.9208174,0.5681009,0.5393313,0.6339404
2510,-526.0955,1.35344e-07,0.1176834,0.6733749,0.9058981,0.8223938,0.8099766,0.6339857,0.9423646,0.5518404,0.5428947,0.6256353
2520,-526.0955,1.35344e-07,0.1176834,0.6733749,0.9058981,0.8223938,0.8099766,0.6339857,0.9423646,0.5518404,0.5428947,0.6256353
2530,-525.1702,1.35338e-07,0.1845023,0.6515132,0.8995852,0.8311346,0.8343917,0.6818439,0.9664934,0.5404373,0.5516087,0.6104187
2540,-525.1702,1.35338e-07,0.1845023,0.6515132,0.8995852,0.8311346,0.8343917,0.6818439,0.9664934,0.5404373,0.5516087,0.6104187
2550,-525.1702,1.35338e-07,0.1845023,0.6515132,0.8995852,0.8311346,0.8343917,0.6818439,0.9664934,0.5404373,0.5516087,0.6104187
2560,-525.1702,1.35338e-07,0.1845023,0.6515132,0.8995852,0.8311346,0.8343917,0.6818439,0.9664934,0.5404373,0.5516087,0.6104187
2570,-524.5846,1.349163e-07,0.1371577,0.6376698,0.908944,0.8206901,0.7749177,0.6879728,0.9801456,0.5063401,0.5295389,0.6288752
2580,-524.5846,1.349163e-07,0.1371577,0.6376698,0.908944,0.8206901,0.7749177,0.6879728,0.9801456,0.5063401,0.5295389,0.6288752
2590,-524.5846,1.349163e-07,0.1371577,0.6376698,0.908944,0.8206901,0.7749177,0.6879728,0.9801456,0.5063401,0.5295389,0.6288752
2600,-524.5846,1.349163e-07,0.1371577,0.6376698,0.908944,0.8206901,0.7749177,0.6879728,0.9801456,0.5063401,0.5295389,0.6288752
2610,-524.8077,1.344979e-07,0.1391616,0.6563551,0.900086,0.8455036,0.787211,0.6662996,0.9609848,0.4685978,0.5114462,0.6706505
2620,-524.194,1.350771e-07,0.1522617,0.6337556,0.9080008,0.8270121,0.7497806,0.6859992,0.9560983,0.4605815,0.4968956,0.6685121
2630,-523.6452,1.348082e-07,0.1834243,0.6401504,0.8949067,0.784077,0.8003831,0.7304694,0.961251,0.4522872,0.5021893,0.6524578
2640,-523.5273,1.347131e-07,0.1562738,0.6451684,0.9178152,0.7661525,0.8153779,0.7308875,0.9199393,0.4096774,0.4836677,0.6650665
2650,-523.5273,1.347131e-07,0.1562738,0.6451684,0.9178152,0.7661525,0.8153779,0.7308875,0.9199393,0.4096774,0.4836677,0.6650665
2660,-523.5273,1.347131e-07,0.1562738,0.6451684,0.9178152,0.7661525,0.8153779,0.7308875,0.9199393,0.4096774,0.4836677,0.6650665
2670,-523.5273,1.347131e-07,0.1562738,0.6451684,0.9178152,0.7661525,0.8153779,0.7308875,0.9199393,0.4096774,0.4836677,0.6650665
2680,-523.5273,1.347131e-07,0.1562738,0.6451684,0.9178152,0.7661525,0.8153779,0.7308875,0.9199393,0.4096774,0.4836677,0.6650665
2690,-523.5273,1.347131e-07,0.1562738,0.6451684,0.9178152,0.7661525,0.8153779,0.7308875,0.9199393,0.4096774,0.4836677,0.6650665
2700,-523.5273,1.347131e-07,0.1562738,0.6451684,0.9178152,0.7661525,0.8153779,0.7308875,0.9199393,0.4096774,0.4836677,0.6650665
2710,-523.5273,1.347131e-07,0.1562738,0.6451684,0.9178152,0.7661525,0.8153779,0.7308875,0.9199393,0.4096774,0.4836677,0.6650665
2720,-523.5273,1.347131e-07,0.1562738,0.6451684,0.9178152,0.7661525,0.8153779,0.7308875,0.9199393,0.4096774,0.4836677,0.6650665
2730,-523.5273,1.347131e-07,0.1562738,0.6451684,0.9178152,0.7661525,0.8153779,0.7308875,0.9199393,0.4096774,0.4836677,0.6650665
2740,-523.5273,1.347131e-07,0.1562738,0.6451684,0.9178152,0.7661525,0.8153779,0.7308875,0.9199393,0.4096774,0.4836677,0.6650665
2750,-523.5273,1.347131e-07,0.1562738,0.6451684,0.9178152,0.7661525,0.8153779,0.7308875,0.9199393,0.4096774,0.4836677,0.6650665
2760,-523.5273,1.347131e-07,0.1562738,0.6451684,0.9178152,0.7661525,0.8153779,0.7308875,0.9199393,0.4096774,0.4836677,0.6650665
2770,-523.5273,1.347131e-07,0.1562738,0.6451684,0.9178152,0.7661525,0.8153779,0.7308875,0.9199393,0.4096774,0.4836677,0.6650665
2780,-523.5273,1.347131e-07,0.1562738,0.6451684,0.9178152,0.7661525,0.8153779,0.7308875,0.9199393,0.4096774,0.4836677,0.6650665
2790,-523.5273,1.347131e-07,0.1562738,0.6451684,0.9178152,0.7661525,0.8153779,0.7308875,0.9199393,0.4096774,0.4836677,0.6650665
2800,-523.5273,1.347131e-07,0.1562738,0.6451684,0.9178152,0.7661525,0.8153779,0.7308875,0.9199393,0.4096774,0.4836677,0.6650665
2810,-523.5273,1.347131e-07,0.1562738,0.6451684,0.9178152,0.7661525,0.8153779,0.7308875,0.9199393,0.4096774,0.4836677,0.6650665
2820,-525.5497,1.346678e-07,0.1385695,0.6435368,0.912075,0.7729515,0.8188225,0.7472657,0.8860263,0.3943142,0.5114444,0.6903351
2830,-526.5041,1.345417e-07,0.1512771,0.6706855,0.8967646,0.7337028,0.7876144,0.7633753,0.8708523,0.37381,0.5774089,0.665805
2840,-526.5041,1.345417e-07,0.1512771,0.6706855,0.8967646,0.7337028,0.7876144,0.7633753,0.8708523,0.37381,0.5774089,0.665805
2850,-526.3847,1.340549e-07,0.1203951,0.6769394,0.8836536,0.7757946,0.7690565,0.7165878,0.9041979,0.4528698,0.5939702,0.6836149
2860,-526.3847,1.340549e-07,0.1203951,0.6769394,0.8836536,0.7757946,0.7690565,0.7165878,0.9041979,0.4528698,0.5939702,0.6836149
2870,-523.6672,1.343472e-07,0.106112,0.683381,0.9044663,0.7750579,0.8086442,0.6653849,0.9336599,0.5086492,0.5512465,0.6760939
2880,-523.6672,1.343472e-07,0.106112,0.683381,0.9044663,0.7750579,0.8086442,0.6653849,0.9336599,0.5086492,0.5512465,0.6760939
2890,-523.6672,1.343472e-07,0.106112,0.683381,0.9044663,0.7750579,0.8086442,0.6653849,0.9336599,0.5086492,0.5512465,0.6760939
2900,-523.6672,1.343472e-07,0.106112,0.683381,0.9044663,0.7750579,0.8086442,0.6653849,0.9336599,0.5086492,0.5512465,0.6760939
2910,-523.6672,1.343472e-07,0.106112,0.683381,0.9044663,0.7750579,0.8086442,0.6653849,0.9336599,0.5086492,0.5512465,0.6760939
2920,-523.6672,1.343472e-07,0.106112,0.683381,0.9044663,0.7750579,0.8086442,0.6653849,0.9336599,0.5086492,0.5512465,0.6760939
2930,-525.0242,1.343112e-07,0.0758162,0.6654128,0.9041013,0.7788717,0.8352404,0.6777481,0.9557834,0.4740621,0.56282,0.6459129
2940,-525.438,1.346358e-07,0.0278656,0.6796803,0.9059947,0.8028393,0.847531,0.6496072,0.9553042,0.4456106,0.5712939,0.6331422
2950,-525.438,1.346358e-07,0.0278656,0.6796803,0.9059947,0.8028393,0.847531,0.6496072,0.9553042,0.4456106,0.5712939,0.6331422
2960,-525.438,1.346358e-07,0.0278656,0.6796803,0.9059947,0.8028393,0.847531,0.6496072,0.9553042,0.4456106,0.5712939,0.6331422
2970,-525.438,1.346358e-07,0.0278656,0.6796803,0.9059947,0.8028393,0.847531,0.6496072,0.9553042,0.4456106,0.5712939,0.6331422
2980,-525.438,1.346358e-07,0.0278656,0.6796803,0.9059947,0.8028393,0.847531,0.6496072,0.9553042,0.4456106,0.5712939,0.6331422
2990,-525.438,1.346358e-07,0.0278656,0.6796803,0.9059947,0.8028393,0.847531,0.6496072,0.9553042,0.4456106,0.5712939,0.6331422
3000,-525.438,1.346358e-07,0.0278656,0.6796803,0.9059947,0.8028393,0.847531,0.6496072,0.9553042,0.4456106,0.5712939,0.6331422
3010,-525.438,1.346358e-07,0.0278656,0.6796803,0.9059947,0.8028393,0.847531,0.6496072,0.9553042,0.4456106,0.5712939,0.6331422
3020,-525.438,1.346358e-07,0.0278656,0.6796803,0.9059947,0.8028393,0.847531,0.6496072,0.9553042,0.4456106,0.5712939,0.6331422
3030,-525.438,1.346358e-07,0.0278656,0.6796803,0.9059947,0.8028393,0.847531,0.6496072,0.9553042,0.4456106,0.5712939,0.6331422
3040,-523.2146,1.347301e-07,0.1131128,0.6706339,0.9177837,0.7784435,0.7762995,0.6933964,0.9297194,0.4443463,0.572645,0.6662349
3050,-523.2146,1.347301e-07,0.1131128,0.6706339,0.9177837,0.7784435,0.7762995,0.6933964,0.9297194,0.4443463,0.572645,0.6662349
3060,-523.2146,1.347301e-07,0.1131128,0.6706339,0.9177837,0.7784435,0.7762995,0.6933964,0.9297194,0.4443463,0.572645,0.6662349
3070,-524.4017,1.346609e-07,0.1093211,0.6549106,0.8997658,0.794791,0.770317,0.6735174,0.9850332,0.470014,0.5835841,0.6570264
3080,-524.4017,1.346609e-07,0.1093211,0.6549106,0.8997658,0.794791,0.770317,0.6735174,0.9850332,0.470014,0.5835841,0.6570264
3090,-524.4017,1.346609e-07,0.1093211,0.6549106,0.8997658,0.794791,0.770317,0.6735174,0.9850332,0.470014,0.5835841,0.6570264
3100,-524.4017,1.346609e-07,0.1093211,0.6549106,0.8997658,0.794791,0.770317,0.6735174,0.9850332,0.470014,0.5835841,0.6570264
3110,-524.7778,1.345426e-07,0.06130199,0.6663489,0.9034256,0.8280478,0.755464,0.6723637,0.9599463,0.4501078,0.5713683,0.66218
3120,-519.0265,1.343446e-07,0.09526995,0.6897844,0.8585253,0.8098304,0.8417438,0.6983031,0.9215703,0.5306629,0.5481733,0.6611748
3130,-519.0265,1.343446e-07,0.09526995,0.6897844,0.8585253,0.8098304,0.8417438,0.6983031,0.9215703,0.5306629,0.5481733,0.6611748
3140,-519.0265,1.343446e-07,0.09526995,0.6897844,0.8585253,0.8098304,0.8417438,0.6983031,0.9215703,0.5306629,0.5481733,0.6611748
3150,-519.0265,1.343446e-07,0.09526995,0.6897844,0.8585253,0.8098304,0.8417438,0.6983031,0.9215703,0.5306629,0.5481733,0.6611748
3160,-519.0265,1.343446e-07,0.09526995,0.6897844,0.8585253,0.8098304,0.8417438,0.6983031,0.9215703,0.5306629,0.5481733,0.6611748
3170,-519.0265,1.343446e-07,0.09526995,0.6897844,0.8585253,0.8098304,0.8417438,0.6983031,0.9215703,0.5306629,0.5481733,0.6611748
3180,-519.0265,1.343446e-07,0.09526995,0.6897844,0.8585253,0.8098304,0.8417438,0.6983031,0.9215703,0.5306629,0.5481733,0.6611748
3190,-519.0265,1.343446e-07,0.09526995,0.6897844,0.8585253,0.8098304,0.8417438,0.6983031,0.9215703,0.5306629,0.5481733,0.6611748
3200,-519.0265,1.343446e-07,0.09526995,0.6897844,0.8585253,0.8098304,0.8417438,0.6983031,0.9215703,0.5306629,0.5481733,0.6611748
3210,-519.0265,1.343446e-07,0.09526995,0.6897844,0.8585253,0.8098304,0.8417438,0.6983031,0.9215703,0.5306629,0.5481733,0.6611748
3220,-519.0265,1.343446e-07,0.09526995,0.6897844,0.8585253,0.8098304,0.8417438,0.6983031,0.9215703,0.5306629,0.5481733,0.6611748
3230,-519.0265,1.343446e-07,0.09526995,0.6897844,0.8585253,0.8098304,0.8417438,0.6983031,0.9215703,0.5306629,0.5481733,0.6611748
3240,-519.0265,1.343446e-07,0.09526995,0.6897844,0.8585253,0.8098304,0.8417438,0.6983031,0.9215703,0.5306629,0.5481733,0.6611748
3250,-519.0265,1.343446e-07,0.09526995,0.6897844,0.8585253,0.8098304,0.8417438,0.6983031,0.9215703,0.5306629,0.5481733,0.6611748
3260,-519.0265,1.343446e-07,0.09526995,0.6897844,0.8585253,0.8098304,0.8417438,0.6983031,0.9215703,0.5306629,0.5481733,0.6611748
3270,-519.0265,1.343446e-07,0.09526995,0.6897844,0.8585253,0.8098304,0.8417438,0.6983031,0.9215703,0.5306629,0.5481733,0.6611748
3280,-519.0265,1.343446e-07,0.09526995,0.6897844,0.8585253,0.8098304,0.8417438,0.6983031,0.9215703,0.5306629,0.5481733,0.6611748
3290,-519.0265,1.343446e-07,0.09526995,0.6897844,0.8585253,0.8098304,0.8417438,0.6983031,0.9215703,0.5306629,0.5481733,0.6611748
3300,-519.0265,1.343446e-07,0.09526995,0.6897844,0.8585253,0.8098304,0.8417438,0.6983031,0.9215703,0.5306629,0.5481733,0.6611748
3310,-519.0265,1.343446e-07,0.09526995,0.6897844,0.8585253,0.8098304,0.8417438,0.6983031,0.9215703,0.5306629,0.5481733,0.6611748
3320,-519.0265,1.343446e-07,0.09526995,0.6897844,0.8585253,0.8098304,0.8417438,0.6983031,0.9215703,0.5306629,0.5481733,0.6611748
3330,-519.0265,1.343446e-07,0.09526995,0.6897844,0.8585253,0.8098304,0.8417438,0.6983031,0.9215703,0.5306629,0.5481733,0.6611748
3340,-519.0265,1.343446e-07,0.09526995,0.6897844,0.8585253,0.8098304,0.8417438,0.6983031,0.9215703,0.5306629,0.5481733,0.6611748
3350,-519.0265,1.343446e-07,0.09526995,0.6897844,0.8585253,0.8098304,0.8417438,0.6983031,0.9215703,0.5306629,0.5481733,0.6611748
3360,-519.0265,1.343446e-07,0.09526995,0.6897844,0.8585253,0.8098304,0.8417438,0.6983031,0.9215703,0.5306629,0.5481733,0.6611748
3370,-519.0265,1.343446e-07,0.09526995,0.6897844,0.8585253,0.8098304,0.8417438,0.6983031,0.9215703,0.5306629,0.5481733,0.6611748
3380,-519.0265,1.343446e-07,0.09526995,0.6897844,0.8585253,0.8098304,0.8417438,0.6983031,0.9215703,0.5306629,0.5481733,0.6611748
3390,-519.0265,1.343446e-07,0.09526995,0.6897844,0.8585253,0.8098304,0.8417438,0.6983031,0.9215703,0.5306629,0.5481733,0.6611748
3400,-519.0265,1.343446e-07,0.09526995,0.6897844,0.8585253,0.8098304,0.8417438,0.6983031,0.9215703,0.5306629,0.5481733,0.6611748
3410,-519.0265,1.343446e-07,0.09526995,0.6897844,0.8585253,0.8098304,0.8417438,0.6983031,0.9215703,0.5306629,0.5481733,0.6611748
3420,-519.0265,1.343446e-07,0.09526995,0.6897844,0.8585253,0.8098304,0.8417438,0.6983031,0.9215703,0.5306629,0.5481733,0.6611748
3430,-519.0265,1.343446e-07,0.09526995,0.6897844,0.8585253,0.8098304,0.8417438,0.6983031,0.9215703,0.5306629,0.5481733,0.6611748
3440,-519.0265,1.343446e-07,0.09526995,0.6897844,0.8585253,0.8098304,0.8417438,0.6983031,0.9215703,0.5306629,0.5481733,0.6611748
3450,-519.0265,1.343446e-07,0.09526995,0.6897844,0.8585253,0.8098304,0.8417438,0.6983031,0.9215703,0.5306629,0.5481733,0.6611748
3460,-519.0265,1.343446e-07,0.09526995,0.6897844,0.8585253,0.8098304,0.8417438,0.6983031,0.9215703,0.5306629,0.5481733,0.6611748
3470,-519.0265,1.343446e-07,0.09526995,0.6897844,0.8585253,0.8098304,0.8417438,0.6983031,0.9215703,0.5306629,0.5481733,0.6611748
3480,-519.0265,1.343446e-07,0.09526995,0.6897844,0.8585253,0.8098304,0.8417438,0.6983031,0.9215703,0.5306629,0.5481733,0.6611748
3490,-519.0265,1.343446e-07,0.09526995,0.6897844,0.8585253,0.8098304,0.8417438,0.6983031,0.9215703,0.5306629,0.5481733,0.6611748
3500,-519.0265,1.343446e-07,0.09526995,0.6897844,0.8585253,0.8098304,0.8417438,0.6983031,0.9215703,0.5306629,0.5481733,0.6611748
3510,-519.0265,1.343446e-07,0.09526995,0.6897844,0.8585253,0.8098304,0.8417438,0.6983031,0.9215703,0.5306629,0.5481733,0.6611748
3520,-519.0265,1.343446e-07,0.09526995,0.6897844,0.8585253,0.8098304,0.8417438,0.6983031,0.9215703,0.5306629,0.5481733,0.6611748
3530,-519.0265,1.343446e-07,0.09526995,0.6897844,0.8585253,0.8098304,0.8417438,0.6983031,0.9215703,0.5306629,0.5481733,0.6611748
3540,-519.0265,1.343446e-07,0.09526995,0.6897844,0.8585253,0.8098304,0.8417438,0.6983031,0.9215703,0.5306629,0.5481733,0.6611748
3550,-519.0265,1.343446e-07,0.09526995,0.6897844,0.8585253,0.8098304,0.8417438,0.6983031,0.9215703,0.5306629,0.5481733,0.6611748
3560,-519.0265,1.343446e-07,0.09526995,0.6897844,0.8585253,0.8098304,0.8417438,0.6983031,0.9215703,0.5306629,0.5481733,0.6611748
3570,-519.0265,1.343446e-07,0.09526995,0.6897844,0.8585253,0.8098304,0.8417438,0.6983031,0.9215703,0.5306629,0.5481733,0.6611748
3580,-519.0265,1.343446e-07,0.09526995,0.6897844,0.8585253,0.8098304,0.8417438,0.6983031,0.9215703,0.5306629,0.5481733,0.6611748
3590,-519.0265,1.343446e-07,0.09526995,0.6897844,0.8585253,0.8098304,0.8417438,0.6983031,0.9215703,0.5306629,0.5481733,0.6611748
3600,-519.0265,1.343446e-07,0.09526995,0.6897844,0.8585253,0.8098304,0.8417438,0.6983031,0.9215703,0.5306629,0.5481733,0.6611748
3610,-519.0265,1.343446e-07,0.09526995,0.6897844,0.8585253,0.8098304,0.8417438,0.6983031,0.9215703,0.5306629,0.5481733,0.6611748
3620,-519.0265,1.343446e-07,0.09526995,0.6897844,0.8585253,0.8098304,0.8417438,0.6983031,0.9215703,0.5306629,0.5481733,0.6611748
3630,-519.0265,1.343446e-07,0.09526995,0.6897844,0.8585253,0.8098304,0.8417438,0.6983031,0.9215703,0.5306629,0.5481733,0.6611748
3640,-519.0265,1.343446e-07,0.09526995,0.6897844,0.8585253,0.8098304,0.8417438,0.6983031,0.9215703,0.5306629,0.5481733,0.6611748
3650,-519.0265,1.343446e-07,0.09526995,0.6897844,0.8585253,0.8098304,0.8417438,0.6983031,0.9215703,0.5306629,0.5481733,0.6611748
3660,-519.0265,1.343446e-07,0.09526995,0.6897844,0.8585253,0.8098304,0.8417438,0.6983031,0.9215703,0.5306629,0.5481733,0.6611748
3670,-519.0265,1.343446e-07,0.09526995,0.6897844,0.8585253,0.8098304,0.8417438,0.6983031,0.9215703,0.5306629,0.5481733,0.6611748
3680,-519.0265,1.343446e-07,0.09526995,0.6897844,0.8585253,0.8098304,0.8417438,0.6983031,0.9215703,0.5306629,0.5481733,0.6611748
3690,-519.0265,1.343446e-07,0.09526995,0.6897844,0.8585253,0.8098304,0.8417438,0.6983031,0.9215703,0.5306629,0.5481733,0.6611748
3700,-519.0265,1.343446e-07,0.09526995,0.6897844,0.8585253,0.8098304,0.8417438,0.6983031,0.9215703,0.5306629,0.5481733,0.6611748
3710,-519.0265,1.343446e-07,0.09526995,0.6897844,0.8585253,0.8098304,0.8417438,0.6983031,0.9215703,0.5306629,0.5481733,0.6611748
3720,-519.0265,1.343446e-07,0.09526995,0.6897844,0.8585253,0.8098304,0.8417438,0.6983031,0.9215703,0.5306629,0.5481733,0.6611748
3730,-519.0265,1.343446e-07,0.09526995,0.6897844,0.8585253,0.8098304,0.8417438,0.6983031,0.9215703,0.5306629,0.5481733,0.6611748
3740,-519.0265,1.343446e-07,0.09526995,0.6897844,0.8585253,0.8098304,0.8417438,0.6983031,0.9215703,0.5306629,0.5481733,0.6611748
3750,-519.0265,1.343446e-07,0.09526995,0.6897844,0.8585253,0.8098304,0.8417438,0.6983031,0.9215703,0.5306629,0.5481733,0.6611748
3760,-519.0265,1.343446e-07,0.09526995,0.6897844,0.8585253,0.8098304,0.8417438,0.6983031,0.9215703,0.5306629,0.5481733,0.6611748
3770,-519.0265,1.343446e-07,0.09526995,0.6897844,0.8585253,0.8098304,0.8417438,0.6983031,0.9215703,0.5306629,0.5481733,0.6611748
3780,-519.0265,1.343446e-07,0.09526995,0.6897844,0.8585253,0.8098304,0.8417438,0.6983031,0.9215703,0.5306629,0.5481733,0.6611748
3790,-519.0265,1.343446e-07,0.09526995,0.6897844,0.8585253,0.8098304,0.8417438,0.6983031,0.9215703,0.5306629,0.5481733,0.6611748
3800,-519.0265,1.343446e-07,0.09526995,0.6897844,0.8585253,0.8098304,0.8417438,0.6983031,0.9215703,0.5306629,0.5481733,0.6611748
3810,-519.0265,1.343446e-07,0.09526995,0.6897844,0.8585253,0.8098304,0.8417438,0.6983031,0.9215703,0.5306629,0.5481733,0.6611748
3820,-519.0265,1.343446e-07,0.09526995,0.6897844,0.8585253,0.8098304,0.8417438,0.6983031,0.9215703,0.5306629,0.5481733,0.6611748
3830,-519.0265,1.343446e-07,0.09526995,0.6897844,0.8585253,0.8098304,0.8417438,0.6983031,0.9215703,0.5306629,0.5481733,0.6611748
3840,-519.0265,1.343446e-07,0.09526995,0.6897844,0.8585253,0.8098304,0.8417438,0.6983031,0.9215703,0.5306629,0.5481733,0.6611748
3850,-519.0265,1.343446e-07,0.09526995,0.6897844,0.8585253,0.8098304,0.8417438,0.6983031,0.9215703,0.5306629,0.5481733,0.6611748
3860,-519.0265,1.343446e-07,0.09526995,0.6897844,0.8585253,0.8098304,0.8417438,0.6983031,0.9215703,0.5306629,0.5481733,0.6611748
3870,-519.0265,1.343446e-07,0.09526995,0.6897844,0.8585253,0.8098304,0.8417438,0.6983031,0.9215703,0.5306629,0.5481733,0.6611748
3880,-519.0265,1.343446e-07,0.09526995,0.6897844,0.8585253,0.8098304,0.8417438,0.6983031,0.9215703,0.5306629,0.5481733,0.6611748
3890,-519.0265,1.343446e-07,0.09526995,0.6897844,0.8585253,0.8098304,0.8417438,0.6983031,0.9215703,0.5306629,0.5481733,0.6611748
3900,-519.0265,1.343446e-07,0.09526995,0.6897844,0.8585253,0.8098304,0.8417438,0.6983031,0.9215703,0.5306629,0.5481733,0.6611748
3910,-519.0265,1.343446e-07,0.09526995,0.6897844,0.8585253,0.8098304,0.8417438,0.6983031,0.9215703,0.5306629,0.5481733,0.6611748
3920,-519.0265,1.343446e-07,0.09526995,0.6897844,0.8585253,0.8098304,0.8417438,0.6983031,0.9215703,0.5306629,0.5481733,0.6611748
3930,-519.0265,1.343446e-07,0.09526995,0.6897844,0.8585253,0.8098304,0.8417438,0.6983031,0.9215703,0.5306629,0.5481733,0.6611748
3940,-519.0265,1.343446e-07,0.09526995,0.6897844,0.8585253,0.8098304,0.8417438,0.6983031,0.9215703,0.5306629,0.5481733,0.6611748
3950,-519.0265,1.343446e-07,0.09526995,0.6897844,0.8585253,0.8098304,0.8417438,0.6983031,0.9215703,0.5306629,0.5481733,0.6611748
3960,-519.0265,1.343446e-07,0.09526995,0.6897844,0.8585253,0.8098304,0.8417438,0.6983031,0.9215703,0.5306629,0.5481733,0.6611748
3970,-519.0265,1.343446e-07,0.09526995,0.6897844,0.8585253,0.8098304,0.8417438,0.6983031,0.9215703,0.5306629,0.5481733,0.6611748
3980,-519.0265,1.343446e-07,0.09526995,0.6897844,0.8585253,0.8098304,0.8417438,0.6983031,0.9215703,0.5306629,0.5481733,0.6611748
3990,-519.0265,1.343446e-07,0.09526995,0.6897844,0.8585253,0.8098304,0.8417438,0.6983031,0.9215703,0.5306629,0.5481733,0.6611748
4000,-519.0265,1.343446e-07,0.09526995,0.6897844,0.8585253,0.8098304,0.8417438,0.6983031,0.9215703,0.5306629,0.5481733,0.6611748
4010,-519.0265,1.343446e-07,0.09526995,0.6897844,0.8585253,0.8098304,0.8417438,0.6983031,0.9215703,0.5306629,0.5481733,0.6611748
4020,-519.0265,1.343446e-07,0.09526995,0.6897844,0.8585253,0.8098304,0.8417438,0.6983031,0.9215703,0.5306629,0.5481733,0.6611748
4030,-519.0265,1.343446e-07,0.09526995,0.6897844,0.8585253,0.8098304,0.8417438,0.6983031,0.9215703,0.5306629,0.5481733,0.6611748
4040,-519.0265,1.343446e-07,0.09526995,0.6897844,0.8585253,0.8098304,0.8417438,0.6983031,0.9215703,0.5306629,0.5481733,0.6611748
4050,-519.0265,1.343446e-07,0.09526995,0.6897844,0.8585253,0.8098304,0.8417438,0.6983031,0.9215703,0.5306629,0.5481733,0.6611748
4060,-519.0265,1.343446e-07,0.09526995,0.6897844,0.8585253,0.8098304,0.8417438,0.6983031,0.9215703,0.5306629,0.5481733,0.6611748
4070,-519.0265,1.343446e-07,0.09526995,0.6897844,0.8585253,0.8098304,0.8417438,0.6983031,0.9215703,0.5306629,0.5481733,0.6611748
4080,-519.0265,1.343446e-07,0.09526995,0.6897844,0.8585253,0.8098304,0.8417438,0.6983031,0.9215703,0.5306629,0.5481733,0.6611748
4090,-519.0265,1.343446e-07,0.09526995,0.6897844,0.8585253,0.8098304,0.8417438,0.6983031,0.9215703,0.5306629,0.5481733,0.6611748
4100,-519.0265,1.343446e-07,0.09526995,0.6897844,0.8585253,0.8098304,0.8417438,0.6983031,0.9215703,0.5306629,0.5481733,0.6611748
4110,-519.0265,1.343446e-07,0.09526995,0.6897844,0.8585253,0.8098304,0.8417438,0.6983031,0.9215703,0.5306629,0.5481733,0.6611748
4120,-519.0265,1.343446e-07,0.09526995,0.6897844,0.8585253,0.8098304,0.8417438,0.6983031,0.9215703,0.5306629,0.5481733,0.6611748
4130,-519.0265,1.343446e-07,0.09526995,0.6897844,0.8585253,0.8098304,0.8417438,0.6983031,0.9215703,0.5306629,0.5481733,0.6611748
4140,-519.0265,1.343446e-07,0.09526995,0.6897844,0.8585253,0.8098304,0.8417438,0.6983031,0.9215703,0.5306629,0.5481733,0.6611748
4150,-519.0265,1.343446e-07,0.09526995,0.6897844,0.8585253,0.8098304,0.8417438,0.6983031,0.9215703,0.5306629,0.5481733,0.6611748
4160,-519.0265,1.343446e-07,0.09526995,0.6897844,0.8585253,0.8098304,0.8417438,0.6983031,0.9215703,0.5306629,0.5481733,0.6611748
4170,-519.0265,1.343446e-07,0.09526995,0.6897844,0.8585253,0.8098304,0.8417438,0.6983031,0.9215703,0.5306629,0.5481733,0.6611748
4180,-519.0265,1.343446e-07,0.09526995,0.6897844,0.8585253,0.8098304,0.8417438,0.6983031,0.9215703,0.5306629,0.5481733,0.6611748
4190,-519.0265,1.343446e-07,0.09526995,0.6897844,0.8585253,0.8098304,0.8417438,0.6983031,0.9215703,0.5306629,0.5481733,0.6611748
4200,-519.0265,1.343446e-07,0.09526995,0.6897844,0.8585253,0.8098304,0.8417438,0.6983031,0.9215703,0.5306629,0.5481733,0.6611748
4210,-519.0265,1.343446e-07,0.09526995,0.6897844,0.8585253,0.8098304,0.8417438,0.6983031,0.9215703,0.5306629,0.5481733,0.6611748
4220,-519.0265,1.343446e-07,0.09526995,0.6897844,0.8585253,0.8098304,0.8417438,0.6983031,0.9215703,0.5306629,0.5481733,0.6611748
4230,-519.0265,1.343446e-07,0.09526995,0.6897844,0.8585253,0.8098304,0.8417438,0.6983031,0.9215703,0.5306629,0.5481733,0.6611748
4240,-519.0265,1.343446e-07,0.09526995,0.6897844,0.8585253,0.8098304,0.8417438,0.6983031,0.9215703,0.5306629,0.5481733,0.6611748
4250,-519.0265,1.343446e-07,0.09526995,0.6897844,0.8585253,0.8098304,0.8417438,0.6983031,0.9215703,0.5306629,0.5481733,0.6611748
4260,-519.0265,1.343446e-07,0.09526995,0.6897844,0.8585253,0.8098304,0.8417438,0.6983031,0.9215703,0.5306629,0.5481733,0.6611748
4270,-519.0265,1.343446e-07,0.09526995,0.6897844,0.8585253,0.8098304,0.8417438,0.6983031,0.9215703,0.5306629,0.5481733,0.6611748
4280,-519.0265,1.343446e-07,0.09526995,0.6897844,0.8585253,0.8098304,0.8417438,0.6983031,0.9215703,0.5306629,0.5481733,0.6611748
4290,-523.9638,1.341661e-07,0.07951949,0.6924751,0.8992945,0.7514326,0.8021245,0.6838865,0.8762965,0.489961,0.6154159,0.6510892
4300,-523.9638,1.341661e-07,0.07951949,0.6924751,0.8992945,0.7514326,0.8021245,0.6838865,0.8762965,0.489961,0.6154159,0.6510892
4310,-522.8549,1.339246e-07,0.06950305,0.6659813,0.9008162,0.7883241,0.7960107,0.6792813,0.9212039,0.5249879,0.5990752,0.6451816
4320,-522.8549,1.339246e-07,0.06950305,0.6659813,0.9008162,0.7883241,0.7960107,0.6792813,0.9212039,0.5249879,0.5990752,0.6451816
4330,-522.8549,1.339246e-07,0.06950305,0.6659813,0.9008162,0.7883241,0.7960107,0.6792813,0.9212039,0.5249879,0.5990752,0.6451816
4340,-524.5222,1.341086e-07,0.04397599,0.706034,0.878527,0.8028686,0.7867772,0.6551467,0.9131509,0.5264589,0.5797685,0.6840188
4350,-524.5222,1.341086e-07,0.04397599,0.706034,0.878527,0.8028686,0.7867772,0.6551467,0.9131509,0.5264589,0.5797685,0.6840188
4360,-524.5222,1.341086e-07,0.04397599,0.706034,0.878527,0.8028686,0.7867772,0.6551467,0.9131509,0.5264589,0.5797685,0.6840188
4370,-524.5222,1.341086e-07,0.04397599,0.706034,0.878527,0.8028686,0.7867772,0.6551467,0.9131509,0.5264589,0.5797685,0.6840188
4380,-524.5222,1.341086e-07,0.04397599,0.706034,0.878527,0.8028686,0.7867772,0.6551467,0.9131509,0.5264589,0.5797685,0.6840188
4390,-524.9977,1.336634e-07,0.02667381,0.7177893,0.8730015,0.8042347,0.7747895,0.6682335,0.9125099,0.5271207,0.5782535,0.6514103
4400,-524.9977,1.336634e-07,0.02667381,0.7177893,0.8730015,0.8042347,0.7747895,0.6682335,0.9125099,0.5271207,0.5782535,0.6514103
4410,-524.9977,1.336634e-07,0.02667381,0.7177893,0.8730015,0.8042347,0.7747895,0.6682335,0.9125099,0.5271207,0.5782535,0.6514103
4420,-524.9919,1.3364e-07,0.01343976,0.704398,0.8780646,0.8386716,0.7740315,0.7019967,0.8999128,0.5427984,0.6078349,0.6142581
4430,-524.9919,1.3364e-07,0.01343976,0.704398,0.8780646,0.8386716,0.7740315,0.7019967,0.8999128,0.5427984,0.6078349,0.6142581
4440,-524.9919,1.3364e-07,0.01343976,0.704398,0.8780646,0.8386716,0.7740315,0.7019967,0.8999128,0.5427984,0.6078349,0.6142581
4450,-523.714,1.338498e-07,0.00400901,0.712733,0.8597024,0.8182592,0.8046287,0.7015323,0.9248909,0.5189905,0.5742601,0.6451867
4460,-523.714,1.338498e-07,0.00400901,0.712733,0.8597024,0.8182592,0.8046287,0.7015323,0.9248909,0.5189905,0.5742601,0.6451867
4470,-523.714,1.338498e-07,0.00400901,0.712733,0.8597024,0.8182592,0.8046287,0.7015323,0.9248909,0.5189905,0.5742601,0.6451867
4480,-523.714,1.338498e-07,0.00400901,0.712733,0.8597024,0.8182592,0.8046287,0.7015323,0.9248909,0.5189905,0.5742601,0.6451867
4490,-523.714,1.338498e-07,0.00400901,0.712733,0.8597024,0.8182592,0.8046287,0.7015323,0.9248909,0.5189905,0.5742601,0.6451867
4500,-521.0981,1.335492e-07,0.02701027,0.6819568,0.8767701,0.8203016,0.8506045,0.6993917,0.9178012,0.500399,0.5905654,0.6276647
4510,-521.0981,1.335492e-07,0.02701027,0.6819568,0.8767701,0.8203016,0.8506045,0.6993917,0.9178012,0.500399,0.5905654,0.6276647
4520,-520.8806,1.332552e-07,0.07813357,0.671103,0.8775642,0.8376612,0.8064149,0.6966025,0.9398229,0.5019346,0.5648472,0.6293498
4530,-520.8806,1.332552e-07,0.07813357,0.671103,0.8775642,0.8376612,0.8064149,0.6966025,0.9398229,0.5019346,0.5648472,0.6293498
4540,-523.301,1.329441e-07,0.09033691,0.6592324,0.8639019,0.8577931,0.8122953,0.7086769,0.9425737,0.5108447,0.5265673,0.6102239
4550,-523.301,1.329441e-07,0.09033691,0.6592324,0.8639019,0.8577931,0.8122953,0.7086769,0.9425737,0.5108447,0.5265673,0.6102239
4560,-522.8685,1.331497e-07,0.09223758,0.6642097,0.899237,0.8324167,0.806933,0.7016632,0.9546204,0.4676339,0.4639065,0.6442246
4570,-522.8685,1.331497e-07,0.09223758,0.6642097,0.899237,0.8324167,0.806933,0.7016632,0.9546204,0.4676339,0.4639065,0.6442246
4580,-522.8685,1.331497e-07,0.09223758,0.6642097,0.899237,0.8324167,0.806933,0.7016632,0.9546204,0.4676339,0.4639065,0.6442246
4590,-526.5294,1.329896e-07,0.1388808,0.6643496,0.8804776,0.8139923,0.7698813,0.6744283,0.9665304,0.4700487,0.5024419,0.6777329
4600,-526.1245,1.331831e-07,0.1283107,0.69228,0.8556859,0.7996454,0.8477167,0.7004997,0.9424849,0.4891051,0.4479014,0.6393749
4610,-526.1245,1.331831e-07,0.1283107,0.69228,0.8556859,0.7996454,0.8477167,0.7004997,0.9424849,0.4891051,0.4479014,0.6393749
4620,-525.4918,1.326785e-07,0.1983664,0.6610083,0.8323618,0.8525883,0.8539196,0.6980781,0.9605132,0.5040433,0.4247688,0.6670543
4630,-525.4918,1.326785e-07,0.1983664,0.6610083,0.8323618,0.8525883,0.8539196,0.6980781,0.9605132,0.5040433,0.4247688,0.6670543
4640,-525.7944,1.327239e-07,0.1524071,0.6742093,0.8848148,0.8504335,0.8071914,0.6303623,0.9564611,0.517518,0.4316968,0.6831268
4650,-524.1588,1.334802e-07,0.1753163,0.6643435,0.8609737,0.840732,0.8060676,0.6937841,0.9594014,0.5241332,0.4621714,0.6555349
4660,-524.1588,1.334802e-07,0.1753163,0.6643435,0.8609737,0.840732,0.8060676,0.6937841,0.9594014,0.5241332,0.4621714,0.6555349
4670,-524.1588,1.334802e-07,0.1753163,0.6643435,0.8609737,0.840732,0.8060676,0.6937841,0.9594014,0.5241332,0.4621714,0.6555349
4680,-522.2927,1.33719e-07,0.1589687,0.646581,0.8704941,0.8575872,0.786989,0.6902557,0.9702448,0.5211716,0.4042122,0.6738959
4690,-522.2927,1.33719e-07,0.1589687,0.646581,0.8704941,0.8575872,0.786989,0.6902557,0.9702448,0.5211716,0.4042122,0.6738959
4700,-521.5356,1.342537e-07,0.1974555,0.6716775,0.8645043,0.8480245,0.7897349,0.6753207,0.954059,0.5922834,0.3874437,0.6603388
4710,-521.5356,1.342537e-07,0.1974555,0.6716775,0.8645043,0.8480245,0.7897349,0.6753207,0.954059,0.5922834,0.3874437,0.6603388
4720,-521.5356,1.342537e-07,0.1974555,0.6716775,0.8645043,0.8480245,0.7897349,0.6753207,0.954059,0.5922834,0.3874437,0.6603388
4730,-521.5356,1.342537e-07,0.1974555,0.6716775,0.8645043,0.8480245,0.7897349,0.6753207,0.954059,0.5922834,0.3874437,0.6603388
4740,-521.5356,1.342537e-07,0.1974555,0.6716775,0.8645043,0.8480245,0.7897349,0.6753207,0.954059,0.5922834,0.3874437,0.6603388
4750,-518.6703,1.340053e-07,0.1531217,0.6523924,0.869237,0.8204324,0.8533212,0.6505081,0.9627141,0.6560618,0.3596276,0.6616509
4760,-518.6703,1.340053e-07,0.1531217,0.6523924,0.869237,0.8204324,0.8533212,0.6505081,0.9627141,0.6560618,0.3596276,0.6616509
4770,-518.6703,1.340053e-07,0.1531217,0.6523924,0.869237,0.8204324,0.8533212,0.6505081,0.9627141,0.6560618,0.3596276,0.6616509
4780,-518.6703,1.340053e-07,0.1531217,0.6523924,0.869237,0.8204324,0.8533212,0.6505081,0.9627141,0.6560618,0.3596276,0.6616509
4790,-518.6703,1.340053e-07,0.1531217,0.6523924,0.869237,0.8204324,0.8533212,0.6505081,0.9627141,0.6560618,0.3596276,0.6616509
4800,-518.6703,1.340053e-07,0.1531217,0.6523924,0.869237,0.8204324,0.8533212,0.6505081,0.9627141,0.6560618,0.3596276,0.6616509
4810,-518.6703,1.340053e-07,0.1531217,0.6523924,0.869237,0.8204324,0.8533212,0.6505081,0.9627141,0.6560618,0.3596276,0.6616509
4820,-518.6703,1.340053e-07,0.1531217,0.6523924,0.869237,0.8204324,0.8533212,0.6505081,0.9627141,0.6560618,0.3596276,0.6616509
4830,-518.6703,1.340053e-07,0.1531217,0.6523924,0.869237,0.8204324,0.8533212,0.6505081,0.9627141,0.6560618,0.3596276,0.6616509
4840,-518.6703,1.340053e-07,0.1531217,0.6523924,0.869237,0.8204324,0.8533212,0.6505081,0.9627141,0.6560618,0.3596276,0.6616509
4850,-518.6703,1.340053e-07,0.1531217,0.6523924,0.869237,0.8204324,0.8533212,0.6505081,0.9627141,0.6560618,0.3596276,0.6616509
4860,-518.6703,1.340053e-07,0.1531217,0.6523924,0.869237,0.8204324,0.8533212,0.6505081,0.9627141,0.6560618,0.3596276,0.6616509
4870,-518.6703,1.340053e-07,0.1531217,0.6523924,0.869237,0.8204324,0.8533212,0.6505081,0.9627141,0.6560618,0.3596276,0.6616509
4880,-518.6703,1.340053e-07,0.1531217,0.6523924,0.869237,0.8204324,0.8533212,0.6505081,0.9627141,0.6560618,0.3596276,0.6616509
4890,-518.6703,1.340053e-07,0.1531217,0.6523924,0.869237,0.8204324,0.8533212,0.6505081,0.9627141,0.6560618,0.3596276,0.6616509
4900,-518.6703,1.340053e-07,0.1531217,0.6523924,0.869237,0.8204324,0.8533212,0.6505081,0.9627141,0.6560618,0.3596276,0.6616509
4910,-518.6703,1.340053e-07,0.1531217,0.6523924,0.869237,0.8204324,0.8533212,0.6505081,0.9627141,0.6560618,0.3596276,0.6616509
4920,-518.6703,1.340053e-07,0.1531217,0.6523924,0.869237,0.8204324,0.8533212,0.6505081,0.9627141,0.6560618,0.3596276,0.6616509
4930,-518.6703,1.340053e-07,0.1531217,0.6523924,0.869237,0.8204324,0.8533212,0.6505081,0.9627141,0.6560618,0.3596276,0.6616509
4940,-518.6703,1.340053e-07,0.1531217,0.6523924,0.869237,0.8204324,0.8533212,0.6505081,0.9627141,0.6560618,0.3596276,0.6616509
4950,-518.6703,1.340053e-07,0.1531217,0.6523924,0.869237,0.8204324,0.8533212,0.6505081,0.9627141,0.6560618,0.3596276,0.6616509
4960,-518.6703,1.340053e-07,0.1531217,0.6523924,0.869237,0.8204324,0.8533212,0.6505081,0.9627141,0.6560618,0.3596276,0.6616509
4970,-518.6703,1.340053e-07,0.1531217,0.6523924,0.869237,0.8204324,0.8533212,0.6505081,0.9627141,0.6560618,0.3596276,0.6616509
4980,-518.6703,1.340053e-07,0.1531217,0.6523924,0.869237,0.8204324,0.8533212,0.6505081,0.9627141,0.6560618,0.3596276,0.6616509
4990,-518.6703,1.340053e-07,0.1531217,0.6523924,0.869237,0.8204324,0.8533212,0.6505081,0.9627141,0.6560618,0.3596276,0.6616509
5000,-518.6703,1.340053e-07,0.1531217,0.6523924,0.869237,0.8204324,0.8533212,0.6505081,0.9627141,0.6560618,0.3596276,0.6616509
