Iteration,Likelihood,transmRate,vecEff1,vecEff2,vecEff3,vecEff4,vecEff5,vecEff6,vecEff7,vecEff8
10,-1452.523,1.989155e-08,0.3142836,0.8025403,0.7276005,0.6702942,0.2840712,0.6622876,0.8,0.8
20,-1452.523,1.989155e-08,0.3142836,0.8025403,0.7276005,0.6702942,0.2840712,0.6622876,0.8,0.8
30,-1452.523,1.989155e-08,0.3142836,0.8025403,0.7276005,0.6702942,0.2840712,0.6622876,0.8,0.8
40,-1452.523,1.989155e-08,0.3142836,0.8025403,0.7276005,0.6702942,0.2840712,0.6622876,0.8,0.8
50,-1452.523,1.989155e-08,0.3142836,0.8025403,0.7276005,0.6702942,0.2840712,0.6622876,0.8,0.8
60,-1405.922,1.76444e-08,0.1644203,0.615803,0.9066353,0.8169345,0.02949249,0.5312602,0.7557085,0.6355677
70,-1405.922,1.76444e-08,0.1644203,0.615803,0.9066353,0.8169345,0.02949249,0.5312602,0.7557085,0.6355677
80,-1405.922,1.76444e-08,0.1644203,0.615803,0.9066353,0.8169345,0.02949249,0.5312602,0.7557085,0.6355677
90,-1405.922,1.76444e-08,0.1644203,0.615803,0.9066353,0.8169345,0.02949249,0.5312602,0.7557085,0.6355677
100,-1405.922,1.76444e-08,0.1644203,0.615803,0.9066353,0.8169345,0.02949249,0.5312602,0.7557085,0.6355677
110,-1304.602,1.909695e-08,0.2102064,0.6430537,0.8059188,0.9448841,0.1851923,0.5488521,0.79753,0.5071997
120,-1304.602,1.909695e-08,0.2102064,0.6430537,0.8059188,0.9448841,0.1851923,0.5488521,0.79753,0.5071997
130,-1304.602,1.909695e-08,0.2102064,0.6430537,0.8059188,0.9448841,0.1851923,0.5488521,0.79753,0.5071997
140,-1296.022,2.282981e-08,0.4917505,0.6040539,0.8404373,0.7803037,0.2903783,0.5611544,0.6087031,0.4206276
150,-1296.022,2.282981e-08,0.4917505,0.6040539,0.8404373,0.7803037,0.2903783,0.5611544,0.6087031,0.4206276
160,-1296.022,2.282981e-08,0.4917505,0.6040539,0.8404373,0.7803037,0.2903783,0.5611544,0.6087031,0.4206276
170,-1296.022,2.282981e-08,0.4917505,0.6040539,0.8404373,0.7803037,0.2903783,0.5611544,0.6087031,0.4206276
180,-1296.022,2.282981e-08,0.4917505,0.6040539,0.8404373,0.7803037,0.2903783,0.5611544,0.6087031,0.4206276
190,-1214.781,2.363615e-08,0.5710573,0.6614437,0.7540955,0.7719919,0.3356143,0.534484,0.7308115,0.3634052
200,-1198.093,2.164701e-08,0.3948372,0.7801755,0.7324539,0.6510967,0.0541279,0.5342913,0.7217992,0.4319913
210,-1141.761,2.013049e-08,0.3376457,0.8835166,0.6766791,0.6989253,0.1009848,0.4614103,0.8060067,0.3093551
220,-1141.761,2.013049e-08,0.3376457,0.8835166,0.6766791,0.6989253,0.1009848,0.4614103,0.8060067,0.3093551
230,-1141.761,2.013049e-08,0.3376457,0.8835166,0.6766791,0.6989253,0.1009848,0.4614103,0.8060067,0.3093551
240,-1011.379,2.035194e-08,0.3159272,0.910205,0.7872163,0.7195904,0.07176642,0.4610813,0.6707302,0.1032508
250,-1011.379,2.035194e-08,0.3159272,0.910205,0.7872163,0.7195904,0.07176642,0.4610813,0.6707302,0.1032508
260,-1011.379,2.035194e-08,0.3159272,0.910205,0.7872163,0.7195904,0.07176642,0.4610813,0.6707302,0.1032508
270,-1011.379,2.035194e-08,0.3159272,0.910205,0.7872163,0.7195904,0.07176642,0.4610813,0.6707302,0.1032508
280,-1011.379,2.035194e-08,0.3159272,0.910205,0.7872163,0.7195904,0.07176642,0.4610813,0.6707302,0.1032508
290,-1011.379,2.035194e-08,0.3159272,0.910205,0.7872163,0.7195904,0.07176642,0.4610813,0.6707302,0.1032508
300,-1011.379,2.035194e-08,0.3159272,0.910205,0.7872163,0.7195904,0.07176642,0.4610813,0.6707302,0.1032508
310,-1011.379,2.035194e-08,0.3159272,0.910205,0.7872163,0.7195904,0.07176642,0.4610813,0.6707302,0.1032508
320,-1011.379,2.035194e-08,0.3159272,0.910205,0.7872163,0.7195904,0.07176642,0.4610813,0.6707302,0.1032508
330,-1011.379,2.035194e-08,0.3159272,0.910205,0.7872163,0.7195904,0.07176642,0.4610813,0.6707302,0.1032508
340,-1011.379,2.035194e-08,0.3159272,0.910205,0.7872163,0.7195904,0.07176642,0.4610813,0.6707302,0.1032508
350,-1011.379,2.035194e-08,0.3159272,0.910205,0.7872163,0.7195904,0.07176642,0.4610813,0.6707302,0.1032508
360,-1011.379,2.035194e-08,0.3159272,0.910205,0.7872163,0.7195904,0.07176642,0.4610813,0.6707302,0.1032508
370,-1011.379,2.035194e-08,0.3159272,0.910205,0.7872163,0.7195904,0.07176642,0.4610813,0.6707302,0.1032508
380,-1011.379,2.035194e-08,0.3159272,0.910205,0.7872163,0.7195904,0.07176642,0.4610813,0.6707302,0.1032508
390,-1011.379,2.035194e-08,0.3159272,0.910205,0.7872163,0.7195904,0.07176642,0.4610813,0.6707302,0.1032508
400,-1011.379,2.035194e-08,0.3159272,0.910205,0.7872163,0.7195904,0.07176642,0.4610813,0.6707302,0.1032508
410,-1011.379,2.035194e-08,0.3159272,0.910205,0.7872163,0.7195904,0.07176642,0.4610813,0.6707302,0.1032508
420,-1011.379,2.035194e-08,0.3159272,0.910205,0.7872163,0.7195904,0.07176642,0.4610813,0.6707302,0.1032508
430,-1011.379,2.035194e-08,0.3159272,0.910205,0.7872163,0.7195904,0.07176642,0.4610813,0.6707302,0.1032508
440,-1011.379,2.035194e-08,0.3159272,0.910205,0.7872163,0.7195904,0.07176642,0.4610813,0.6707302,0.1032508
450,-1011.379,2.035194e-08,0.3159272,0.910205,0.7872163,0.7195904,0.07176642,0.4610813,0.6707302,0.1032508
460,-1011.379,2.035194e-08,0.3159272,0.910205,0.7872163,0.7195904,0.07176642,0.4610813,0.6707302,0.1032508
470,-1011.379,2.035194e-08,0.3159272,0.910205,0.7872163,0.7195904,0.07176642,0.4610813,0.6707302,0.1032508
480,-1011.379,2.035194e-08,0.3159272,0.910205,0.7872163,0.7195904,0.07176642,0.4610813,0.6707302,0.1032508
490,-1011.379,2.035194e-08,0.3159272,0.910205,0.7872163,0.7195904,0.07176642,0.4610813,0.6707302,0.1032508
500,-1011.379,2.035194e-08,0.3159272,0.910205,0.7872163,0.7195904,0.07176642,0.4610813,0.6707302,0.1032508
510,-1011.379,2.035194e-08,0.3159272,0.910205,0.7872163,0.7195904,0.07176642,0.4610813,0.6707302,0.1032508
520,-1011.379,2.035194e-08,0.3159272,0.910205,0.7872163,0.7195904,0.07176642,0.4610813,0.6707302,0.1032508
530,-1011.379,2.035194e-08,0.3159272,0.910205,0.7872163,0.7195904,0.07176642,0.4610813,0.6707302,0.1032508
540,-1011.379,2.035194e-08,0.3159272,0.910205,0.7872163,0.7195904,0.07176642,0.4610813,0.6707302,0.1032508
550,-1011.379,2.035194e-08,0.3159272,0.910205,0.7872163,0.7195904,0.07176642,0.4610813,0.6707302,0.1032508
560,-1011.379,2.035194e-08,0.3159272,0.910205,0.7872163,0.7195904,0.07176642,0.4610813,0.6707302,0.1032508
570,-1011.379,2.035194e-08,0.3159272,0.910205,0.7872163,0.7195904,0.07176642,0.4610813,0.6707302,0.1032508
580,-1011.379,2.035194e-08,0.3159272,0.910205,0.7872163,0.7195904,0.07176642,0.4610813,0.6707302,0.1032508
590,-1011.379,2.035194e-08,0.3159272,0.910205,0.7872163,0.7195904,0.07176642,0.4610813,0.6707302,0.1032508
600,-1011.379,2.035194e-08,0.3159272,0.910205,0.7872163,0.7195904,0.07176642,0.4610813,0.6707302,0.1032508
610,-1011.379,2.035194e-08,0.3159272,0.910205,0.7872163,0.7195904,0.07176642,0.4610813,0.6707302,0.1032508
620,-1011.379,2.035194e-08,0.3159272,0.910205,0.7872163,0.7195904,0.07176642,0.4610813,0.6707302,0.1032508
630,-1011.379,2.035194e-08,0.3159272,0.910205,0.7872163,0.7195904,0.07176642,0.4610813,0.6707302,0.1032508
640,-1011.379,2.035194e-08,0.3159272,0.910205,0.7872163,0.7195904,0.07176642,0.4610813,0.6707302,0.1032508
650,-1011.379,2.035194e-08,0.3159272,0.910205,0.7872163,0.7195904,0.07176642,0.4610813,0.6707302,0.1032508
660,-1011.379,2.035194e-08,0.3159272,0.910205,0.7872163,0.7195904,0.07176642,0.4610813,0.6707302,0.1032508
670,-1011.379,2.035194e-08,0.3159272,0.910205,0.7872163,0.7195904,0.07176642,0.4610813,0.6707302,0.1032508
680,-1011.379,2.035194e-08,0.3159272,0.910205,0.7872163,0.7195904,0.07176642,0.4610813,0.6707302,0.1032508
690,-1011.379,2.035194e-08,0.3159272,0.910205,0.7872163,0.7195904,0.07176642,0.4610813,0.6707302,0.1032508
700,-1011.379,2.035194e-08,0.3159272,0.910205,0.7872163,0.7195904,0.07176642,0.4610813,0.6707302,0.1032508
710,-1011.379,2.035194e-08,0.3159272,0.910205,0.7872163,0.7195904,0.07176642,0.4610813,0.6707302,0.1032508
720,-1011.379,2.035194e-08,0.3159272,0.910205,0.7872163,0.7195904,0.07176642,0.4610813,0.6707302,0.1032508
730,-1011.379,2.035194e-08,0.3159272,0.910205,0.7872163,0.7195904,0.07176642,0.4610813,0.6707302,0.1032508
740,-1011.379,2.035194e-08,0.3159272,0.910205,0.7872163,0.7195904,0.07176642,0.4610813,0.6707302,0.1032508
750,-1011.379,2.035194e-08,0.3159272,0.910205,0.7872163,0.7195904,0.07176642,0.4610813,0.6707302,0.1032508
760,-1011.379,2.035194e-08,0.3159272,0.910205,0.7872163,0.7195904,0.07176642,0.4610813,0.6707302,0.1032508
770,-1011.379,2.035194e-08,0.3159272,0.910205,0.7872163,0.7195904,0.07176642,0.4610813,0.6707302,0.1032508
780,-1011.379,2.035194e-08,0.3159272,0.910205,0.7872163,0.7195904,0.07176642,0.4610813,0.6707302,0.1032508
790,-1011.379,2.035194e-08,0.3159272,0.910205,0.7872163,0.7195904,0.07176642,0.4610813,0.6707302,0.1032508
800,-1011.379,2.035194e-08,0.3159272,0.910205,0.7872163,0.7195904,0.07176642,0.4610813,0.6707302,0.1032508
810,-1011.379,2.035194e-08,0.3159272,0.910205,0.7872163,0.7195904,0.07176642,0.4610813,0.6707302,0.1032508
820,-1011.379,2.035194e-08,0.3159272,0.910205,0.7872163,0.7195904,0.07176642,0.4610813,0.6707302,0.1032508
830,-1011.379,2.035194e-08,0.3159272,0.910205,0.7872163,0.7195904,0.07176642,0.4610813,0.6707302,0.1032508
840,-1011.379,2.035194e-08,0.3159272,0.910205,0.7872163,0.7195904,0.07176642,0.4610813,0.6707302,0.1032508
850,-1011.379,2.035194e-08,0.3159272,0.910205,0.7872163,0.7195904,0.07176642,0.4610813,0.6707302,0.1032508
860,-1011.379,2.035194e-08,0.3159272,0.910205,0.7872163,0.7195904,0.07176642,0.4610813,0.6707302,0.1032508
870,-1011.379,2.035194e-08,0.3159272,0.910205,0.7872163,0.7195904,0.07176642,0.4610813,0.6707302,0.1032508
880,-1011.379,2.035194e-08,0.3159272,0.910205,0.7872163,0.7195904,0.07176642,0.4610813,0.6707302,0.1032508
890,-1011.379,2.035194e-08,0.3159272,0.910205,0.7872163,0.7195904,0.07176642,0.4610813,0.6707302,0.1032508
900,-1011.379,2.035194e-08,0.3159272,0.910205,0.7872163,0.7195904,0.07176642,0.4610813,0.6707302,0.1032508
910,-1011.379,2.035194e-08,0.3159272,0.910205,0.7872163,0.7195904,0.07176642,0.4610813,0.6707302,0.1032508
920,-1011.379,2.035194e-08,0.3159272,0.910205,0.7872163,0.7195904,0.07176642,0.4610813,0.6707302,0.1032508
930,-1011.379,2.035194e-08,0.3159272,0.910205,0.7872163,0.7195904,0.07176642,0.4610813,0.6707302,0.1032508
940,-1011.379,2.035194e-08,0.3159272,0.910205,0.7872163,0.7195904,0.07176642,0.4610813,0.6707302,0.1032508
950,-1011.379,2.035194e-08,0.3159272,0.910205,0.7872163,0.7195904,0.07176642,0.4610813,0.6707302,0.1032508
960,-1011.379,2.035194e-08,0.3159272,0.910205,0.7872163,0.7195904,0.07176642,0.4610813,0.6707302,0.1032508
970,-1011.379,2.035194e-08,0.3159272,0.910205,0.7872163,0.7195904,0.07176642,0.4610813,0.6707302,0.1032508
980,-1011.379,2.035194e-08,0.3159272,0.910205,0.7872163,0.7195904,0.07176642,0.4610813,0.6707302,0.1032508
990,-1011.379,2.035194e-08,0.3159272,0.910205,0.7872163,0.7195904,0.07176642,0.4610813,0.6707302,0.1032508
1000,-1011.379,2.035194e-08,0.3159272,0.910205,0.7872163,0.7195904,0.07176642,0.4610813,0.6707302,0.1032508
1010,-1011.379,2.035194e-08,0.3159272,0.910205,0.7872163,0.7195904,0.07176642,0.4610813,0.6707302,0.1032508
1020,-1011.379,2.035194e-08,0.3159272,0.910205,0.7872163,0.7195904,0.07176642,0.4610813,0.6707302,0.1032508
1030,-1011.379,2.035194e-08,0.3159272,0.910205,0.7872163,0.7195904,0.07176642,0.4610813,0.6707302,0.1032508
1040,-1011.379,2.035194e-08,0.3159272,0.910205,0.7872163,0.7195904,0.07176642,0.4610813,0.6707302,0.1032508
1050,-1011.379,2.035194e-08,0.3159272,0.910205,0.7872163,0.7195904,0.07176642,0.4610813,0.6707302,0.1032508
1060,-1011.379,2.035194e-08,0.3159272,0.910205,0.7872163,0.7195904,0.07176642,0.4610813,0.6707302,0.1032508
1070,-1011.379,2.035194e-08,0.3159272,0.910205,0.7872163,0.7195904,0.07176642,0.4610813,0.6707302,0.1032508
1080,-1011.379,2.035194e-08,0.3159272,0.910205,0.7872163,0.7195904,0.07176642,0.4610813,0.6707302,0.1032508
1090,-1011.379,2.035194e-08,0.3159272,0.910205,0.7872163,0.7195904,0.07176642,0.4610813,0.6707302,0.1032508
1100,-1011.379,2.035194e-08,0.3159272,0.910205,0.7872163,0.7195904,0.07176642,0.4610813,0.6707302,0.1032508
1110,-1002.495,2.011589e-08,0.2979711,0.9015198,0.7468016,0.6603771,0.2073626,0.3975406,0.7542506,0.07036797
1120,-1002.495,2.011589e-08,0.2979711,0.9015198,0.7468016,0.6603771,0.2073626,0.3975406,0.7542506,0.07036797
1130,-1002.495,2.011589e-08,0.2979711,0.9015198,0.7468016,0.6603771,0.2073626,0.3975406,0.7542506,0.07036797
1140,-1002.495,2.011589e-08,0.2979711,0.9015198,0.7468016,0.6603771,0.2073626,0.3975406,0.7542506,0.07036797
1150,-1002.495,2.011589e-08,0.2979711,0.9015198,0.7468016,0.6603771,0.2073626,0.3975406,0.7542506,0.07036797
1160,-1002.495,2.011589e-08,0.2979711,0.9015198,0.7468016,0.6603771,0.2073626,0.3975406,0.7542506,0.07036797
1170,-1002.495,2.011589e-08,0.2979711,0.9015198,0.7468016,0.6603771,0.2073626,0.3975406,0.7542506,0.07036797
1180,-1002.495,2.011589e-08,0.2979711,0.9015198,0.7468016,0.6603771,0.2073626,0.3975406,0.7542506,0.07036797
1190,-1002.495,2.011589e-08,0.2979711,0.9015198,0.7468016,0.6603771,0.2073626,0.3975406,0.7542506,0.07036797
1200,-1002.495,2.011589e-08,0.2979711,0.9015198,0.7468016,0.6603771,0.2073626,0.3975406,0.7542506,0.07036797
1210,-1002.495,2.011589e-08,0.2979711,0.9015198,0.7468016,0.6603771,0.2073626,0.3975406,0.7542506,0.07036797
1220,-1002.495,2.011589e-08,0.2979711,0.9015198,0.7468016,0.6603771,0.2073626,0.3975406,0.7542506,0.07036797
1230,-1002.495,2.011589e-08,0.2979711,0.9015198,0.7468016,0.6603771,0.2073626,0.3975406,0.7542506,0.07036797
1240,-1002.495,2.011589e-08,0.2979711,0.9015198,0.7468016,0.6603771,0.2073626,0.3975406,0.7542506,0.07036797
1250,-1002.495,2.011589e-08,0.2979711,0.9015198,0.7468016,0.6603771,0.2073626,0.3975406,0.7542506,0.07036797
1260,-1002.495,2.011589e-08,0.2979711,0.9015198,0.7468016,0.6603771,0.2073626,0.3975406,0.7542506,0.07036797
1270,-1002.495,2.011589e-08,0.2979711,0.9015198,0.7468016,0.6603771,0.2073626,0.3975406,0.7542506,0.07036797
1280,-1002.495,2.011589e-08,0.2979711,0.9015198,0.7468016,0.6603771,0.2073626,0.3975406,0.7542506,0.07036797
1290,-1002.495,2.011589e-08,0.2979711,0.9015198,0.7468016,0.6603771,0.2073626,0.3975406,0.7542506,0.07036797
1300,-1002.495,2.011589e-08,0.2979711,0.9015198,0.7468016,0.6603771,0.2073626,0.3975406,0.7542506,0.07036797
1310,-1002.495,2.011589e-08,0.2979711,0.9015198,0.7468016,0.6603771,0.2073626,0.3975406,0.7542506,0.07036797
1320,-1002.495,2.011589e-08,0.2979711,0.9015198,0.7468016,0.6603771,0.2073626,0.3975406,0.7542506,0.07036797
1330,-1002.495,2.011589e-08,0.2979711,0.9015198,0.7468016,0.6603771,0.2073626,0.3975406,0.7542506,0.07036797
1340,-1002.495,2.011589e-08,0.2979711,0.9015198,0.7468016,0.6603771,0.2073626,0.3975406,0.7542506,0.07036797
1350,-1002.495,2.011589e-08,0.2979711,0.9015198,0.7468016,0.6603771,0.2073626,0.3975406,0.7542506,0.07036797
1360,-1002.495,2.011589e-08,0.2979711,0.9015198,0.7468016,0.6603771,0.2073626,0.3975406,0.7542506,0.07036797
1370,-1002.495,2.011589e-08,0.2979711,0.9015198,0.7468016,0.6603771,0.2073626,0.3975406,0.7542506,0.07036797
1380,-1002.495,2.011589e-08,0.2979711,0.9015198,0.7468016,0.6603771,0.2073626,0.3975406,0.7542506,0.07036797
1390,-1002.495,2.011589e-08,0.2979711,0.9015198,0.7468016,0.6603771,0.2073626,0.3975406,0.7542506,0.07036797
1400,-1002.495,2.011589e-08,0.2979711,0.9015198,0.7468016,0.6603771,0.2073626,0.3975406,0.7542506,0.07036797
1410,-1002.495,2.011589e-08,0.2979711,0.9015198,0.7468016,0.6603771,0.2073626,0.3975406,0.7542506,0.07036797
1420,-1002.495,2.011589e-08,0.2979711,0.9015198,0.7468016,0.6603771,0.2073626,0.3975406,0.7542506,0.07036797
1430,-1002.495,2.011589e-08,0.2979711,0.9015198,0.7468016,0.6603771,0.2073626,0.3975406,0.7542506,0.07036797
1440,-1002.495,2.011589e-08,0.2979711,0.9015198,0.7468016,0.6603771,0.2073626,0.3975406,0.7542506,0.07036797
1450,-1002.495,2.011589e-08,0.2979711,0.9015198,0.7468016,0.6603771,0.2073626,0.3975406,0.7542506,0.07036797
1460,-1002.495,2.011589e-08,0.2979711,0.9015198,0.7468016,0.6603771,0.2073626,0.3975406,0.7542506,0.07036797
1470,-1002.495,2.011589e-08,0.2979711,0.9015198,0.7468016,0.6603771,0.2073626,0.3975406,0.7542506,0.07036797
1480,-1002.495,2.011589e-08,0.2979711,0.9015198,0.7468016,0.6603771,0.2073626,0.3975406,0.7542506,0.07036797
1490,-1002.495,2.011589e-08,0.2979711,0.9015198,0.7468016,0.6603771,0.2073626,0.3975406,0.7542506,0.07036797
1500,-1002.495,2.011589e-08,0.2979711,0.9015198,0.7468016,0.6603771,0.2073626,0.3975406,0.7542506,0.07036797
1510,-1002.495,2.011589e-08,0.2979711,0.9015198,0.7468016,0.6603771,0.2073626,0.3975406,0.7542506,0.07036797
1520,-1002.495,2.011589e-08,0.2979711,0.9015198,0.7468016,0.6603771,0.2073626,0.3975406,0.7542506,0.07036797
1530,-1002.495,2.011589e-08,0.2979711,0.9015198,0.7468016,0.6603771,0.2073626,0.3975406,0.7542506,0.07036797
1540,-1002.495,2.011589e-08,0.2979711,0.9015198,0.7468016,0.6603771,0.2073626,0.3975406,0.7542506,0.07036797
1550,-991.506,1.861903e-08,0.2254004,0.8589087,0.8098087,0.6569157,0.2582747,0.2854328,0.8363917,0.0817005
1560,-991.506,1.861903e-08,0.2254004,0.8589087,0.8098087,0.6569157,0.2582747,0.2854328,0.8363917,0.0817005
1570,-991.506,1.861903e-08,0.2254004,0.8589087,0.8098087,0.6569157,0.2582747,0.2854328,0.8363917,0.0817005
1580,-991.506,1.861903e-08,0.2254004,0.8589087,0.8098087,0.6569157,0.2582747,0.2854328,0.8363917,0.0817005
1590,-991.506,1.861903e-08,0.2254004,0.8589087,0.8098087,0.6569157,0.2582747,0.2854328,0.8363917,0.0817005
1600,-991.506,1.861903e-08,0.2254004,0.8589087,0.8098087,0.6569157,0.2582747,0.2854328,0.8363917,0.0817005
1610,-991.506,1.861903e-08,0.2254004,0.8589087,0.8098087,0.6569157,0.2582747,0.2854328,0.8363917,0.0817005
1620,-991.506,1.861903e-08,0.2254004,0.8589087,0.8098087,0.6569157,0.2582747,0.2854328,0.8363917,0.0817005
1630,-991.506,1.861903e-08,0.2254004,0.8589087,0.8098087,0.6569157,0.2582747,0.2854328,0.8363917,0.0817005
1640,-991.506,1.861903e-08,0.2254004,0.8589087,0.8098087,0.6569157,0.2582747,0.2854328,0.8363917,0.0817005
1650,-991.506,1.861903e-08,0.2254004,0.8589087,0.8098087,0.6569157,0.2582747,0.2854328,0.8363917,0.0817005
1660,-991.506,1.861903e-08,0.2254004,0.8589087,0.8098087,0.6569157,0.2582747,0.2854328,0.8363917,0.0817005
1670,-991.506,1.861903e-08,0.2254004,0.8589087,0.8098087,0.6569157,0.2582747,0.2854328,0.8363917,0.0817005
1680,-991.506,1.861903e-08,0.2254004,0.8589087,0.8098087,0.6569157,0.2582747,0.2854328,0.8363917,0.0817005
1690,-991.506,1.861903e-08,0.2254004,0.8589087,0.8098087,0.6569157,0.2582747,0.2854328,0.8363917,0.0817005
1700,-991.506,1.861903e-08,0.2254004,0.8589087,0.8098087,0.6569157,0.2582747,0.2854328,0.8363917,0.0817005
1710,-991.506,1.861903e-08,0.2254004,0.8589087,0.8098087,0.6569157,0.2582747,0.2854328,0.8363917,0.0817005
1720,-991.506,1.861903e-08,0.2254004,0.8589087,0.8098087,0.6569157,0.2582747,0.2854328,0.8363917,0.0817005
1730,-991.506,1.861903e-08,0.2254004,0.8589087,0.8098087,0.6569157,0.2582747,0.2854328,0.8363917,0.0817005
1740,-991.506,1.861903e-08,0.2254004,0.8589087,0.8098087,0.6569157,0.2582747,0.2854328,0.8363917,0.0817005
1750,-991.506,1.861903e-08,0.2254004,0.8589087,0.8098087,0.6569157,0.2582747,0.2854328,0.8363917,0.0817005
1760,-991.506,1.861903e-08,0.2254004,0.8589087,0.8098087,0.6569157,0.2582747,0.2854328,0.8363917,0.0817005
1770,-991.506,1.861903e-08,0.2254004,0.8589087,0.8098087,0.6569157,0.2582747,0.2854328,0.8363917,0.0817005
1780,-991.506,1.861903e-08,0.2254004,0.8589087,0.8098087,0.6569157,0.2582747,0.2854328,0.8363917,0.0817005
1790,-991.506,1.861903e-08,0.2254004,0.8589087,0.8098087,0.6569157,0.2582747,0.2854328,0.8363917,0.0817005
1800,-991.506,1.861903e-08,0.2254004,0.8589087,0.8098087,0.6569157,0.2582747,0.2854328,0.8363917,0.0817005
1810,-991.506,1.861903e-08,0.2254004,0.8589087,0.8098087,0.6569157,0.2582747,0.2854328,0.8363917,0.0817005
1820,-991.506,1.861903e-08,0.2254004,0.8589087,0.8098087,0.6569157,0.2582747,0.2854328,0.8363917,0.0817005
1830,-991.506,1.861903e-08,0.2254004,0.8589087,0.8098087,0.6569157,0.2582747,0.2854328,0.8363917,0.0817005
1840,-991.506,1.861903e-08,0.2254004,0.8589087,0.8098087,0.6569157,0.2582747,0.2854328,0.8363917,0.0817005
1850,-991.506,1.861903e-08,0.2254004,0.8589087,0.8098087,0.6569157,0.2582747,0.2854328,0.8363917,0.0817005
1860,-991.506,1.861903e-08,0.2254004,0.8589087,0.8098087,0.6569157,0.2582747,0.2854328,0.8363917,0.0817005
1870,-991.506,1.861903e-08,0.2254004,0.8589087,0.8098087,0.6569157,0.2582747,0.2854328,0.8363917,0.0817005
1880,-991.506,1.861903e-08,0.2254004,0.8589087,0.8098087,0.6569157,0.2582747,0.2854328,0.8363917,0.0817005
1890,-991.506,1.861903e-08,0.2254004,0.8589087,0.8098087,0.6569157,0.2582747,0.2854328,0.8363917,0.0817005
1900,-991.506,1.861903e-08,0.2254004,0.8589087,0.8098087,0.6569157,0.2582747,0.2854328,0.8363917,0.0817005
1910,-991.506,1.861903e-08,0.2254004,0.8589087,0.8098087,0.6569157,0.2582747,0.2854328,0.8363917,0.0817005
1920,-991.506,1.861903e-08,0.2254004,0.8589087,0.8098087,0.6569157,0.2582747,0.2854328,0.8363917,0.0817005
1930,-991.506,1.861903e-08,0.2254004,0.8589087,0.8098087,0.6569157,0.2582747,0.2854328,0.8363917,0.0817005
1940,-991.506,1.861903e-08,0.2254004,0.8589087,0.8098087,0.6569157,0.2582747,0.2854328,0.8363917,0.0817005
1950,-991.506,1.861903e-08,0.2254004,0.8589087,0.8098087,0.6569157,0.2582747,0.2854328,0.8363917,0.0817005
1960,-991.506,1.861903e-08,0.2254004,0.8589087,0.8098087,0.6569157,0.2582747,0.2854328,0.8363917,0.0817005
1970,-991.506,1.861903e-08,0.2254004,0.8589087,0.8098087,0.6569157,0.2582747,0.2854328,0.8363917,0.0817005
1980,-991.506,1.861903e-08,0.2254004,0.8589087,0.8098087,0.6569157,0.2582747,0.2854328,0.8363917,0.0817005
1990,-991.506,1.861903e-08,0.2254004,0.8589087,0.8098087,0.6569157,0.2582747,0.2854328,0.8363917,0.0817005
2000,-991.506,1.861903e-08,0.2254004,0.8589087,0.8098087,0.6569157,0.2582747,0.2854328,0.8363917,0.0817005
2010,-991.506,1.861903e-08,0.2254004,0.8589087,0.8098087,0.6569157,0.2582747,0.2854328,0.8363917,0.0817005
2020,-991.506,1.861903e-08,0.2254004,0.8589087,0.8098087,0.6569157,0.2582747,0.2854328,0.8363917,0.0817005
2030,-991.506,1.861903e-08,0.2254004,0.8589087,0.8098087,0.6569157,0.2582747,0.2854328,0.8363917,0.0817005
2040,-991.506,1.861903e-08,0.2254004,0.8589087,0.8098087,0.6569157,0.2582747,0.2854328,0.8363917,0.0817005
2050,-991.506,1.861903e-08,0.2254004,0.8589087,0.8098087,0.6569157,0.2582747,0.2854328,0.8363917,0.0817005
2060,-991.506,1.861903e-08,0.2254004,0.8589087,0.8098087,0.6569157,0.2582747,0.2854328,0.8363917,0.0817005
2070,-991.506,1.861903e-08,0.2254004,0.8589087,0.8098087,0.6569157,0.2582747,0.2854328,0.8363917,0.0817005
2080,-991.506,1.861903e-08,0.2254004,0.8589087,0.8098087,0.6569157,0.2582747,0.2854328,0.8363917,0.0817005
2090,-991.506,1.861903e-08,0.2254004,0.8589087,0.8098087,0.6569157,0.2582747,0.2854328,0.8363917,0.0817005
2100,-991.506,1.861903e-08,0.2254004,0.8589087,0.8098087,0.6569157,0.2582747,0.2854328,0.8363917,0.0817005
2110,-991.506,1.861903e-08,0.2254004,0.8589087,0.8098087,0.6569157,0.2582747,0.2854328,0.8363917,0.0817005
2120,-991.506,1.861903e-08,0.2254004,0.8589087,0.8098087,0.6569157,0.2582747,0.2854328,0.8363917,0.0817005
2130,-991.506,1.861903e-08,0.2254004,0.8589087,0.8098087,0.6569157,0.2582747,0.2854328,0.8363917,0.0817005
2140,-991.506,1.861903e-08,0.2254004,0.8589087,0.8098087,0.6569157,0.2582747,0.2854328,0.8363917,0.0817005
2150,-991.506,1.861903e-08,0.2254004,0.8589087,0.8098087,0.6569157,0.2582747,0.2854328,0.8363917,0.0817005
2160,-991.506,1.861903e-08,0.2254004,0.8589087,0.8098087,0.6569157,0.2582747,0.2854328,0.8363917,0.0817005
2170,-991.506,1.861903e-08,0.2254004,0.8589087,0.8098087,0.6569157,0.2582747,0.2854328,0.8363917,0.0817005
2180,-991.506,1.861903e-08,0.2254004,0.8589087,0.8098087,0.6569157,0.2582747,0.2854328,0.8363917,0.0817005
2190,-991.506,1.861903e-08,0.2254004,0.8589087,0.8098087,0.6569157,0.2582747,0.2854328,0.8363917,0.0817005
2200,-991.506,1.861903e-08,0.2254004,0.8589087,0.8098087,0.6569157,0.2582747,0.2854328,0.8363917,0.0817005
2210,-991.506,1.861903e-08,0.2254004,0.8589087,0.8098087,0.6569157,0.2582747,0.2854328,0.8363917,0.0817005
2220,-991.506,1.861903e-08,0.2254004,0.8589087,0.8098087,0.6569157,0.2582747,0.2854328,0.8363917,0.0817005
2230,-991.506,1.861903e-08,0.2254004,0.8589087,0.8098087,0.6569157,0.2582747,0.2854328,0.8363917,0.0817005
2240,-991.506,1.861903e-08,0.2254004,0.8589087,0.8098087,0.6569157,0.2582747,0.2854328,0.8363917,0.0817005
2250,-991.506,1.861903e-08,0.2254004,0.8589087,0.8098087,0.6569157,0.2582747,0.2854328,0.8363917,0.0817005
2260,-991.506,1.861903e-08,0.2254004,0.8589087,0.8098087,0.6569157,0.2582747,0.2854328,0.8363917,0.0817005
2270,-991.506,1.861903e-08,0.2254004,0.8589087,0.8098087,0.6569157,0.2582747,0.2854328,0.8363917,0.0817005
2280,-991.506,1.861903e-08,0.2254004,0.8589087,0.8098087,0.6569157,0.2582747,0.2854328,0.8363917,0.0817005
2290,-991.506,1.861903e-08,0.2254004,0.8589087,0.8098087,0.6569157,0.2582747,0.2854328,0.8363917,0.0817005
2300,-991.506,1.861903e-08,0.2254004,0.8589087,0.8098087,0.6569157,0.2582747,0.2854328,0.8363917,0.0817005
2310,-991.506,1.861903e-08,0.2254004,0.8589087,0.8098087,0.6569157,0.2582747,0.2854328,0.8363917,0.0817005
2320,-991.506,1.861903e-08,0.2254004,0.8589087,0.8098087,0.6569157,0.2582747,0.2854328,0.8363917,0.0817005
2330,-991.506,1.861903e-08,0.2254004,0.8589087,0.8098087,0.6569157,0.2582747,0.2854328,0.8363917,0.0817005
2340,-991.506,1.861903e-08,0.2254004,0.8589087,0.8098087,0.6569157,0.2582747,0.2854328,0.8363917,0.0817005
2350,-991.506,1.861903e-08,0.2254004,0.8589087,0.8098087,0.6569157,0.2582747,0.2854328,0.8363917,0.0817005
2360,-991.506,1.861903e-08,0.2254004,0.8589087,0.8098087,0.6569157,0.2582747,0.2854328,0.8363917,0.0817005
2370,-991.506,1.861903e-08,0.2254004,0.8589087,0.8098087,0.6569157,0.2582747,0.2854328,0.8363917,0.0817005
2380,-991.506,1.861903e-08,0.2254004,0.8589087,0.8098087,0.6569157,0.2582747,0.2854328,0.8363917,0.0817005
2390,-991.506,1.861903e-08,0.2254004,0.8589087,0.8098087,0.6569157,0.2582747,0.2854328,0.8363917,0.0817005
2400,-991.506,1.861903e-08,0.2254004,0.8589087,0.8098087,0.6569157,0.2582747,0.2854328,0.8363917,0.0817005
2410,-991.506,1.861903e-08,0.2254004,0.8589087,0.8098087,0.6569157,0.2582747,0.2854328,0.8363917,0.0817005
2420,-991.506,1.861903e-08,0.2254004,0.8589087,0.8098087,0.6569157,0.2582747,0.2854328,0.8363917,0.0817005
2430,-991.506,1.861903e-08,0.2254004,0.8589087,0.8098087,0.6569157,0.2582747,0.2854328,0.8363917,0.0817005
2440,-991.506,1.861903e-08,0.2254004,0.8589087,0.8098087,0.6569157,0.2582747,0.2854328,0.8363917,0.0817005
2450,-991.506,1.861903e-08,0.2254004,0.8589087,0.8098087,0.6569157,0.2582747,0.2854328,0.8363917,0.0817005
2460,-991.506,1.861903e-08,0.2254004,0.8589087,0.8098087,0.6569157,0.2582747,0.2854328,0.8363917,0.0817005
2470,-991.506,1.861903e-08,0.2254004,0.8589087,0.8098087,0.6569157,0.2582747,0.2854328,0.8363917,0.0817005
2480,-991.506,1.861903e-08,0.2254004,0.8589087,0.8098087,0.6569157,0.2582747,0.2854328,0.8363917,0.0817005
2490,-991.506,1.861903e-08,0.2254004,0.8589087,0.8098087,0.6569157,0.2582747,0.2854328,0.8363917,0.0817005
2500,-991.506,1.861903e-08,0.2254004,0.8589087,0.8098087,0.6569157,0.2582747,0.2854328,0.8363917,0.0817005
2510,-991.506,1.861903e-08,0.2254004,0.8589087,0.8098087,0.6569157,0.2582747,0.2854328,0.8363917,0.0817005
2520,-990.8024,1.939355e-08,0.2637315,0.821762,0.7916574,0.6415576,0.2523112,0.2978762,0.8264727,0.06181668
2530,-979.5279,1.927585e-08,0.2809257,0.8445932,0.7649074,0.6213757,0.2720184,0.2858988,0.7853204,0.05313181
2540,-979.5279,1.927585e-08,0.2809257,0.8445932,0.7649074,0.6213757,0.2720184,0.2858988,0.7853204,0.05313181
2550,-979.5279,1.927585e-08,0.2809257,0.8445932,0.7649074,0.6213757,0.2720184,0.2858988,0.7853204,0.05313181
2560,-979.5279,1.927585e-08,0.2809257,0.8445932,0.7649074,0.6213757,0.2720184,0.2858988,0.7853204,0.05313181
2570,-979.5279,1.927585e-08,0.2809257,0.8445932,0.7649074,0.6213757,0.2720184,0.2858988,0.7853204,0.05313181
2580,-979.5279,1.927585e-08,0.2809257,0.8445932,0.7649074,0.6213757,0.2720184,0.2858988,0.7853204,0.05313181
2590,-979.5279,1.927585e-08,0.2809257,0.8445932,0.7649074,0.6213757,0.2720184,0.2858988,0.7853204,0.05313181
2600,-979.5279,1.927585e-08,0.2809257,0.8445932,0.7649074,0.6213757,0.2720184,0.2858988,0.7853204,0.05313181
2610,-979.5279,1.927585e-08,0.2809257,0.8445932,0.7649074,0.6213757,0.2720184,0.2858988,0.7853204,0.05313181
2620,-979.5279,1.927585e-08,0.2809257,0.8445932,0.7649074,0.6213757,0.2720184,0.2858988,0.7853204,0.05313181
2630,-979.2177,1.961673e-08,0.2866922,0.8921737,0.7909537,0.5702238,0.3185293,0.3188482,0.7769761,0.03432987
2640,-979.2177,1.961673e-08,0.2866922,0.8921737,0.7909537,0.5702238,0.3185293,0.3188482,0.7769761,0.03432987
2650,-979.2177,1.961673e-08,0.2866922,0.8921737,0.7909537,0.5702238,0.3185293,0.3188482,0.7769761,0.03432987
2660,-979.2177,1.961673e-08,0.2866922,0.8921737,0.7909537,0.5702238,0.3185293,0.3188482,0.7769761,0.03432987
2670,-979.2177,1.961673e-08,0.2866922,0.8921737,0.7909537,0.5702238,0.3185293,0.3188482,0.7769761,0.03432987
2680,-979.2177,1.961673e-08,0.2866922,0.8921737,0.7909537,0.5702238,0.3185293,0.3188482,0.7769761,0.03432987
2690,-979.2177,1.961673e-08,0.2866922,0.8921737,0.7909537,0.5702238,0.3185293,0.3188482,0.7769761,0.03432987
2700,-979.2177,1.961673e-08,0.2866922,0.8921737,0.7909537,0.5702238,0.3185293,0.3188482,0.7769761,0.03432987
2710,-979.2177,1.961673e-08,0.2866922,0.8921737,0.7909537,0.5702238,0.3185293,0.3188482,0.7769761,0.03432987
2720,-979.2177,1.961673e-08,0.2866922,0.8921737,0.7909537,0.5702238,0.3185293,0.3188482,0.7769761,0.03432987
2730,-979.2177,1.961673e-08,0.2866922,0.8921737,0.7909537,0.5702238,0.3185293,0.3188482,0.7769761,0.03432987
2740,-979.2177,1.961673e-08,0.2866922,0.8921737,0.7909537,0.5702238,0.3185293,0.3188482,0.7769761,0.03432987
2750,-979.2177,1.961673e-08,0.2866922,0.8921737,0.7909537,0.5702238,0.3185293,0.3188482,0.7769761,0.03432987
2760,-979.2177,1.961673e-08,0.2866922,0.8921737,0.7909537,0.5702238,0.3185293,0.3188482,0.7769761,0.03432987
2770,-979.2177,1.961673e-08,0.2866922,0.8921737,0.7909537,0.5702238,0.3185293,0.3188482,0.7769761,0.03432987
2780,-979.2177,1.961673e-08,0.2866922,0.8921737,0.7909537,0.5702238,0.3185293,0.3188482,0.7769761,0.03432987
2790,-979.2177,1.961673e-08,0.2866922,0.8921737,0.7909537,0.5702238,0.3185293,0.3188482,0.7769761,0.03432987
2800,-979.2177,1.961673e-08,0.2866922,0.8921737,0.7909537,0.5702238,0.3185293,0.3188482,0.7769761,0.03432987
2810,-979.2177,1.961673e-08,0.2866922,0.8921737,0.7909537,0.5702238,0.3185293,0.3188482,0.7769761,0.03432987
2820,-979.2177,1.961673e-08,0.2866922,0.8921737,0.7909537,0.5702238,0.3185293,0.3188482,0.7769761,0.03432987
2830,-968.0602,1.973267e-08,0.3245408,0.8797865,0.7873572,0.5988299,0.3296492,0.3025878,0.7621096,0.01382496
2840,-968.0602,1.973267e-08,0.3245408,0.8797865,0.7873572,0.5988299,0.3296492,0.3025878,0.7621096,0.01382496
2850,-968.0602,1.973267e-08,0.3245408,0.8797865,0.7873572,0.5988299,0.3296492,0.3025878,0.7621096,0.01382496
2860,-968.0602,1.973267e-08,0.3245408,0.8797865,0.7873572,0.5988299,0.3296492,0.3025878,0.7621096,0.01382496
2870,-968.0602,1.973267e-08,0.3245408,0.8797865,0.7873572,0.5988299,0.3296492,0.3025878,0.7621096,0.01382496
2880,-968.0602,1.973267e-08,0.3245408,0.8797865,0.7873572,0.5988299,0.3296492,0.3025878,0.7621096,0.01382496
2890,-968.0602,1.973267e-08,0.3245408,0.8797865,0.7873572,0.5988299,0.3296492,0.3025878,0.7621096,0.01382496
2900,-968.0602,1.973267e-08,0.3245408,0.8797865,0.7873572,0.5988299,0.3296492,0.3025878,0.7621096,0.01382496
2910,-968.0602,1.973267e-08,0.3245408,0.8797865,0.7873572,0.5988299,0.3296492,0.3025878,0.7621096,0.01382496
2920,-968.0602,1.973267e-08,0.3245408,0.8797865,0.7873572,0.5988299,0.3296492,0.3025878,0.7621096,0.01382496
2930,-968.0602,1.973267e-08,0.3245408,0.8797865,0.7873572,0.5988299,0.3296492,0.3025878,0.7621096,0.01382496
2940,-968.0602,1.973267e-08,0.3245408,0.8797865,0.7873572,0.5988299,0.3296492,0.3025878,0.7621096,0.01382496
2950,-968.0602,1.973267e-08,0.3245408,0.8797865,0.7873572,0.5988299,0.3296492,0.3025878,0.7621096,0.01382496
2960,-968.0602,1.973267e-08,0.3245408,0.8797865,0.7873572,0.5988299,0.3296492,0.3025878,0.7621096,0.01382496
2970,-968.0602,1.973267e-08,0.3245408,0.8797865,0.7873572,0.5988299,0.3296492,0.3025878,0.7621096,0.01382496
2980,-968.0602,1.973267e-08,0.3245408,0.8797865,0.7873572,0.5988299,0.3296492,0.3025878,0.7621096,0.01382496
2990,-968.0602,1.973267e-08,0.3245408,0.8797865,0.7873572,0.5988299,0.3296492,0.3025878,0.7621096,0.01382496
3000,-968.0602,1.973267e-08,0.3245408,0.8797865,0.7873572,0.5988299,0.3296492,0.3025878,0.7621096,0.01382496
3010,-968.0602,1.973267e-08,0.3245408,0.8797865,0.7873572,0.5988299,0.3296492,0.3025878,0.7621096,0.01382496
3020,-968.0602,1.973267e-08,0.3245408,0.8797865,0.7873572,0.5988299,0.3296492,0.3025878,0.7621096,0.01382496
3030,-968.0602,1.973267e-08,0.3245408,0.8797865,0.7873572,0.5988299,0.3296492,0.3025878,0.7621096,0.01382496
3040,-968.0602,1.973267e-08,0.3245408,0.8797865,0.7873572,0.5988299,0.3296492,0.3025878,0.7621096,0.01382496
3050,-968.0602,1.973267e-08,0.3245408,0.8797865,0.7873572,0.5988299,0.3296492,0.3025878,0.7621096,0.01382496
3060,-968.0602,1.973267e-08,0.3245408,0.8797865,0.7873572,0.5988299,0.3296492,0.3025878,0.7621096,0.01382496
3070,-968.0602,1.973267e-08,0.3245408,0.8797865,0.7873572,0.5988299,0.3296492,0.3025878,0.7621096,0.01382496
3080,-968.0602,1.973267e-08,0.3245408,0.8797865,0.7873572,0.5988299,0.3296492,0.3025878,0.7621096,0.01382496
3090,-968.0602,1.973267e-08,0.3245408,0.8797865,0.7873572,0.5988299,0.3296492,0.3025878,0.7621096,0.01382496
3100,-968.0602,1.973267e-08,0.3245408,0.8797865,0.7873572,0.5988299,0.3296492,0.3025878,0.7621096,0.01382496
3110,-968.0602,1.973267e-08,0.3245408,0.8797865,0.7873572,0.5988299,0.3296492,0.3025878,0.7621096,0.01382496
3120,-968.0602,1.973267e-08,0.3245408,0.8797865,0.7873572,0.5988299,0.3296492,0.3025878,0.7621096,0.01382496
3130,-968.0602,1.973267e-08,0.3245408,0.8797865,0.7873572,0.5988299,0.3296492,0.3025878,0.7621096,0.01382496
3140,-968.0602,1.973267e-08,0.3245408,0.8797865,0.7873572,0.5988299,0.3296492,0.3025878,0.7621096,0.01382496
3150,-968.0602,1.973267e-08,0.3245408,0.8797865,0.7873572,0.5988299,0.3296492,0.3025878,0.7621096,0.01382496
3160,-968.0602,1.973267e-08,0.3245408,0.8797865,0.7873572,0.5988299,0.3296492,0.3025878,0.7621096,0.01382496
3170,-968.0602,1.973267e-08,0.3245408,0.8797865,0.7873572,0.5988299,0.3296492,0.3025878,0.7621096,0.01382496
3180,-968.0602,1.973267e-08,0.3245408,0.8797865,0.7873572,0.5988299,0.3296492,0.3025878,0.7621096,0.01382496
3190,-968.0602,1.973267e-08,0.3245408,0.8797865,0.7873572,0.5988299,0.3296492,0.3025878,0.7621096,0.01382496
3200,-968.0602,1.973267e-08,0.3245408,0.8797865,0.7873572,0.5988299,0.3296492,0.3025878,0.7621096,0.01382496
3210,-968.0602,1.973267e-08,0.3245408,0.8797865,0.7873572,0.5988299,0.3296492,0.3025878,0.7621096,0.01382496
3220,-968.0602,1.973267e-08,0.3245408,0.8797865,0.7873572,0.5988299,0.3296492,0.3025878,0.7621096,0.01382496
3230,-968.0602,1.973267e-08,0.3245408,0.8797865,0.7873572,0.5988299,0.3296492,0.3025878,0.7621096,0.01382496
3240,-968.0602,1.973267e-08,0.3245408,0.8797865,0.7873572,0.5988299,0.3296492,0.3025878,0.7621096,0.01382496
3250,-968.0602,1.973267e-08,0.3245408,0.8797865,0.7873572,0.5988299,0.3296492,0.3025878,0.7621096,0.01382496
3260,-968.0602,1.973267e-08,0.3245408,0.8797865,0.7873572,0.5988299,0.3296492,0.3025878,0.7621096,0.01382496
3270,-968.0602,1.973267e-08,0.3245408,0.8797865,0.7873572,0.5988299,0.3296492,0.3025878,0.7621096,0.01382496
3280,-968.0602,1.973267e-08,0.3245408,0.8797865,0.7873572,0.5988299,0.3296492,0.3025878,0.7621096,0.01382496
3290,-968.0602,1.973267e-08,0.3245408,0.8797865,0.7873572,0.5988299,0.3296492,0.3025878,0.7621096,0.01382496
3300,-968.0602,1.973267e-08,0.3245408,0.8797865,0.7873572,0.5988299,0.3296492,0.3025878,0.7621096,0.01382496
3310,-968.0602,1.973267e-08,0.3245408,0.8797865,0.7873572,0.5988299,0.3296492,0.3025878,0.7621096,0.01382496
3320,-968.0602,1.973267e-08,0.3245408,0.8797865,0.7873572,0.5988299,0.3296492,0.3025878,0.7621096,0.01382496
3330,-968.0602,1.973267e-08,0.3245408,0.8797865,0.7873572,0.5988299,0.3296492,0.3025878,0.7621096,0.01382496
3340,-968.0602,1.973267e-08,0.3245408,0.8797865,0.7873572,0.5988299,0.3296492,0.3025878,0.7621096,0.01382496
3350,-968.0602,1.973267e-08,0.3245408,0.8797865,0.7873572,0.5988299,0.3296492,0.3025878,0.7621096,0.01382496
3360,-968.0602,1.973267e-08,0.3245408,0.8797865,0.7873572,0.5988299,0.3296492,0.3025878,0.7621096,0.01382496
3370,-968.0602,1.973267e-08,0.3245408,0.8797865,0.7873572,0.5988299,0.3296492,0.3025878,0.7621096,0.01382496
3380,-968.0602,1.973267e-08,0.3245408,0.8797865,0.7873572,0.5988299,0.3296492,0.3025878,0.7621096,0.01382496
3390,-968.0602,1.973267e-08,0.3245408,0.8797865,0.7873572,0.5988299,0.3296492,0.3025878,0.7621096,0.01382496
3400,-968.0602,1.973267e-08,0.3245408,0.8797865,0.7873572,0.5988299,0.3296492,0.3025878,0.7621096,0.01382496
3410,-968.0602,1.973267e-08,0.3245408,0.8797865,0.7873572,0.5988299,0.3296492,0.3025878,0.7621096,0.01382496
3420,-968.0602,1.973267e-08,0.3245408,0.8797865,0.7873572,0.5988299,0.3296492,0.3025878,0.7621096,0.01382496
3430,-968.0602,1.973267e-08,0.3245408,0.8797865,0.7873572,0.5988299,0.3296492,0.3025878,0.7621096,0.01382496
3440,-968.0602,1.973267e-08,0.3245408,0.8797865,0.7873572,0.5988299,0.3296492,0.3025878,0.7621096,0.01382496
3450,-968.0602,1.973267e-08,0.3245408,0.8797865,0.7873572,0.5988299,0.3296492,0.3025878,0.7621096,0.01382496
3460,-968.0602,1.973267e-08,0.3245408,0.8797865,0.7873572,0.5988299,0.3296492,0.3025878,0.7621096,0.01382496
3470,-968.0602,1.973267e-08,0.3245408,0.8797865,0.7873572,0.5988299,0.3296492,0.3025878,0.7621096,0.01382496
3480,-968.0602,1.973267e-08,0.3245408,0.8797865,0.7873572,0.5988299,0.3296492,0.3025878,0.7621096,0.01382496
3490,-968.0602,1.973267e-08,0.3245408,0.8797865,0.7873572,0.5988299,0.3296492,0.3025878,0.7621096,0.01382496
3500,-968.0602,1.973267e-08,0.3245408,0.8797865,0.7873572,0.5988299,0.3296492,0.3025878,0.7621096,0.01382496
3510,-968.0602,1.973267e-08,0.3245408,0.8797865,0.7873572,0.5988299,0.3296492,0.3025878,0.7621096,0.01382496
3520,-968.0602,1.973267e-08,0.3245408,0.8797865,0.7873572,0.5988299,0.3296492,0.3025878,0.7621096,0.01382496
3530,-968.0602,1.973267e-08,0.3245408,0.8797865,0.7873572,0.5988299,0.3296492,0.3025878,0.7621096,0.01382496
3540,-968.0602,1.973267e-08,0.3245408,0.8797865,0.7873572,0.5988299,0.3296492,0.3025878,0.7621096,0.01382496
3550,-968.0602,1.973267e-08,0.3245408,0.8797865,0.7873572,0.5988299,0.3296492,0.3025878,0.7621096,0.01382496
3560,-968.0602,1.973267e-08,0.3245408,0.8797865,0.7873572,0.5988299,0.3296492,0.3025878,0.7621096,0.01382496
3570,-968.0602,1.973267e-08,0.3245408,0.8797865,0.7873572,0.5988299,0.3296492,0.3025878,0.7621096,0.01382496
3580,-968.0602,1.973267e-08,0.3245408,0.8797865,0.7873572,0.5988299,0.3296492,0.3025878,0.7621096,0.01382496
3590,-968.0602,1.973267e-08,0.3245408,0.8797865,0.7873572,0.5988299,0.3296492,0.3025878,0.7621096,0.01382496
3600,-968.0602,1.973267e-08,0.3245408,0.8797865,0.7873572,0.5988299,0.3296492,0.3025878,0.7621096,0.01382496
3610,-968.0602,1.973267e-08,0.3245408,0.8797865,0.7873572,0.5988299,0.3296492,0.3025878,0.7621096,0.01382496
3620,-968.0602,1.973267e-08,0.3245408,0.8797865,0.7873572,0.5988299,0.3296492,0.3025878,0.7621096,0.01382496
3630,-968.0602,1.973267e-08,0.3245408,0.8797865,0.7873572,0.5988299,0.3296492,0.3025878,0.7621096,0.01382496
3640,-968.0602,1.973267e-08,0.3245408,0.8797865,0.7873572,0.5988299,0.3296492,0.3025878,0.7621096,0.01382496
3650,-968.0602,1.973267e-08,0.3245408,0.8797865,0.7873572,0.5988299,0.3296492,0.3025878,0.7621096,0.01382496
3660,-968.1317,1.982412e-08,0.3177599,0.8369454,0.7354135,0.6255662,0.3405025,0.3229343,0.7194571,0.007044241
3670,-968.1317,1.982412e-08,0.3177599,0.8369454,0.7354135,0.6255662,0.3405025,0.3229343,0.7194571,0.007044241
3680,-968.1317,1.982412e-08,0.3177599,0.8369454,0.7354135,0.6255662,0.3405025,0.3229343,0.7194571,0.007044241
3690,-968.1317,1.982412e-08,0.3177599,0.8369454,0.7354135,0.6255662,0.3405025,0.3229343,0.7194571,0.007044241
3700,-962.3431,1.920836e-08,0.2882468,0.8400691,0.7427532,0.5923366,0.3340787,0.2873471,0.7205041,0.01578171
3710,-962.3431,1.920836e-08,0.2882468,0.8400691,0.7427532,0.5923366,0.3340787,0.2873471,0.7205041,0.01578171
3720,-962.3431,1.920836e-08,0.2882468,0.8400691,0.7427532,0.5923366,0.3340787,0.2873471,0.7205041,0.01578171
3730,-962.3431,1.920836e-08,0.2882468,0.8400691,0.7427532,0.5923366,0.3340787,0.2873471,0.7205041,0.01578171
3740,-962.3431,1.920836e-08,0.2882468,0.8400691,0.7427532,0.5923366,0.3340787,0.2873471,0.7205041,0.01578171
3750,-962.3431,1.920836e-08,0.2882468,0.8400691,0.7427532,0.5923366,0.3340787,0.2873471,0.7205041,0.01578171
3760,-962.3431,1.920836e-08,0.2882468,0.8400691,0.7427532,0.5923366,0.3340787,0.2873471,0.7205041,0.01578171
3770,-962.3431,1.920836e-08,0.2882468,0.8400691,0.7427532,0.5923366,0.3340787,0.2873471,0.7205041,0.01578171
3780,-962.3431,1.920836e-08,0.2882468,0.8400691,0.7427532,0.5923366,0.3340787,0.2873471,0.7205041,0.01578171
3790,-962.3431,1.920836e-08,0.2882468,0.8400691,0.7427532,0.5923366,0.3340787,0.2873471,0.7205041,0.01578171
3800,-962.3431,1.920836e-08,0.2882468,0.8400691,0.7427532,0.5923366,0.3340787,0.2873471,0.7205041,0.01578171
3810,-962.3431,1.920836e-08,0.2882468,0.8400691,0.7427532,0.5923366,0.3340787,0.2873471,0.7205041,0.01578171
3820,-962.3431,1.920836e-08,0.2882468,0.8400691,0.7427532,0.5923366,0.3340787,0.2873471,0.7205041,0.01578171
3830,-962.3431,1.920836e-08,0.2882468,0.8400691,0.7427532,0.5923366,0.3340787,0.2873471,0.7205041,0.01578171
3840,-962.3431,1.920836e-08,0.2882468,0.8400691,0.7427532,0.5923366,0.3340787,0.2873471,0.7205041,0.01578171
3850,-962.3431,1.920836e-08,0.2882468,0.8400691,0.7427532,0.5923366,0.3340787,0.2873471,0.7205041,0.01578171
3860,-962.3431,1.920836e-08,0.2882468,0.8400691,0.7427532,0.5923366,0.3340787,0.2873471,0.7205041,0.01578171
3870,-962.3431,1.920836e-08,0.2882468,0.8400691,0.7427532,0.5923366,0.3340787,0.2873471,0.7205041,0.01578171
3880,-962.3431,1.920836e-08,0.2882468,0.8400691,0.7427532,0.5923366,0.3340787,0.2873471,0.7205041,0.01578171
3890,-962.3431,1.920836e-08,0.2882468,0.8400691,0.7427532,0.5923366,0.3340787,0.2873471,0.7205041,0.01578171
3900,-962.3431,1.920836e-08,0.2882468,0.8400691,0.7427532,0.5923366,0.3340787,0.2873471,0.7205041,0.01578171
3910,-962.3431,1.920836e-08,0.2882468,0.8400691,0.7427532,0.5923366,0.3340787,0.2873471,0.7205041,0.01578171
3920,-962.3431,1.920836e-08,0.2882468,0.8400691,0.7427532,0.5923366,0.3340787,0.2873471,0.7205041,0.01578171
3930,-962.3431,1.920836e-08,0.2882468,0.8400691,0.7427532,0.5923366,0.3340787,0.2873471,0.7205041,0.01578171
3940,-962.3431,1.920836e-08,0.2882468,0.8400691,0.7427532,0.5923366,0.3340787,0.2873471,0.7205041,0.01578171
3950,-962.3431,1.920836e-08,0.2882468,0.8400691,0.7427532,0.5923366,0.3340787,0.2873471,0.7205041,0.01578171
3960,-962.3431,1.920836e-08,0.2882468,0.8400691,0.7427532,0.5923366,0.3340787,0.2873471,0.7205041,0.01578171
3970,-962.3431,1.920836e-08,0.2882468,0.8400691,0.7427532,0.5923366,0.3340787,0.2873471,0.7205041,0.01578171
3980,-962.3431,1.920836e-08,0.2882468,0.8400691,0.7427532,0.5923366,0.3340787,0.2873471,0.7205041,0.01578171
3990,-962.3431,1.920836e-08,0.2882468,0.8400691,0.7427532,0.5923366,0.3340787,0.2873471,0.7205041,0.01578171
4000,-962.3431,1.920836e-08,0.2882468,0.8400691,0.7427532,0.5923366,0.3340787,0.2873471,0.7205041,0.01578171
4010,-962.3431,1.920836e-08,0.2882468,0.8400691,0.7427532,0.5923366,0.3340787,0.2873471,0.7205041,0.01578171
4020,-962.3431,1.920836e-08,0.2882468,0.8400691,0.7427532,0.5923366,0.3340787,0.2873471,0.7205041,0.01578171
4030,-962.3431,1.920836e-08,0.2882468,0.8400691,0.7427532,0.5923366,0.3340787,0.2873471,0.7205041,0.01578171
4040,-962.3431,1.920836e-08,0.2882468,0.8400691,0.7427532,0.5923366,0.3340787,0.2873471,0.7205041,0.01578171
4050,-962.3431,1.920836e-08,0.2882468,0.8400691,0.7427532,0.5923366,0.3340787,0.2873471,0.7205041,0.01578171
4060,-962.3431,1.920836e-08,0.2882468,0.8400691,0.7427532,0.5923366,0.3340787,0.2873471,0.7205041,0.01578171
4070,-962.3431,1.920836e-08,0.2882468,0.8400691,0.7427532,0.5923366,0.3340787,0.2873471,0.7205041,0.01578171
4080,-962.3431,1.920836e-08,0.2882468,0.8400691,0.7427532,0.5923366,0.3340787,0.2873471,0.7205041,0.01578171
4090,-962.3431,1.920836e-08,0.2882468,0.8400691,0.7427532,0.5923366,0.3340787,0.2873471,0.7205041,0.01578171
4100,-962.3431,1.920836e-08,0.2882468,0.8400691,0.7427532,0.5923366,0.3340787,0.2873471,0.7205041,0.01578171
4110,-962.3431,1.920836e-08,0.2882468,0.8400691,0.7427532,0.5923366,0.3340787,0.2873471,0.7205041,0.01578171
4120,-962.3431,1.920836e-08,0.2882468,0.8400691,0.7427532,0.5923366,0.3340787,0.2873471,0.7205041,0.01578171
4130,-962.3431,1.920836e-08,0.2882468,0.8400691,0.7427532,0.5923366,0.3340787,0.2873471,0.7205041,0.01578171
4140,-962.3431,1.920836e-08,0.2882468,0.8400691,0.7427532,0.5923366,0.3340787,0.2873471,0.7205041,0.01578171
4150,-962.3431,1.920836e-08,0.2882468,0.8400691,0.7427532,0.5923366,0.3340787,0.2873471,0.7205041,0.01578171
4160,-962.3431,1.920836e-08,0.2882468,0.8400691,0.7427532,0.5923366,0.3340787,0.2873471,0.7205041,0.01578171
4170,-962.3431,1.920836e-08,0.2882468,0.8400691,0.7427532,0.5923366,0.3340787,0.2873471,0.7205041,0.01578171
4180,-962.3431,1.920836e-08,0.2882468,0.8400691,0.7427532,0.5923366,0.3340787,0.2873471,0.7205041,0.01578171
4190,-962.3431,1.920836e-08,0.2882468,0.8400691,0.7427532,0.5923366,0.3340787,0.2873471,0.7205041,0.01578171
4200,-962.3431,1.920836e-08,0.2882468,0.8400691,0.7427532,0.5923366,0.3340787,0.2873471,0.7205041,0.01578171
4210,-962.3431,1.920836e-08,0.2882468,0.8400691,0.7427532,0.5923366,0.3340787,0.2873471,0.7205041,0.01578171
4220,-962.3431,1.920836e-08,0.2882468,0.8400691,0.7427532,0.5923366,0.3340787,0.2873471,0.7205041,0.01578171
4230,-962.3431,1.920836e-08,0.2882468,0.8400691,0.7427532,0.5923366,0.3340787,0.2873471,0.7205041,0.01578171
4240,-962.3431,1.920836e-08,0.2882468,0.8400691,0.7427532,0.5923366,0.3340787,0.2873471,0.7205041,0.01578171
4250,-962.3431,1.920836e-08,0.2882468,0.8400691,0.7427532,0.5923366,0.3340787,0.2873471,0.7205041,0.01578171
4260,-962.3431,1.920836e-08,0.2882468,0.8400691,0.7427532,0.5923366,0.3340787,0.2873471,0.7205041,0.01578171
4270,-962.3431,1.920836e-08,0.2882468,0.8400691,0.7427532,0.5923366,0.3340787,0.2873471,0.7205041,0.01578171
4280,-962.3431,1.920836e-08,0.2882468,0.8400691,0.7427532,0.5923366,0.3340787,0.2873471,0.7205041,0.01578171
4290,-962.3431,1.920836e-08,0.2882468,0.8400691,0.7427532,0.5923366,0.3340787,0.2873471,0.7205041,0.01578171
4300,-962.3431,1.920836e-08,0.2882468,0.8400691,0.7427532,0.5923366,0.3340787,0.2873471,0.7205041,0.01578171
4310,-959.8929,1.98671e-08,0.3221744,0.8531875,0.7499165,0.5705491,0.3172685,0.2964421,0.7458329,0.06882916
4320,-959.8929,1.98671e-08,0.3221744,0.8531875,0.7499165,0.5705491,0.3172685,0.2964421,0.7458329,0.06882916
4330,-959.8929,1.98671e-08,0.3221744,0.8531875,0.7499165,0.5705491,0.3172685,0.2964421,0.7458329,0.06882916
4340,-959.8929,1.98671e-08,0.3221744,0.8531875,0.7499165,0.5705491,0.3172685,0.2964421,0.7458329,0.06882916
4350,-959.8929,1.98671e-08,0.3221744,0.8531875,0.7499165,0.5705491,0.3172685,0.2964421,0.7458329,0.06882916
4360,-959.8929,1.98671e-08,0.3221744,0.8531875,0.7499165,0.5705491,0.3172685,0.2964421,0.7458329,0.06882916
4370,-959.8929,1.98671e-08,0.3221744,0.8531875,0.7499165,0.5705491,0.3172685,0.2964421,0.7458329,0.06882916
4380,-959.8929,1.98671e-08,0.3221744,0.8531875,0.7499165,0.5705491,0.3172685,0.2964421,0.7458329,0.06882916
4390,-959.8929,1.98671e-08,0.3221744,0.8531875,0.7499165,0.5705491,0.3172685,0.2964421,0.7458329,0.06882916
4400,-959.8929,1.98671e-08,0.3221744,0.8531875,0.7499165,0.5705491,0.3172685,0.2964421,0.7458329,0.06882916
4410,-959.8929,1.98671e-08,0.3221744,0.8531875,0.7499165,0.5705491,0.3172685,0.2964421,0.7458329,0.06882916
4420,-959.8929,1.98671e-08,0.3221744,0.8531875,0.7499165,0.5705491,0.3172685,0.2964421,0.7458329,0.06882916
4430,-959.8929,1.98671e-08,0.3221744,0.8531875,0.7499165,0.5705491,0.3172685,0.2964421,0.7458329,0.06882916
4440,-959.8929,1.98671e-08,0.3221744,0.8531875,0.7499165,0.5705491,0.3172685,0.2964421,0.7458329,0.06882916
4450,-959.8929,1.98671e-08,0.3221744,0.8531875,0.7499165,0.5705491,0.3172685,0.2964421,0.7458329,0.06882916
4460,-959.8929,1.98671e-08,0.3221744,0.8531875,0.7499165,0.5705491,0.3172685,0.2964421,0.7458329,0.06882916
4470,-959.8929,1.98671e-08,0.3221744,0.8531875,0.7499165,0.5705491,0.3172685,0.2964421,0.7458329,0.06882916
4480,-959.8929,1.98671e-08,0.3221744,0.8531875,0.7499165,0.5705491,0.3172685,0.2964421,0.7458329,0.06882916
4490,-959.8929,1.98671e-08,0.3221744,0.8531875,0.7499165,0.5705491,0.3172685,0.2964421,0.7458329,0.06882916
4500,-959.8929,1.98671e-08,0.3221744,0.8531875,0.7499165,0.5705491,0.3172685,0.2964421,0.7458329,0.06882916
4510,-959.8929,1.98671e-08,0.3221744,0.8531875,0.7499165,0.5705491,0.3172685,0.2964421,0.7458329,0.06882916
4520,-959.8929,1.98671e-08,0.3221744,0.8531875,0.7499165,0.5705491,0.3172685,0.2964421,0.7458329,0.06882916
4530,-959.8929,1.98671e-08,0.3221744,0.8531875,0.7499165,0.5705491,0.3172685,0.2964421,0.7458329,0.06882916
4540,-959.8929,1.98671e-08,0.3221744,0.8531875,0.7499165,0.5705491,0.3172685,0.2964421,0.7458329,0.06882916
4550,-959.8929,1.98671e-08,0.3221744,0.8531875,0.7499165,0.5705491,0.3172685,0.2964421,0.7458329,0.06882916
4560,-959.8929,1.98671e-08,0.3221744,0.8531875,0.7499165,0.5705491,0.3172685,0.2964421,0.7458329,0.06882916
4570,-959.8929,1.98671e-08,0.3221744,0.8531875,0.7499165,0.5705491,0.3172685,0.2964421,0.7458329,0.06882916
4580,-959.8929,1.98671e-08,0.3221744,0.8531875,0.7499165,0.5705491,0.3172685,0.2964421,0.7458329,0.06882916
4590,-959.8929,1.98671e-08,0.3221744,0.8531875,0.7499165,0.5705491,0.3172685,0.2964421,0.7458329,0.06882916
4600,-959.8929,1.98671e-08,0.3221744,0.8531875,0.7499165,0.5705491,0.3172685,0.2964421,0.7458329,0.06882916
4610,-959.8929,1.98671e-08,0.3221744,0.8531875,0.7499165,0.5705491,0.3172685,0.2964421,0.7458329,0.06882916
4620,-959.8929,1.98671e-08,0.3221744,0.8531875,0.7499165,0.5705491,0.3172685,0.2964421,0.7458329,0.06882916
4630,-959.8929,1.98671e-08,0.3221744,0.8531875,0.7499165,0.5705491,0.3172685,0.2964421,0.7458329,0.06882916
4640,-959.8929,1.98671e-08,0.3221744,0.8531875,0.7499165,0.5705491,0.3172685,0.2964421,0.7458329,0.06882916
4650,-959.8929,1.98671e-08,0.3221744,0.8531875,0.7499165,0.5705491,0.3172685,0.2964421,0.7458329,0.06882916
4660,-959.8929,1.98671e-08,0.3221744,0.8531875,0.7499165,0.5705491,0.3172685,0.2964421,0.7458329,0.06882916
4670,-959.8929,1.98671e-08,0.3221744,0.8531875,0.7499165,0.5705491,0.3172685,0.2964421,0.7458329,0.06882916
4680,-959.8929,1.98671e-08,0.3221744,0.8531875,0.7499165,0.5705491,0.3172685,0.2964421,0.7458329,0.06882916
4690,-959.8929,1.98671e-08,0.3221744,0.8531875,0.7499165,0.5705491,0.3172685,0.2964421,0.7458329,0.06882916
4700,-959.8929,1.98671e-08,0.3221744,0.8531875,0.7499165,0.5705491,0.3172685,0.2964421,0.7458329,0.06882916
4710,-959.8929,1.98671e-08,0.3221744,0.8531875,0.7499165,0.5705491,0.3172685,0.2964421,0.7458329,0.06882916
4720,-959.8929,1.98671e-08,0.3221744,0.8531875,0.7499165,0.5705491,0.3172685,0.2964421,0.7458329,0.06882916
4730,-959.8929,1.98671e-08,0.3221744,0.8531875,0.7499165,0.5705491,0.3172685,0.2964421,0.7458329,0.06882916
4740,-959.8929,1.98671e-08,0.3221744,0.8531875,0.7499165,0.5705491,0.3172685,0.2964421,0.7458329,0.06882916
4750,-959.8929,1.98671e-08,0.3221744,0.8531875,0.7499165,0.5705491,0.3172685,0.2964421,0.7458329,0.06882916
4760,-959.8929,1.98671e-08,0.3221744,0.8531875,0.7499165,0.5705491,0.3172685,0.2964421,0.7458329,0.06882916
4770,-959.8929,1.98671e-08,0.3221744,0.8531875,0.7499165,0.5705491,0.3172685,0.2964421,0.7458329,0.06882916
4780,-959.8929,1.98671e-08,0.3221744,0.8531875,0.7499165,0.5705491,0.3172685,0.2964421,0.7458329,0.06882916
4790,-959.8929,1.98671e-08,0.3221744,0.8531875,0.7499165,0.5705491,0.3172685,0.2964421,0.7458329,0.06882916
4800,-959.8929,1.98671e-08,0.3221744,0.8531875,0.7499165,0.5705491,0.3172685,0.2964421,0.7458329,0.06882916
4810,-959.8929,1.98671e-08,0.3221744,0.8531875,0.7499165,0.5705491,0.3172685,0.2964421,0.7458329,0.06882916
4820,-959.8929,1.98671e-08,0.3221744,0.8531875,0.7499165,0.5705491,0.3172685,0.2964421,0.7458329,0.06882916
4830,-959.8929,1.98671e-08,0.3221744,0.8531875,0.7499165,0.5705491,0.3172685,0.2964421,0.7458329,0.06882916
4840,-959.8929,1.98671e-08,0.3221744,0.8531875,0.7499165,0.5705491,0.3172685,0.2964421,0.7458329,0.06882916
4850,-959.8929,1.98671e-08,0.3221744,0.8531875,0.7499165,0.5705491,0.3172685,0.2964421,0.7458329,0.06882916
4860,-959.8929,1.98671e-08,0.3221744,0.8531875,0.7499165,0.5705491,0.3172685,0.2964421,0.7458329,0.06882916
4870,-959.8929,1.98671e-08,0.3221744,0.8531875,0.7499165,0.5705491,0.3172685,0.2964421,0.7458329,0.06882916
4880,-954.8719,1.913098e-08,0.2910241,0.8563881,0.7571286,0.6149771,0.317986,0.2505745,0.7446143,0.04795543
4890,-954.8719,1.913098e-08,0.2910241,0.8563881,0.7571286,0.6149771,0.317986,0.2505745,0.7446143,0.04795543
4900,-954.8719,1.913098e-08,0.2910241,0.8563881,0.7571286,0.6149771,0.317986,0.2505745,0.7446143,0.04795543
4910,-954.8719,1.913098e-08,0.2910241,0.8563881,0.7571286,0.6149771,0.317986,0.2505745,0.7446143,0.04795543
4920,-954.8719,1.913098e-08,0.2910241,0.8563881,0.7571286,0.6149771,0.317986,0.2505745,0.7446143,0.04795543
4930,-954.8719,1.913098e-08,0.2910241,0.8563881,0.7571286,0.6149771,0.317986,0.2505745,0.7446143,0.04795543
4940,-954.8719,1.913098e-08,0.2910241,0.8563881,0.7571286,0.6149771,0.317986,0.2505745,0.7446143,0.04795543
4950,-954.8719,1.913098e-08,0.2910241,0.8563881,0.7571286,0.6149771,0.317986,0.2505745,0.7446143,0.04795543
4960,-954.8719,1.913098e-08,0.2910241,0.8563881,0.7571286,0.6149771,0.317986,0.2505745,0.7446143,0.04795543
4970,-954.8719,1.913098e-08,0.2910241,0.8563881,0.7571286,0.6149771,0.317986,0.2505745,0.7446143,0.04795543
4980,-954.8719,1.913098e-08,0.2910241,0.8563881,0.7571286,0.6149771,0.317986,0.2505745,0.7446143,0.04795543
4990,-954.8719,1.913098e-08,0.2910241,0.8563881,0.7571286,0.6149771,0.317986,0.2505745,0.7446143,0.04795543
5000,-954.8719,1.913098e-08,0.2910241,0.8563881,0.7571286,0.6149771,0.317986,0.2505745,0.7446143,0.04795543
