Iteration,Likelihood,transmRate,vecEff1,vecEff2,vecEff3,vecEff4,vecEff5,vecEff6,vecEff7,vecEff8,vecEff9,vecEff10,vecEff11
10,-1008036,4.064404e-09,0.8695643,0.2634,0.7007557,0.7581453,0.5881296,0.9268562,0.8257277,0.6888903,0.6849477,0.5579482,0.634578
20,-15479.81,4.081267e-09,0.8228711,0.04761377,0.7219503,0.821639,0.5848691,0.9605747,0.855358,0.7491314,0.7324349,0.5379205,0.7063303
30,-15479.81,4.081267e-09,0.8228711,0.04761377,0.7219503,0.821639,0.5848691,0.9605747,0.855358,0.7491314,0.7324349,0.5379205,0.7063303
40,-15479.81,4.081267e-09,0.8228711,0.04761377,0.7219503,0.821639,0.5848691,0.9605747,0.855358,0.7491314,0.7324349,0.5379205,0.7063303
50,-15479.81,4.081267e-09,0.8228711,0.04761377,0.7219503,0.821639,0.5848691,0.9605747,0.855358,0.7491314,0.7324349,0.5379205,0.7063303
60,-15479.81,4.081267e-09,0.8228711,0.04761377,0.7219503,0.821639,0.5848691,0.9605747,0.855358,0.7491314,0.7324349,0.5379205,0.7063303
70,-15479.81,4.081267e-09,0.8228711,0.04761377,0.7219503,0.821639,0.5848691,0.9605747,0.855358,0.7491314,0.7324349,0.5379205,0.7063303
80,-15479.81,4.081267e-09,0.8228711,0.04761377,0.7219503,0.821639,0.5848691,0.9605747,0.855358,0.7491314,0.7324349,0.5379205,0.7063303
90,-15479.81,4.081267e-09,0.8228711,0.04761377,0.7219503,0.821639,0.5848691,0.9605747,0.855358,0.7491314,0.7324349,0.5379205,0.7063303
100,-15479.81,4.081267e-09,0.8228711,0.04761377,0.7219503,0.821639,0.5848691,0.9605747,0.855358,0.7491314,0.7324349,0.5379205,0.7063303
110,-15479.81,4.081267e-09,0.8228711,0.04761377,0.7219503,0.821639,0.5848691,0.9605747,0.855358,0.7491314,0.7324349,0.5379205,0.7063303
120,-15479.81,4.081267e-09,0.8228711,0.04761377,0.7219503,0.821639,0.5848691,0.9605747,0.855358,0.7491314,0.7324349,0.5379205,0.7063303
130,-15479.81,4.081267e-09,0.8228711,0.04761377,0.7219503,0.821639,0.5848691,0.9605747,0.855358,0.7491314,0.7324349,0.5379205,0.7063303
140,-15479.81,4.081267e-09,0.8228711,0.04761377,0.7219503,0.821639,0.5848691,0.9605747,0.855358,0.7491314,0.7324349,0.5379205,0.7063303
150,-15479.81,4.081267e-09,0.8228711,0.04761377,0.7219503,0.821639,0.5848691,0.9605747,0.855358,0.7491314,0.7324349,0.5379205,0.7063303
160,-15479.81,4.081267e-09,0.8228711,0.04761377,0.7219503,0.821639,0.5848691,0.9605747,0.855358,0.7491314,0.7324349,0.5379205,0.7063303
170,-15479.81,4.081267e-09,0.8228711,0.04761377,0.7219503,0.821639,0.5848691,0.9605747,0.855358,0.7491314,0.7324349,0.5379205,0.7063303
180,-15479.81,4.081267e-09,0.8228711,0.04761377,0.7219503,0.821639,0.5848691,0.9605747,0.855358,0.7491314,0.7324349,0.5379205,0.7063303
190,-15479.81,4.081267e-09,0.8228711,0.04761377,0.7219503,0.821639,0.5848691,0.9605747,0.855358,0.7491314,0.7324349,0.5379205,0.7063303
200,-15479.81,4.081267e-09,0.8228711,0.04761377,0.7219503,0.821639,0.5848691,0.9605747,0.855358,0.7491314,0.7324349,0.5379205,0.7063303
210,-15479.81,4.081267e-09,0.8228711,0.04761377,0.7219503,0.821639,0.5848691,0.9605747,0.855358,0.7491314,0.7324349,0.5379205,0.7063303
220,-15479.81,4.081267e-09,0.8228711,0.04761377,0.7219503,0.821639,0.5848691,0.9605747,0.855358,0.7491314,0.7324349,0.5379205,0.7063303
230,-15256.48,3.806277e-09,0.876295,0.1174645,0.6689807,0.679996,0.50252,0.7579031,0.8547805,0.7056396,0.7713346,0.5310507,0.7578058
240,-15256.48,3.806277e-09,0.876295,0.1174645,0.6689807,0.679996,0.50252,0.7579031,0.8547805,0.7056396,0.7713346,0.5310507,0.7578058
250,-15256.48,3.806277e-09,0.876295,0.1174645,0.6689807,0.679996,0.50252,0.7579031,0.8547805,0.7056396,0.7713346,0.5310507,0.7578058
260,-15256.48,3.806277e-09,0.876295,0.1174645,0.6689807,0.679996,0.50252,0.7579031,0.8547805,0.7056396,0.7713346,0.5310507,0.7578058
270,-15256.48,3.806277e-09,0.876295,0.1174645,0.6689807,0.679996,0.50252,0.7579031,0.8547805,0.7056396,0.7713346,0.5310507,0.7578058
280,-15256.48,3.806277e-09,0.876295,0.1174645,0.6689807,0.679996,0.50252,0.7579031,0.8547805,0.7056396,0.7713346,0.5310507,0.7578058
290,-15256.48,3.806277e-09,0.876295,0.1174645,0.6689807,0.679996,0.50252,0.7579031,0.8547805,0.7056396,0.7713346,0.5310507,0.7578058
300,-15256.48,3.806277e-09,0.876295,0.1174645,0.6689807,0.679996,0.50252,0.7579031,0.8547805,0.7056396,0.7713346,0.5310507,0.7578058
310,-15256.48,3.806277e-09,0.876295,0.1174645,0.6689807,0.679996,0.50252,0.7579031,0.8547805,0.7056396,0.7713346,0.5310507,0.7578058
320,-15256.48,3.806277e-09,0.876295,0.1174645,0.6689807,0.679996,0.50252,0.7579031,0.8547805,0.7056396,0.7713346,0.5310507,0.7578058
330,-15256.48,3.806277e-09,0.876295,0.1174645,0.6689807,0.679996,0.50252,0.7579031,0.8547805,0.7056396,0.7713346,0.5310507,0.7578058
340,-15256.48,3.806277e-09,0.876295,0.1174645,0.6689807,0.679996,0.50252,0.7579031,0.8547805,0.7056396,0.7713346,0.5310507,0.7578058
350,-15256.48,3.806277e-09,0.876295,0.1174645,0.6689807,0.679996,0.50252,0.7579031,0.8547805,0.7056396,0.7713346,0.5310507,0.7578058
360,-14142.37,3.800237e-09,0.9327503,0.08804228,0.5057404,0.7922346,0.7157437,0.8163656,0.8968239,0.3773051,0.6203565,0.4545128,0.7516508
370,-14142.37,3.800237e-09,0.9327503,0.08804228,0.5057404,0.7922346,0.7157437,0.8163656,0.8968239,0.3773051,0.6203565,0.4545128,0.7516508
380,-14142.37,3.800237e-09,0.9327503,0.08804228,0.5057404,0.7922346,0.7157437,0.8163656,0.8968239,0.3773051,0.6203565,0.4545128,0.7516508
390,-14142.37,3.800237e-09,0.9327503,0.08804228,0.5057404,0.7922346,0.7157437,0.8163656,0.8968239,0.3773051,0.6203565,0.4545128,0.7516508
400,-14142.37,3.800237e-09,0.9327503,0.08804228,0.5057404,0.7922346,0.7157437,0.8163656,0.8968239,0.3773051,0.6203565,0.4545128,0.7516508
410,-14142.37,3.800237e-09,0.9327503,0.08804228,0.5057404,0.7922346,0.7157437,0.8163656,0.8968239,0.3773051,0.6203565,0.4545128,0.7516508
420,-14142.37,3.800237e-09,0.9327503,0.08804228,0.5057404,0.7922346,0.7157437,0.8163656,0.8968239,0.3773051,0.6203565,0.4545128,0.7516508
430,-14142.37,3.800237e-09,0.9327503,0.08804228,0.5057404,0.7922346,0.7157437,0.8163656,0.8968239,0.3773051,0.6203565,0.4545128,0.7516508
440,-14142.37,3.800237e-09,0.9327503,0.08804228,0.5057404,0.7922346,0.7157437,0.8163656,0.8968239,0.3773051,0.6203565,0.4545128,0.7516508
450,-14142.37,3.800237e-09,0.9327503,0.08804228,0.5057404,0.7922346,0.7157437,0.8163656,0.8968239,0.3773051,0.6203565,0.4545128,0.7516508
460,-14142.37,3.800237e-09,0.9327503,0.08804228,0.5057404,0.7922346,0.7157437,0.8163656,0.8968239,0.3773051,0.6203565,0.4545128,0.7516508
470,-14142.37,3.800237e-09,0.9327503,0.08804228,0.5057404,0.7922346,0.7157437,0.8163656,0.8968239,0.3773051,0.6203565,0.4545128,0.7516508
480,-14142.37,3.800237e-09,0.9327503,0.08804228,0.5057404,0.7922346,0.7157437,0.8163656,0.8968239,0.3773051,0.6203565,0.4545128,0.7516508
490,-14142.37,3.800237e-09,0.9327503,0.08804228,0.5057404,0.7922346,0.7157437,0.8163656,0.8968239,0.3773051,0.6203565,0.4545128,0.7516508
500,-6124.554,3.962187e-09,0.818306,0.1610851,0.5883569,0.7804714,0.641758,0.7454178,0.8678021,0.3560242,0.7334594,0.5328963,0.7731582
510,-6124.554,3.962187e-09,0.818306,0.1610851,0.5883569,0.7804714,0.641758,0.7454178,0.8678021,0.3560242,0.7334594,0.5328963,0.7731582
520,-6124.554,3.962187e-09,0.818306,0.1610851,0.5883569,0.7804714,0.641758,0.7454178,0.8678021,0.3560242,0.7334594,0.5328963,0.7731582
530,-6124.554,3.962187e-09,0.818306,0.1610851,0.5883569,0.7804714,0.641758,0.7454178,0.8678021,0.3560242,0.7334594,0.5328963,0.7731582
540,-6124.554,3.962187e-09,0.818306,0.1610851,0.5883569,0.7804714,0.641758,0.7454178,0.8678021,0.3560242,0.7334594,0.5328963,0.7731582
550,-6124.554,3.962187e-09,0.818306,0.1610851,0.5883569,0.7804714,0.641758,0.7454178,0.8678021,0.3560242,0.7334594,0.5328963,0.7731582
560,-6124.554,3.962187e-09,0.818306,0.1610851,0.5883569,0.7804714,0.641758,0.7454178,0.8678021,0.3560242,0.7334594,0.5328963,0.7731582
570,-6124.554,3.962187e-09,0.818306,0.1610851,0.5883569,0.7804714,0.641758,0.7454178,0.8678021,0.3560242,0.7334594,0.5328963,0.7731582
580,-6124.554,3.962187e-09,0.818306,0.1610851,0.5883569,0.7804714,0.641758,0.7454178,0.8678021,0.3560242,0.7334594,0.5328963,0.7731582
590,-6124.554,3.962187e-09,0.818306,0.1610851,0.5883569,0.7804714,0.641758,0.7454178,0.8678021,0.3560242,0.7334594,0.5328963,0.7731582
600,-6124.554,3.962187e-09,0.818306,0.1610851,0.5883569,0.7804714,0.641758,0.7454178,0.8678021,0.3560242,0.7334594,0.5328963,0.7731582
610,-6124.554,3.962187e-09,0.818306,0.1610851,0.5883569,0.7804714,0.641758,0.7454178,0.8678021,0.3560242,0.7334594,0.5328963,0.7731582
620,-6124.554,3.962187e-09,0.818306,0.1610851,0.5883569,0.7804714,0.641758,0.7454178,0.8678021,0.3560242,0.7334594,0.5328963,0.7731582
630,-6124.554,3.962187e-09,0.818306,0.1610851,0.5883569,0.7804714,0.641758,0.7454178,0.8678021,0.3560242,0.7334594,0.5328963,0.7731582
640,-6124.554,3.962187e-09,0.818306,0.1610851,0.5883569,0.7804714,0.641758,0.7454178,0.8678021,0.3560242,0.7334594,0.5328963,0.7731582
650,-6124.554,3.962187e-09,0.818306,0.1610851,0.5883569,0.7804714,0.641758,0.7454178,0.8678021,0.3560242,0.7334594,0.5328963,0.7731582
660,-6124.554,3.962187e-09,0.818306,0.1610851,0.5883569,0.7804714,0.641758,0.7454178,0.8678021,0.3560242,0.7334594,0.5328963,0.7731582
670,-6124.554,3.962187e-09,0.818306,0.1610851,0.5883569,0.7804714,0.641758,0.7454178,0.8678021,0.3560242,0.7334594,0.5328963,0.7731582
680,-6124.554,3.962187e-09,0.818306,0.1610851,0.5883569,0.7804714,0.641758,0.7454178,0.8678021,0.3560242,0.7334594,0.5328963,0.7731582
690,-6124.554,3.962187e-09,0.818306,0.1610851,0.5883569,0.7804714,0.641758,0.7454178,0.8678021,0.3560242,0.7334594,0.5328963,0.7731582
700,-6124.554,3.962187e-09,0.818306,0.1610851,0.5883569,0.7804714,0.641758,0.7454178,0.8678021,0.3560242,0.7334594,0.5328963,0.7731582
710,-6124.554,3.962187e-09,0.818306,0.1610851,0.5883569,0.7804714,0.641758,0.7454178,0.8678021,0.3560242,0.7334594,0.5328963,0.7731582
720,-6124.554,3.962187e-09,0.818306,0.1610851,0.5883569,0.7804714,0.641758,0.7454178,0.8678021,0.3560242,0.7334594,0.5328963,0.7731582
730,-6124.554,3.962187e-09,0.818306,0.1610851,0.5883569,0.7804714,0.641758,0.7454178,0.8678021,0.3560242,0.7334594,0.5328963,0.7731582
740,-6124.554,3.962187e-09,0.818306,0.1610851,0.5883569,0.7804714,0.641758,0.7454178,0.8678021,0.3560242,0.7334594,0.5328963,0.7731582
750,-6124.554,3.962187e-09,0.818306,0.1610851,0.5883569,0.7804714,0.641758,0.7454178,0.8678021,0.3560242,0.7334594,0.5328963,0.7731582
760,-6124.554,3.962187e-09,0.818306,0.1610851,0.5883569,0.7804714,0.641758,0.7454178,0.8678021,0.3560242,0.7334594,0.5328963,0.7731582
770,-6124.554,3.962187e-09,0.818306,0.1610851,0.5883569,0.7804714,0.641758,0.7454178,0.8678021,0.3560242,0.7334594,0.5328963,0.7731582
780,-6124.554,3.962187e-09,0.818306,0.1610851,0.5883569,0.7804714,0.641758,0.7454178,0.8678021,0.3560242,0.7334594,0.5328963,0.7731582
790,-6124.554,3.962187e-09,0.818306,0.1610851,0.5883569,0.7804714,0.641758,0.7454178,0.8678021,0.3560242,0.7334594,0.5328963,0.7731582
800,-6124.554,3.962187e-09,0.818306,0.1610851,0.5883569,0.7804714,0.641758,0.7454178,0.8678021,0.3560242,0.7334594,0.5328963,0.7731582
810,-6124.554,3.962187e-09,0.818306,0.1610851,0.5883569,0.7804714,0.641758,0.7454178,0.8678021,0.3560242,0.7334594,0.5328963,0.7731582
820,-6124.554,3.962187e-09,0.818306,0.1610851,0.5883569,0.7804714,0.641758,0.7454178,0.8678021,0.3560242,0.7334594,0.5328963,0.7731582
830,-6124.554,3.962187e-09,0.818306,0.1610851,0.5883569,0.7804714,0.641758,0.7454178,0.8678021,0.3560242,0.7334594,0.5328963,0.7731582
840,-6124.554,3.962187e-09,0.818306,0.1610851,0.5883569,0.7804714,0.641758,0.7454178,0.8678021,0.3560242,0.7334594,0.5328963,0.7731582
850,-6124.554,3.962187e-09,0.818306,0.1610851,0.5883569,0.7804714,0.641758,0.7454178,0.8678021,0.3560242,0.7334594,0.5328963,0.7731582
860,-6124.554,3.962187e-09,0.818306,0.1610851,0.5883569,0.7804714,0.641758,0.7454178,0.8678021,0.3560242,0.7334594,0.5328963,0.7731582
870,-6000.423,3.613301e-09,0.969664,0.04414129,0.5248438,0.6352375,0.6702407,0.6692041,0.7882469,0.5425579,0.755703,0.5452491,0.7588745
880,-6000.423,3.613301e-09,0.969664,0.04414129,0.5248438,0.6352375,0.6702407,0.6692041,0.7882469,0.5425579,0.755703,0.5452491,0.7588745
890,-6000.423,3.613301e-09,0.969664,0.04414129,0.5248438,0.6352375,0.6702407,0.6692041,0.7882469,0.5425579,0.755703,0.5452491,0.7588745
900,-6000.423,3.613301e-09,0.969664,0.04414129,0.5248438,0.6352375,0.6702407,0.6692041,0.7882469,0.5425579,0.755703,0.5452491,0.7588745
910,-6000.423,3.613301e-09,0.969664,0.04414129,0.5248438,0.6352375,0.6702407,0.6692041,0.7882469,0.5425579,0.755703,0.5452491,0.7588745
920,-6000.423,3.613301e-09,0.969664,0.04414129,0.5248438,0.6352375,0.6702407,0.6692041,0.7882469,0.5425579,0.755703,0.5452491,0.7588745
930,-6000.423,3.613301e-09,0.969664,0.04414129,0.5248438,0.6352375,0.6702407,0.6692041,0.7882469,0.5425579,0.755703,0.5452491,0.7588745
940,-6000.423,3.613301e-09,0.969664,0.04414129,0.5248438,0.6352375,0.6702407,0.6692041,0.7882469,0.5425579,0.755703,0.5452491,0.7588745
950,-6000.423,3.613301e-09,0.969664,0.04414129,0.5248438,0.6352375,0.6702407,0.6692041,0.7882469,0.5425579,0.755703,0.5452491,0.7588745
960,-6000.423,3.613301e-09,0.969664,0.04414129,0.5248438,0.6352375,0.6702407,0.6692041,0.7882469,0.5425579,0.755703,0.5452491,0.7588745
970,-6000.423,3.613301e-09,0.969664,0.04414129,0.5248438,0.6352375,0.6702407,0.6692041,0.7882469,0.5425579,0.755703,0.5452491,0.7588745
980,-6000.423,3.613301e-09,0.969664,0.04414129,0.5248438,0.6352375,0.6702407,0.6692041,0.7882469,0.5425579,0.755703,0.5452491,0.7588745
990,-6000.423,3.613301e-09,0.969664,0.04414129,0.5248438,0.6352375,0.6702407,0.6692041,0.7882469,0.5425579,0.755703,0.5452491,0.7588745
1000,-6000.423,3.613301e-09,0.969664,0.04414129,0.5248438,0.6352375,0.6702407,0.6692041,0.7882469,0.5425579,0.755703,0.5452491,0.7588745
1010,-6000.423,3.613301e-09,0.969664,0.04414129,0.5248438,0.6352375,0.6702407,0.6692041,0.7882469,0.5425579,0.755703,0.5452491,0.7588745
1020,-6000.423,3.613301e-09,0.969664,0.04414129,0.5248438,0.6352375,0.6702407,0.6692041,0.7882469,0.5425579,0.755703,0.5452491,0.7588745
1030,-6000.423,3.613301e-09,0.969664,0.04414129,0.5248438,0.6352375,0.6702407,0.6692041,0.7882469,0.5425579,0.755703,0.5452491,0.7588745
1040,-6000.423,3.613301e-09,0.969664,0.04414129,0.5248438,0.6352375,0.6702407,0.6692041,0.7882469,0.5425579,0.755703,0.5452491,0.7588745
1050,-6000.423,3.613301e-09,0.969664,0.04414129,0.5248438,0.6352375,0.6702407,0.6692041,0.7882469,0.5425579,0.755703,0.5452491,0.7588745
1060,-6000.423,3.613301e-09,0.969664,0.04414129,0.5248438,0.6352375,0.6702407,0.6692041,0.7882469,0.5425579,0.755703,0.5452491,0.7588745
1070,-6000.423,3.613301e-09,0.969664,0.04414129,0.5248438,0.6352375,0.6702407,0.6692041,0.7882469,0.5425579,0.755703,0.5452491,0.7588745
1080,-6000.423,3.613301e-09,0.969664,0.04414129,0.5248438,0.6352375,0.6702407,0.6692041,0.7882469,0.5425579,0.755703,0.5452491,0.7588745
1090,-6000.423,3.613301e-09,0.969664,0.04414129,0.5248438,0.6352375,0.6702407,0.6692041,0.7882469,0.5425579,0.755703,0.5452491,0.7588745
1100,-6000.423,3.613301e-09,0.969664,0.04414129,0.5248438,0.6352375,0.6702407,0.6692041,0.7882469,0.5425579,0.755703,0.5452491,0.7588745
1110,-6000.423,3.613301e-09,0.969664,0.04414129,0.5248438,0.6352375,0.6702407,0.6692041,0.7882469,0.5425579,0.755703,0.5452491,0.7588745
1120,-6000.423,3.613301e-09,0.969664,0.04414129,0.5248438,0.6352375,0.6702407,0.6692041,0.7882469,0.5425579,0.755703,0.5452491,0.7588745
1130,-6000.423,3.613301e-09,0.969664,0.04414129,0.5248438,0.6352375,0.6702407,0.6692041,0.7882469,0.5425579,0.755703,0.5452491,0.7588745
1140,-6000.423,3.613301e-09,0.969664,0.04414129,0.5248438,0.6352375,0.6702407,0.6692041,0.7882469,0.5425579,0.755703,0.5452491,0.7588745
1150,-6000.423,3.613301e-09,0.969664,0.04414129,0.5248438,0.6352375,0.6702407,0.6692041,0.7882469,0.5425579,0.755703,0.5452491,0.7588745
1160,-6000.423,3.613301e-09,0.969664,0.04414129,0.5248438,0.6352375,0.6702407,0.6692041,0.7882469,0.5425579,0.755703,0.5452491,0.7588745
1170,-6000.423,3.613301e-09,0.969664,0.04414129,0.5248438,0.6352375,0.6702407,0.6692041,0.7882469,0.5425579,0.755703,0.5452491,0.7588745
1180,-6000.423,3.613301e-09,0.969664,0.04414129,0.5248438,0.6352375,0.6702407,0.6692041,0.7882469,0.5425579,0.755703,0.5452491,0.7588745
1190,-6000.423,3.613301e-09,0.969664,0.04414129,0.5248438,0.6352375,0.6702407,0.6692041,0.7882469,0.5425579,0.755703,0.5452491,0.7588745
1200,-6000.423,3.613301e-09,0.969664,0.04414129,0.5248438,0.6352375,0.6702407,0.6692041,0.7882469,0.5425579,0.755703,0.5452491,0.7588745
1210,-6000.423,3.613301e-09,0.969664,0.04414129,0.5248438,0.6352375,0.6702407,0.6692041,0.7882469,0.5425579,0.755703,0.5452491,0.7588745
1220,-6000.423,3.613301e-09,0.969664,0.04414129,0.5248438,0.6352375,0.6702407,0.6692041,0.7882469,0.5425579,0.755703,0.5452491,0.7588745
1230,-6000.423,3.613301e-09,0.969664,0.04414129,0.5248438,0.6352375,0.6702407,0.6692041,0.7882469,0.5425579,0.755703,0.5452491,0.7588745
1240,-6000.423,3.613301e-09,0.969664,0.04414129,0.5248438,0.6352375,0.6702407,0.6692041,0.7882469,0.5425579,0.755703,0.5452491,0.7588745
1250,-6000.423,3.613301e-09,0.969664,0.04414129,0.5248438,0.6352375,0.6702407,0.6692041,0.7882469,0.5425579,0.755703,0.5452491,0.7588745
1260,-6000.423,3.613301e-09,0.969664,0.04414129,0.5248438,0.6352375,0.6702407,0.6692041,0.7882469,0.5425579,0.755703,0.5452491,0.7588745
1270,-6000.423,3.613301e-09,0.969664,0.04414129,0.5248438,0.6352375,0.6702407,0.6692041,0.7882469,0.5425579,0.755703,0.5452491,0.7588745
1280,-6000.423,3.613301e-09,0.969664,0.04414129,0.5248438,0.6352375,0.6702407,0.6692041,0.7882469,0.5425579,0.755703,0.5452491,0.7588745
1290,-6000.423,3.613301e-09,0.969664,0.04414129,0.5248438,0.6352375,0.6702407,0.6692041,0.7882469,0.5425579,0.755703,0.5452491,0.7588745
1300,-6000.423,3.613301e-09,0.969664,0.04414129,0.5248438,0.6352375,0.6702407,0.6692041,0.7882469,0.5425579,0.755703,0.5452491,0.7588745
1310,-6000.423,3.613301e-09,0.969664,0.04414129,0.5248438,0.6352375,0.6702407,0.6692041,0.7882469,0.5425579,0.755703,0.5452491,0.7588745
1320,-6000.423,3.613301e-09,0.969664,0.04414129,0.5248438,0.6352375,0.6702407,0.6692041,0.7882469,0.5425579,0.755703,0.5452491,0.7588745
1330,-6000.423,3.613301e-09,0.969664,0.04414129,0.5248438,0.6352375,0.6702407,0.6692041,0.7882469,0.5425579,0.755703,0.5452491,0.7588745
1340,-6000.423,3.613301e-09,0.969664,0.04414129,0.5248438,0.6352375,0.6702407,0.6692041,0.7882469,0.5425579,0.755703,0.5452491,0.7588745
1350,-6000.423,3.613301e-09,0.969664,0.04414129,0.5248438,0.6352375,0.6702407,0.6692041,0.7882469,0.5425579,0.755703,0.5452491,0.7588745
1360,-6000.423,3.613301e-09,0.969664,0.04414129,0.5248438,0.6352375,0.6702407,0.6692041,0.7882469,0.5425579,0.755703,0.5452491,0.7588745
1370,-6000.423,3.613301e-09,0.969664,0.04414129,0.5248438,0.6352375,0.6702407,0.6692041,0.7882469,0.5425579,0.755703,0.5452491,0.7588745
1380,-6000.423,3.613301e-09,0.969664,0.04414129,0.5248438,0.6352375,0.6702407,0.6692041,0.7882469,0.5425579,0.755703,0.5452491,0.7588745
1390,-6000.423,3.613301e-09,0.969664,0.04414129,0.5248438,0.6352375,0.6702407,0.6692041,0.7882469,0.5425579,0.755703,0.5452491,0.7588745
1400,-6000.423,3.613301e-09,0.969664,0.04414129,0.5248438,0.6352375,0.6702407,0.6692041,0.7882469,0.5425579,0.755703,0.5452491,0.7588745
1410,-6000.423,3.613301e-09,0.969664,0.04414129,0.5248438,0.6352375,0.6702407,0.6692041,0.7882469,0.5425579,0.755703,0.5452491,0.7588745
1420,-6000.423,3.613301e-09,0.969664,0.04414129,0.5248438,0.6352375,0.6702407,0.6692041,0.7882469,0.5425579,0.755703,0.5452491,0.7588745
1430,-6000.423,3.613301e-09,0.969664,0.04414129,0.5248438,0.6352375,0.6702407,0.6692041,0.7882469,0.5425579,0.755703,0.5452491,0.7588745
1440,-6000.423,3.613301e-09,0.969664,0.04414129,0.5248438,0.6352375,0.6702407,0.6692041,0.7882469,0.5425579,0.755703,0.5452491,0.7588745
1450,-6000.423,3.613301e-09,0.969664,0.04414129,0.5248438,0.6352375,0.6702407,0.6692041,0.7882469,0.5425579,0.755703,0.5452491,0.7588745
1460,-6000.423,3.613301e-09,0.969664,0.04414129,0.5248438,0.6352375,0.6702407,0.6692041,0.7882469,0.5425579,0.755703,0.5452491,0.7588745
1470,-6000.423,3.613301e-09,0.969664,0.04414129,0.5248438,0.6352375,0.6702407,0.6692041,0.7882469,0.5425579,0.755703,0.5452491,0.7588745
1480,-6000.423,3.613301e-09,0.969664,0.04414129,0.5248438,0.6352375,0.6702407,0.6692041,0.7882469,0.5425579,0.755703,0.5452491,0.7588745
1490,-6000.423,3.613301e-09,0.969664,0.04414129,0.5248438,0.6352375,0.6702407,0.6692041,0.7882469,0.5425579,0.755703,0.5452491,0.7588745
1500,-6000.423,3.613301e-09,0.969664,0.04414129,0.5248438,0.6352375,0.6702407,0.6692041,0.7882469,0.5425579,0.755703,0.5452491,0.7588745
1510,-6000.423,3.613301e-09,0.969664,0.04414129,0.5248438,0.6352375,0.6702407,0.6692041,0.7882469,0.5425579,0.755703,0.5452491,0.7588745
1520,-6000.423,3.613301e-09,0.969664,0.04414129,0.5248438,0.6352375,0.6702407,0.6692041,0.7882469,0.5425579,0.755703,0.5452491,0.7588745
1530,-6000.423,3.613301e-09,0.969664,0.04414129,0.5248438,0.6352375,0.6702407,0.6692041,0.7882469,0.5425579,0.755703,0.5452491,0.7588745
1540,-6000.423,3.613301e-09,0.969664,0.04414129,0.5248438,0.6352375,0.6702407,0.6692041,0.7882469,0.5425579,0.755703,0.5452491,0.7588745
1550,-6000.423,3.613301e-09,0.969664,0.04414129,0.5248438,0.6352375,0.6702407,0.6692041,0.7882469,0.5425579,0.755703,0.5452491,0.7588745
1560,-6000.423,3.613301e-09,0.969664,0.04414129,0.5248438,0.6352375,0.6702407,0.6692041,0.7882469,0.5425579,0.755703,0.5452491,0.7588745
1570,-6000.423,3.613301e-09,0.969664,0.04414129,0.5248438,0.6352375,0.6702407,0.6692041,0.7882469,0.5425579,0.755703,0.5452491,0.7588745
1580,-6000.423,3.613301e-09,0.969664,0.04414129,0.5248438,0.6352375,0.6702407,0.6692041,0.7882469,0.5425579,0.755703,0.5452491,0.7588745
1590,-6000.423,3.613301e-09,0.969664,0.04414129,0.5248438,0.6352375,0.6702407,0.6692041,0.7882469,0.5425579,0.755703,0.5452491,0.7588745
1600,-6000.423,3.613301e-09,0.969664,0.04414129,0.5248438,0.6352375,0.6702407,0.6692041,0.7882469,0.5425579,0.755703,0.5452491,0.7588745
1610,-6000.423,3.613301e-09,0.969664,0.04414129,0.5248438,0.6352375,0.6702407,0.6692041,0.7882469,0.5425579,0.755703,0.5452491,0.7588745
1620,-6000.423,3.613301e-09,0.969664,0.04414129,0.5248438,0.6352375,0.6702407,0.6692041,0.7882469,0.5425579,0.755703,0.5452491,0.7588745
1630,-6000.423,3.613301e-09,0.969664,0.04414129,0.5248438,0.6352375,0.6702407,0.6692041,0.7882469,0.5425579,0.755703,0.5452491,0.7588745
1640,-6000.423,3.613301e-09,0.969664,0.04414129,0.5248438,0.6352375,0.6702407,0.6692041,0.7882469,0.5425579,0.755703,0.5452491,0.7588745
1650,-6000.423,3.613301e-09,0.969664,0.04414129,0.5248438,0.6352375,0.6702407,0.6692041,0.7882469,0.5425579,0.755703,0.5452491,0.7588745
1660,-6000.423,3.613301e-09,0.969664,0.04414129,0.5248438,0.6352375,0.6702407,0.6692041,0.7882469,0.5425579,0.755703,0.5452491,0.7588745
1670,-6000.423,3.613301e-09,0.969664,0.04414129,0.5248438,0.6352375,0.6702407,0.6692041,0.7882469,0.5425579,0.755703,0.5452491,0.7588745
1680,-6000.423,3.613301e-09,0.969664,0.04414129,0.5248438,0.6352375,0.6702407,0.6692041,0.7882469,0.5425579,0.755703,0.5452491,0.7588745
1690,-6000.423,3.613301e-09,0.969664,0.04414129,0.5248438,0.6352375,0.6702407,0.6692041,0.7882469,0.5425579,0.755703,0.5452491,0.7588745
1700,-6000.423,3.613301e-09,0.969664,0.04414129,0.5248438,0.6352375,0.6702407,0.6692041,0.7882469,0.5425579,0.755703,0.5452491,0.7588745
1710,-6000.423,3.613301e-09,0.969664,0.04414129,0.5248438,0.6352375,0.6702407,0.6692041,0.7882469,0.5425579,0.755703,0.5452491,0.7588745
1720,-6000.423,3.613301e-09,0.969664,0.04414129,0.5248438,0.6352375,0.6702407,0.6692041,0.7882469,0.5425579,0.755703,0.5452491,0.7588745
1730,-6000.423,3.613301e-09,0.969664,0.04414129,0.5248438,0.6352375,0.6702407,0.6692041,0.7882469,0.5425579,0.755703,0.5452491,0.7588745
1740,-6000.423,3.613301e-09,0.969664,0.04414129,0.5248438,0.6352375,0.6702407,0.6692041,0.7882469,0.5425579,0.755703,0.5452491,0.7588745
1750,-6000.423,3.613301e-09,0.969664,0.04414129,0.5248438,0.6352375,0.6702407,0.6692041,0.7882469,0.5425579,0.755703,0.5452491,0.7588745
1760,-6000.423,3.613301e-09,0.969664,0.04414129,0.5248438,0.6352375,0.6702407,0.6692041,0.7882469,0.5425579,0.755703,0.5452491,0.7588745
1770,-6000.423,3.613301e-09,0.969664,0.04414129,0.5248438,0.6352375,0.6702407,0.6692041,0.7882469,0.5425579,0.755703,0.5452491,0.7588745
1780,-6000.423,3.613301e-09,0.969664,0.04414129,0.5248438,0.6352375,0.6702407,0.6692041,0.7882469,0.5425579,0.755703,0.5452491,0.7588745
1790,-6000.423,3.613301e-09,0.969664,0.04414129,0.5248438,0.6352375,0.6702407,0.6692041,0.7882469,0.5425579,0.755703,0.5452491,0.7588745
1800,-6000.423,3.613301e-09,0.969664,0.04414129,0.5248438,0.6352375,0.6702407,0.6692041,0.7882469,0.5425579,0.755703,0.5452491,0.7588745
1810,-6000.423,3.613301e-09,0.969664,0.04414129,0.5248438,0.6352375,0.6702407,0.6692041,0.7882469,0.5425579,0.755703,0.5452491,0.7588745
1820,-6000.423,3.613301e-09,0.969664,0.04414129,0.5248438,0.6352375,0.6702407,0.6692041,0.7882469,0.5425579,0.755703,0.5452491,0.7588745
1830,-6000.423,3.613301e-09,0.969664,0.04414129,0.5248438,0.6352375,0.6702407,0.6692041,0.7882469,0.5425579,0.755703,0.5452491,0.7588745
1840,-6000.423,3.613301e-09,0.969664,0.04414129,0.5248438,0.6352375,0.6702407,0.6692041,0.7882469,0.5425579,0.755703,0.5452491,0.7588745
1850,-6000.423,3.613301e-09,0.969664,0.04414129,0.5248438,0.6352375,0.6702407,0.6692041,0.7882469,0.5425579,0.755703,0.5452491,0.7588745
1860,-6000.423,3.613301e-09,0.969664,0.04414129,0.5248438,0.6352375,0.6702407,0.6692041,0.7882469,0.5425579,0.755703,0.5452491,0.7588745
1870,-6000.423,3.613301e-09,0.969664,0.04414129,0.5248438,0.6352375,0.6702407,0.6692041,0.7882469,0.5425579,0.755703,0.5452491,0.7588745
1880,-6000.423,3.613301e-09,0.969664,0.04414129,0.5248438,0.6352375,0.6702407,0.6692041,0.7882469,0.5425579,0.755703,0.5452491,0.7588745
1890,-6000.423,3.613301e-09,0.969664,0.04414129,0.5248438,0.6352375,0.6702407,0.6692041,0.7882469,0.5425579,0.755703,0.5452491,0.7588745
1900,-6000.423,3.613301e-09,0.969664,0.04414129,0.5248438,0.6352375,0.6702407,0.6692041,0.7882469,0.5425579,0.755703,0.5452491,0.7588745
1910,-6000.423,3.613301e-09,0.969664,0.04414129,0.5248438,0.6352375,0.6702407,0.6692041,0.7882469,0.5425579,0.755703,0.5452491,0.7588745
1920,-6000.423,3.613301e-09,0.969664,0.04414129,0.5248438,0.6352375,0.6702407,0.6692041,0.7882469,0.5425579,0.755703,0.5452491,0.7588745
1930,-6000.423,3.613301e-09,0.969664,0.04414129,0.5248438,0.6352375,0.6702407,0.6692041,0.7882469,0.5425579,0.755703,0.5452491,0.7588745
1940,-6000.423,3.613301e-09,0.969664,0.04414129,0.5248438,0.6352375,0.6702407,0.6692041,0.7882469,0.5425579,0.755703,0.5452491,0.7588745
1950,-6000.423,3.613301e-09,0.969664,0.04414129,0.5248438,0.6352375,0.6702407,0.6692041,0.7882469,0.5425579,0.755703,0.5452491,0.7588745
1960,-6000.423,3.613301e-09,0.969664,0.04414129,0.5248438,0.6352375,0.6702407,0.6692041,0.7882469,0.5425579,0.755703,0.5452491,0.7588745
1970,-6000.423,3.613301e-09,0.969664,0.04414129,0.5248438,0.6352375,0.6702407,0.6692041,0.7882469,0.5425579,0.755703,0.5452491,0.7588745
1980,-6000.423,3.613301e-09,0.969664,0.04414129,0.5248438,0.6352375,0.6702407,0.6692041,0.7882469,0.5425579,0.755703,0.5452491,0.7588745
1990,-6000.423,3.613301e-09,0.969664,0.04414129,0.5248438,0.6352375,0.6702407,0.6692041,0.7882469,0.5425579,0.755703,0.5452491,0.7588745
2000,-6000.423,3.613301e-09,0.969664,0.04414129,0.5248438,0.6352375,0.6702407,0.6692041,0.7882469,0.5425579,0.755703,0.5452491,0.7588745
2010,-6000.423,3.613301e-09,0.969664,0.04414129,0.5248438,0.6352375,0.6702407,0.6692041,0.7882469,0.5425579,0.755703,0.5452491,0.7588745
2020,-6000.423,3.613301e-09,0.969664,0.04414129,0.5248438,0.6352375,0.6702407,0.6692041,0.7882469,0.5425579,0.755703,0.5452491,0.7588745
2030,-6000.423,3.613301e-09,0.969664,0.04414129,0.5248438,0.6352375,0.6702407,0.6692041,0.7882469,0.5425579,0.755703,0.5452491,0.7588745
2040,-6000.423,3.613301e-09,0.969664,0.04414129,0.5248438,0.6352375,0.6702407,0.6692041,0.7882469,0.5425579,0.755703,0.5452491,0.7588745
2050,-6000.423,3.613301e-09,0.969664,0.04414129,0.5248438,0.6352375,0.6702407,0.6692041,0.7882469,0.5425579,0.755703,0.5452491,0.7588745
2060,-6000.423,3.613301e-09,0.969664,0.04414129,0.5248438,0.6352375,0.6702407,0.6692041,0.7882469,0.5425579,0.755703,0.5452491,0.7588745
2070,-6000.423,3.613301e-09,0.969664,0.04414129,0.5248438,0.6352375,0.6702407,0.6692041,0.7882469,0.5425579,0.755703,0.5452491,0.7588745
2080,-6000.423,3.613301e-09,0.969664,0.04414129,0.5248438,0.6352375,0.6702407,0.6692041,0.7882469,0.5425579,0.755703,0.5452491,0.7588745
2090,-6000.423,3.613301e-09,0.969664,0.04414129,0.5248438,0.6352375,0.6702407,0.6692041,0.7882469,0.5425579,0.755703,0.5452491,0.7588745
2100,-6000.423,3.613301e-09,0.969664,0.04414129,0.5248438,0.6352375,0.6702407,0.6692041,0.7882469,0.5425579,0.755703,0.5452491,0.7588745
2110,-6000.423,3.613301e-09,0.969664,0.04414129,0.5248438,0.6352375,0.6702407,0.6692041,0.7882469,0.5425579,0.755703,0.5452491,0.7588745
2120,-6000.423,3.613301e-09,0.969664,0.04414129,0.5248438,0.6352375,0.6702407,0.6692041,0.7882469,0.5425579,0.755703,0.5452491,0.7588745
2130,-6000.423,3.613301e-09,0.969664,0.04414129,0.5248438,0.6352375,0.6702407,0.6692041,0.7882469,0.5425579,0.755703,0.5452491,0.7588745
2140,-6000.423,3.613301e-09,0.969664,0.04414129,0.5248438,0.6352375,0.6702407,0.6692041,0.7882469,0.5425579,0.755703,0.5452491,0.7588745
2150,-6000.423,3.613301e-09,0.969664,0.04414129,0.5248438,0.6352375,0.6702407,0.6692041,0.7882469,0.5425579,0.755703,0.5452491,0.7588745
2160,-6000.423,3.613301e-09,0.969664,0.04414129,0.5248438,0.6352375,0.6702407,0.6692041,0.7882469,0.5425579,0.755703,0.5452491,0.7588745
2170,-6000.423,3.613301e-09,0.969664,0.04414129,0.5248438,0.6352375,0.6702407,0.6692041,0.7882469,0.5425579,0.755703,0.5452491,0.7588745
2180,-6000.423,3.613301e-09,0.969664,0.04414129,0.5248438,0.6352375,0.6702407,0.6692041,0.7882469,0.5425579,0.755703,0.5452491,0.7588745
2190,-6000.423,3.613301e-09,0.969664,0.04414129,0.5248438,0.6352375,0.6702407,0.6692041,0.7882469,0.5425579,0.755703,0.5452491,0.7588745
2200,-6000.423,3.613301e-09,0.969664,0.04414129,0.5248438,0.6352375,0.6702407,0.6692041,0.7882469,0.5425579,0.755703,0.5452491,0.7588745
2210,-6000.423,3.613301e-09,0.969664,0.04414129,0.5248438,0.6352375,0.6702407,0.6692041,0.7882469,0.5425579,0.755703,0.5452491,0.7588745
2220,-6000.423,3.613301e-09,0.969664,0.04414129,0.5248438,0.6352375,0.6702407,0.6692041,0.7882469,0.5425579,0.755703,0.5452491,0.7588745
2230,-6000.423,3.613301e-09,0.969664,0.04414129,0.5248438,0.6352375,0.6702407,0.6692041,0.7882469,0.5425579,0.755703,0.5452491,0.7588745
2240,-6000.423,3.613301e-09,0.969664,0.04414129,0.5248438,0.6352375,0.6702407,0.6692041,0.7882469,0.5425579,0.755703,0.5452491,0.7588745
2250,-6000.423,3.613301e-09,0.969664,0.04414129,0.5248438,0.6352375,0.6702407,0.6692041,0.7882469,0.5425579,0.755703,0.5452491,0.7588745
2260,-6000.423,3.613301e-09,0.969664,0.04414129,0.5248438,0.6352375,0.6702407,0.6692041,0.7882469,0.5425579,0.755703,0.5452491,0.7588745
2270,-6000.423,3.613301e-09,0.969664,0.04414129,0.5248438,0.6352375,0.6702407,0.6692041,0.7882469,0.5425579,0.755703,0.5452491,0.7588745
2280,-6000.423,3.613301e-09,0.969664,0.04414129,0.5248438,0.6352375,0.6702407,0.6692041,0.7882469,0.5425579,0.755703,0.5452491,0.7588745
2290,-6000.423,3.613301e-09,0.969664,0.04414129,0.5248438,0.6352375,0.6702407,0.6692041,0.7882469,0.5425579,0.755703,0.5452491,0.7588745
2300,-6000.423,3.613301e-09,0.969664,0.04414129,0.5248438,0.6352375,0.6702407,0.6692041,0.7882469,0.5425579,0.755703,0.5452491,0.7588745
2310,-6000.423,3.613301e-09,0.969664,0.04414129,0.5248438,0.6352375,0.6702407,0.6692041,0.7882469,0.5425579,0.755703,0.5452491,0.7588745
2320,-6000.423,3.613301e-09,0.969664,0.04414129,0.5248438,0.6352375,0.6702407,0.6692041,0.7882469,0.5425579,0.755703,0.5452491,0.7588745
2330,-6000.423,3.613301e-09,0.969664,0.04414129,0.5248438,0.6352375,0.6702407,0.6692041,0.7882469,0.5425579,0.755703,0.5452491,0.7588745
2340,-6000.423,3.613301e-09,0.969664,0.04414129,0.5248438,0.6352375,0.6702407,0.6692041,0.7882469,0.5425579,0.755703,0.5452491,0.7588745
2350,-6000.423,3.613301e-09,0.969664,0.04414129,0.5248438,0.6352375,0.6702407,0.6692041,0.7882469,0.5425579,0.755703,0.5452491,0.7588745
2360,-6000.423,3.613301e-09,0.969664,0.04414129,0.5248438,0.6352375,0.6702407,0.6692041,0.7882469,0.5425579,0.755703,0.5452491,0.7588745
2370,-6000.423,3.613301e-09,0.969664,0.04414129,0.5248438,0.6352375,0.6702407,0.6692041,0.7882469,0.5425579,0.755703,0.5452491,0.7588745
2380,-6000.423,3.613301e-09,0.969664,0.04414129,0.5248438,0.6352375,0.6702407,0.6692041,0.7882469,0.5425579,0.755703,0.5452491,0.7588745
2390,-6000.423,3.613301e-09,0.969664,0.04414129,0.5248438,0.6352375,0.6702407,0.6692041,0.7882469,0.5425579,0.755703,0.5452491,0.7588745
2400,-6000.423,3.613301e-09,0.969664,0.04414129,0.5248438,0.6352375,0.6702407,0.6692041,0.7882469,0.5425579,0.755703,0.5452491,0.7588745
2410,-6000.423,3.613301e-09,0.969664,0.04414129,0.5248438,0.6352375,0.6702407,0.6692041,0.7882469,0.5425579,0.755703,0.5452491,0.7588745
2420,-6000.423,3.613301e-09,0.969664,0.04414129,0.5248438,0.6352375,0.6702407,0.6692041,0.7882469,0.5425579,0.755703,0.5452491,0.7588745
2430,-6000.423,3.613301e-09,0.969664,0.04414129,0.5248438,0.6352375,0.6702407,0.6692041,0.7882469,0.5425579,0.755703,0.5452491,0.7588745
2440,-6000.423,3.613301e-09,0.969664,0.04414129,0.5248438,0.6352375,0.6702407,0.6692041,0.7882469,0.5425579,0.755703,0.5452491,0.7588745
2450,-6000.423,3.613301e-09,0.969664,0.04414129,0.5248438,0.6352375,0.6702407,0.6692041,0.7882469,0.5425579,0.755703,0.5452491,0.7588745
2460,-6000.423,3.613301e-09,0.969664,0.04414129,0.5248438,0.6352375,0.6702407,0.6692041,0.7882469,0.5425579,0.755703,0.5452491,0.7588745
2470,-6000.423,3.613301e-09,0.969664,0.04414129,0.5248438,0.6352375,0.6702407,0.6692041,0.7882469,0.5425579,0.755703,0.5452491,0.7588745
2480,-6000.423,3.613301e-09,0.969664,0.04414129,0.5248438,0.6352375,0.6702407,0.6692041,0.7882469,0.5425579,0.755703,0.5452491,0.7588745
2490,-6000.423,3.613301e-09,0.969664,0.04414129,0.5248438,0.6352375,0.6702407,0.6692041,0.7882469,0.5425579,0.755703,0.5452491,0.7588745
2500,-6000.423,3.613301e-09,0.969664,0.04414129,0.5248438,0.6352375,0.6702407,0.6692041,0.7882469,0.5425579,0.755703,0.5452491,0.7588745
2510,-5115.884,3.72567e-09,0.986164,0.04807032,0.5374827,0.6878311,0.6782409,0.6334132,0.7813108,0.5544171,0.8041354,0.5678835,0.735186
2520,-5115.884,3.72567e-09,0.986164,0.04807032,0.5374827,0.6878311,0.6782409,0.6334132,0.7813108,0.5544171,0.8041354,0.5678835,0.735186
2530,-4490.051,3.616104e-09,0.9221146,0.113924,0.5061771,0.7017182,0.6896791,0.5950348,0.760794,0.5420299,0.7549888,0.5519959,0.7505729
2540,-4490.051,3.616104e-09,0.9221146,0.113924,0.5061771,0.7017182,0.6896791,0.5950348,0.760794,0.5420299,0.7549888,0.5519959,0.7505729
2550,-4490.051,3.616104e-09,0.9221146,0.113924,0.5061771,0.7017182,0.6896791,0.5950348,0.760794,0.5420299,0.7549888,0.5519959,0.7505729
2560,-4490.051,3.616104e-09,0.9221146,0.113924,0.5061771,0.7017182,0.6896791,0.5950348,0.760794,0.5420299,0.7549888,0.5519959,0.7505729
2570,-4490.051,3.616104e-09,0.9221146,0.113924,0.5061771,0.7017182,0.6896791,0.5950348,0.760794,0.5420299,0.7549888,0.5519959,0.7505729
2580,-2978.763,3.736852e-09,0.8925076,0.1169843,0.5026952,0.7339688,0.7178848,0.5904455,0.8179671,0.6009044,0.7716201,0.5018673,0.7372962
2590,-2978.763,3.736852e-09,0.8925076,0.1169843,0.5026952,0.7339688,0.7178848,0.5904455,0.8179671,0.6009044,0.7716201,0.5018673,0.7372962
2600,-2978.763,3.736852e-09,0.8925076,0.1169843,0.5026952,0.7339688,0.7178848,0.5904455,0.8179671,0.6009044,0.7716201,0.5018673,0.7372962
2610,-2978.763,3.736852e-09,0.8925076,0.1169843,0.5026952,0.7339688,0.7178848,0.5904455,0.8179671,0.6009044,0.7716201,0.5018673,0.7372962
2620,-2978.763,3.736852e-09,0.8925076,0.1169843,0.5026952,0.7339688,0.7178848,0.5904455,0.8179671,0.6009044,0.7716201,0.5018673,0.7372962
2630,-2978.763,3.736852e-09,0.8925076,0.1169843,0.5026952,0.7339688,0.7178848,0.5904455,0.8179671,0.6009044,0.7716201,0.5018673,0.7372962
2640,-2978.763,3.736852e-09,0.8925076,0.1169843,0.5026952,0.7339688,0.7178848,0.5904455,0.8179671,0.6009044,0.7716201,0.5018673,0.7372962
2650,-2978.763,3.736852e-09,0.8925076,0.1169843,0.5026952,0.7339688,0.7178848,0.5904455,0.8179671,0.6009044,0.7716201,0.5018673,0.7372962
2660,-2978.763,3.736852e-09,0.8925076,0.1169843,0.5026952,0.7339688,0.7178848,0.5904455,0.8179671,0.6009044,0.7716201,0.5018673,0.7372962
2670,-2978.763,3.736852e-09,0.8925076,0.1169843,0.5026952,0.7339688,0.7178848,0.5904455,0.8179671,0.6009044,0.7716201,0.5018673,0.7372962
2680,-2978.763,3.736852e-09,0.8925076,0.1169843,0.5026952,0.7339688,0.7178848,0.5904455,0.8179671,0.6009044,0.7716201,0.5018673,0.7372962
2690,-2978.763,3.736852e-09,0.8925076,0.1169843,0.5026952,0.7339688,0.7178848,0.5904455,0.8179671,0.6009044,0.7716201,0.5018673,0.7372962
2700,-2978.763,3.736852e-09,0.8925076,0.1169843,0.5026952,0.7339688,0.7178848,0.5904455,0.8179671,0.6009044,0.7716201,0.5018673,0.7372962
2710,-2978.763,3.736852e-09,0.8925076,0.1169843,0.5026952,0.7339688,0.7178848,0.5904455,0.8179671,0.6009044,0.7716201,0.5018673,0.7372962
2720,-2882.239,3.841941e-09,0.9019804,0.1277122,0.5114357,0.7405379,0.7437983,0.6383997,0.7909203,0.6536663,0.7751095,0.5321682,0.7426821
2730,-2882.239,3.841941e-09,0.9019804,0.1277122,0.5114357,0.7405379,0.7437983,0.6383997,0.7909203,0.6536663,0.7751095,0.5321682,0.7426821
2740,-2882.239,3.841941e-09,0.9019804,0.1277122,0.5114357,0.7405379,0.7437983,0.6383997,0.7909203,0.6536663,0.7751095,0.5321682,0.7426821
2750,-2882.239,3.841941e-09,0.9019804,0.1277122,0.5114357,0.7405379,0.7437983,0.6383997,0.7909203,0.6536663,0.7751095,0.5321682,0.7426821
2760,-2882.239,3.841941e-09,0.9019804,0.1277122,0.5114357,0.7405379,0.7437983,0.6383997,0.7909203,0.6536663,0.7751095,0.5321682,0.7426821
2770,-2882.239,3.841941e-09,0.9019804,0.1277122,0.5114357,0.7405379,0.7437983,0.6383997,0.7909203,0.6536663,0.7751095,0.5321682,0.7426821
2780,-2882.239,3.841941e-09,0.9019804,0.1277122,0.5114357,0.7405379,0.7437983,0.6383997,0.7909203,0.6536663,0.7751095,0.5321682,0.7426821
2790,-2882.239,3.841941e-09,0.9019804,0.1277122,0.5114357,0.7405379,0.7437983,0.6383997,0.7909203,0.6536663,0.7751095,0.5321682,0.7426821
2800,-2882.239,3.841941e-09,0.9019804,0.1277122,0.5114357,0.7405379,0.7437983,0.6383997,0.7909203,0.6536663,0.7751095,0.5321682,0.7426821
2810,-2882.239,3.841941e-09,0.9019804,0.1277122,0.5114357,0.7405379,0.7437983,0.6383997,0.7909203,0.6536663,0.7751095,0.5321682,0.7426821
2820,-2882.239,3.841941e-09,0.9019804,0.1277122,0.5114357,0.7405379,0.7437983,0.6383997,0.7909203,0.6536663,0.7751095,0.5321682,0.7426821
2830,-2882.239,3.841941e-09,0.9019804,0.1277122,0.5114357,0.7405379,0.7437983,0.6383997,0.7909203,0.6536663,0.7751095,0.5321682,0.7426821
2840,-2882.239,3.841941e-09,0.9019804,0.1277122,0.5114357,0.7405379,0.7437983,0.6383997,0.7909203,0.6536663,0.7751095,0.5321682,0.7426821
2850,-2882.239,3.841941e-09,0.9019804,0.1277122,0.5114357,0.7405379,0.7437983,0.6383997,0.7909203,0.6536663,0.7751095,0.5321682,0.7426821
2860,-2882.239,3.841941e-09,0.9019804,0.1277122,0.5114357,0.7405379,0.7437983,0.6383997,0.7909203,0.6536663,0.7751095,0.5321682,0.7426821
2870,-2882.239,3.841941e-09,0.9019804,0.1277122,0.5114357,0.7405379,0.7437983,0.6383997,0.7909203,0.6536663,0.7751095,0.5321682,0.7426821
2880,-2882.239,3.841941e-09,0.9019804,0.1277122,0.5114357,0.7405379,0.7437983,0.6383997,0.7909203,0.6536663,0.7751095,0.5321682,0.7426821
2890,-2882.239,3.841941e-09,0.9019804,0.1277122,0.5114357,0.7405379,0.7437983,0.6383997,0.7909203,0.6536663,0.7751095,0.5321682,0.7426821
2900,-2882.239,3.841941e-09,0.9019804,0.1277122,0.5114357,0.7405379,0.7437983,0.6383997,0.7909203,0.6536663,0.7751095,0.5321682,0.7426821
2910,-2882.239,3.841941e-09,0.9019804,0.1277122,0.5114357,0.7405379,0.7437983,0.6383997,0.7909203,0.6536663,0.7751095,0.5321682,0.7426821
2920,-2882.239,3.841941e-09,0.9019804,0.1277122,0.5114357,0.7405379,0.7437983,0.6383997,0.7909203,0.6536663,0.7751095,0.5321682,0.7426821
2930,-2882.239,3.841941e-09,0.9019804,0.1277122,0.5114357,0.7405379,0.7437983,0.6383997,0.7909203,0.6536663,0.7751095,0.5321682,0.7426821
2940,-2882.239,3.841941e-09,0.9019804,0.1277122,0.5114357,0.7405379,0.7437983,0.6383997,0.7909203,0.6536663,0.7751095,0.5321682,0.7426821
2950,-2882.239,3.841941e-09,0.9019804,0.1277122,0.5114357,0.7405379,0.7437983,0.6383997,0.7909203,0.6536663,0.7751095,0.5321682,0.7426821
2960,-2882.239,3.841941e-09,0.9019804,0.1277122,0.5114357,0.7405379,0.7437983,0.6383997,0.7909203,0.6536663,0.7751095,0.5321682,0.7426821
2970,-2882.239,3.841941e-09,0.9019804,0.1277122,0.5114357,0.7405379,0.7437983,0.6383997,0.7909203,0.6536663,0.7751095,0.5321682,0.7426821
2980,-2882.239,3.841941e-09,0.9019804,0.1277122,0.5114357,0.7405379,0.7437983,0.6383997,0.7909203,0.6536663,0.7751095,0.5321682,0.7426821
2990,-2882.239,3.841941e-09,0.9019804,0.1277122,0.5114357,0.7405379,0.7437983,0.6383997,0.7909203,0.6536663,0.7751095,0.5321682,0.7426821
3000,-2882.239,3.841941e-09,0.9019804,0.1277122,0.5114357,0.7405379,0.7437983,0.6383997,0.7909203,0.6536663,0.7751095,0.5321682,0.7426821
3010,-2882.239,3.841941e-09,0.9019804,0.1277122,0.5114357,0.7405379,0.7437983,0.6383997,0.7909203,0.6536663,0.7751095,0.5321682,0.7426821
3020,-2882.239,3.841941e-09,0.9019804,0.1277122,0.5114357,0.7405379,0.7437983,0.6383997,0.7909203,0.6536663,0.7751095,0.5321682,0.7426821
3030,-2882.239,3.841941e-09,0.9019804,0.1277122,0.5114357,0.7405379,0.7437983,0.6383997,0.7909203,0.6536663,0.7751095,0.5321682,0.7426821
3040,-2882.239,3.841941e-09,0.9019804,0.1277122,0.5114357,0.7405379,0.7437983,0.6383997,0.7909203,0.6536663,0.7751095,0.5321682,0.7426821
3050,-2882.239,3.841941e-09,0.9019804,0.1277122,0.5114357,0.7405379,0.7437983,0.6383997,0.7909203,0.6536663,0.7751095,0.5321682,0.7426821
3060,-2882.239,3.841941e-09,0.9019804,0.1277122,0.5114357,0.7405379,0.7437983,0.6383997,0.7909203,0.6536663,0.7751095,0.5321682,0.7426821
3070,-2882.239,3.841941e-09,0.9019804,0.1277122,0.5114357,0.7405379,0.7437983,0.6383997,0.7909203,0.6536663,0.7751095,0.5321682,0.7426821
3080,-2882.239,3.841941e-09,0.9019804,0.1277122,0.5114357,0.7405379,0.7437983,0.6383997,0.7909203,0.6536663,0.7751095,0.5321682,0.7426821
3090,-2882.239,3.841941e-09,0.9019804,0.1277122,0.5114357,0.7405379,0.7437983,0.6383997,0.7909203,0.6536663,0.7751095,0.5321682,0.7426821
3100,-2882.239,3.841941e-09,0.9019804,0.1277122,0.5114357,0.7405379,0.7437983,0.6383997,0.7909203,0.6536663,0.7751095,0.5321682,0.7426821
3110,-2882.239,3.841941e-09,0.9019804,0.1277122,0.5114357,0.7405379,0.7437983,0.6383997,0.7909203,0.6536663,0.7751095,0.5321682,0.7426821
3120,-2882.239,3.841941e-09,0.9019804,0.1277122,0.5114357,0.7405379,0.7437983,0.6383997,0.7909203,0.6536663,0.7751095,0.5321682,0.7426821
3130,-2882.239,3.841941e-09,0.9019804,0.1277122,0.5114357,0.7405379,0.7437983,0.6383997,0.7909203,0.6536663,0.7751095,0.5321682,0.7426821
3140,-2882.239,3.841941e-09,0.9019804,0.1277122,0.5114357,0.7405379,0.7437983,0.6383997,0.7909203,0.6536663,0.7751095,0.5321682,0.7426821
3150,-2882.239,3.841941e-09,0.9019804,0.1277122,0.5114357,0.7405379,0.7437983,0.6383997,0.7909203,0.6536663,0.7751095,0.5321682,0.7426821
3160,-2882.239,3.841941e-09,0.9019804,0.1277122,0.5114357,0.7405379,0.7437983,0.6383997,0.7909203,0.6536663,0.7751095,0.5321682,0.7426821
3170,-2882.239,3.841941e-09,0.9019804,0.1277122,0.5114357,0.7405379,0.7437983,0.6383997,0.7909203,0.6536663,0.7751095,0.5321682,0.7426821
3180,-2882.239,3.841941e-09,0.9019804,0.1277122,0.5114357,0.7405379,0.7437983,0.6383997,0.7909203,0.6536663,0.7751095,0.5321682,0.7426821
3190,-2882.239,3.841941e-09,0.9019804,0.1277122,0.5114357,0.7405379,0.7437983,0.6383997,0.7909203,0.6536663,0.7751095,0.5321682,0.7426821
3200,-2882.239,3.841941e-09,0.9019804,0.1277122,0.5114357,0.7405379,0.7437983,0.6383997,0.7909203,0.6536663,0.7751095,0.5321682,0.7426821
3210,-2882.239,3.841941e-09,0.9019804,0.1277122,0.5114357,0.7405379,0.7437983,0.6383997,0.7909203,0.6536663,0.7751095,0.5321682,0.7426821
3220,-2882.239,3.841941e-09,0.9019804,0.1277122,0.5114357,0.7405379,0.7437983,0.6383997,0.7909203,0.6536663,0.7751095,0.5321682,0.7426821
3230,-2882.239,3.841941e-09,0.9019804,0.1277122,0.5114357,0.7405379,0.7437983,0.6383997,0.7909203,0.6536663,0.7751095,0.5321682,0.7426821
3240,-2882.239,3.841941e-09,0.9019804,0.1277122,0.5114357,0.7405379,0.7437983,0.6383997,0.7909203,0.6536663,0.7751095,0.5321682,0.7426821
3250,-2882.239,3.841941e-09,0.9019804,0.1277122,0.5114357,0.7405379,0.7437983,0.6383997,0.7909203,0.6536663,0.7751095,0.5321682,0.7426821
3260,-2882.239,3.841941e-09,0.9019804,0.1277122,0.5114357,0.7405379,0.7437983,0.6383997,0.7909203,0.6536663,0.7751095,0.5321682,0.7426821
3270,-2882.239,3.841941e-09,0.9019804,0.1277122,0.5114357,0.7405379,0.7437983,0.6383997,0.7909203,0.6536663,0.7751095,0.5321682,0.7426821
3280,-2882.239,3.841941e-09,0.9019804,0.1277122,0.5114357,0.7405379,0.7437983,0.6383997,0.7909203,0.6536663,0.7751095,0.5321682,0.7426821
3290,-2882.239,3.841941e-09,0.9019804,0.1277122,0.5114357,0.7405379,0.7437983,0.6383997,0.7909203,0.6536663,0.7751095,0.5321682,0.7426821
3300,-2882.239,3.841941e-09,0.9019804,0.1277122,0.5114357,0.7405379,0.7437983,0.6383997,0.7909203,0.6536663,0.7751095,0.5321682,0.7426821
3310,-2882.239,3.841941e-09,0.9019804,0.1277122,0.5114357,0.7405379,0.7437983,0.6383997,0.7909203,0.6536663,0.7751095,0.5321682,0.7426821
3320,-2882.239,3.841941e-09,0.9019804,0.1277122,0.5114357,0.7405379,0.7437983,0.6383997,0.7909203,0.6536663,0.7751095,0.5321682,0.7426821
3330,-2882.239,3.841941e-09,0.9019804,0.1277122,0.5114357,0.7405379,0.7437983,0.6383997,0.7909203,0.6536663,0.7751095,0.5321682,0.7426821
3340,-2882.239,3.841941e-09,0.9019804,0.1277122,0.5114357,0.7405379,0.7437983,0.6383997,0.7909203,0.6536663,0.7751095,0.5321682,0.7426821
3350,-2882.239,3.841941e-09,0.9019804,0.1277122,0.5114357,0.7405379,0.7437983,0.6383997,0.7909203,0.6536663,0.7751095,0.5321682,0.7426821
3360,-2882.239,3.841941e-09,0.9019804,0.1277122,0.5114357,0.7405379,0.7437983,0.6383997,0.7909203,0.6536663,0.7751095,0.5321682,0.7426821
3370,-2882.239,3.841941e-09,0.9019804,0.1277122,0.5114357,0.7405379,0.7437983,0.6383997,0.7909203,0.6536663,0.7751095,0.5321682,0.7426821
3380,-2882.239,3.841941e-09,0.9019804,0.1277122,0.5114357,0.7405379,0.7437983,0.6383997,0.7909203,0.6536663,0.7751095,0.5321682,0.7426821
3390,-2855.761,3.814114e-09,0.883122,0.115055,0.4954311,0.725685,0.7440414,0.5974292,0.8180781,0.6858948,0.7202767,0.5701338,0.7178571
3400,-2855.761,3.814114e-09,0.883122,0.115055,0.4954311,0.725685,0.7440414,0.5974292,0.8180781,0.6858948,0.7202767,0.5701338,0.7178571
3410,-2855.761,3.814114e-09,0.883122,0.115055,0.4954311,0.725685,0.7440414,0.5974292,0.8180781,0.6858948,0.7202767,0.5701338,0.7178571
3420,-2855.761,3.814114e-09,0.883122,0.115055,0.4954311,0.725685,0.7440414,0.5974292,0.8180781,0.6858948,0.7202767,0.5701338,0.7178571
3430,-2855.761,3.814114e-09,0.883122,0.115055,0.4954311,0.725685,0.7440414,0.5974292,0.8180781,0.6858948,0.7202767,0.5701338,0.7178571
3440,-2855.761,3.814114e-09,0.883122,0.115055,0.4954311,0.725685,0.7440414,0.5974292,0.8180781,0.6858948,0.7202767,0.5701338,0.7178571
3450,-2855.761,3.814114e-09,0.883122,0.115055,0.4954311,0.725685,0.7440414,0.5974292,0.8180781,0.6858948,0.7202767,0.5701338,0.7178571
3460,-2855.761,3.814114e-09,0.883122,0.115055,0.4954311,0.725685,0.7440414,0.5974292,0.8180781,0.6858948,0.7202767,0.5701338,0.7178571
3470,-2855.761,3.814114e-09,0.883122,0.115055,0.4954311,0.725685,0.7440414,0.5974292,0.8180781,0.6858948,0.7202767,0.5701338,0.7178571
3480,-2855.761,3.814114e-09,0.883122,0.115055,0.4954311,0.725685,0.7440414,0.5974292,0.8180781,0.6858948,0.7202767,0.5701338,0.7178571
3490,-2855.761,3.814114e-09,0.883122,0.115055,0.4954311,0.725685,0.7440414,0.5974292,0.8180781,0.6858948,0.7202767,0.5701338,0.7178571
3500,-2855.761,3.814114e-09,0.883122,0.115055,0.4954311,0.725685,0.7440414,0.5974292,0.8180781,0.6858948,0.7202767,0.5701338,0.7178571
3510,-2855.761,3.814114e-09,0.883122,0.115055,0.4954311,0.725685,0.7440414,0.5974292,0.8180781,0.6858948,0.7202767,0.5701338,0.7178571
3520,-2855.761,3.814114e-09,0.883122,0.115055,0.4954311,0.725685,0.7440414,0.5974292,0.8180781,0.6858948,0.7202767,0.5701338,0.7178571
3530,-2855.761,3.814114e-09,0.883122,0.115055,0.4954311,0.725685,0.7440414,0.5974292,0.8180781,0.6858948,0.7202767,0.5701338,0.7178571
3540,-2855.761,3.814114e-09,0.883122,0.115055,0.4954311,0.725685,0.7440414,0.5974292,0.8180781,0.6858948,0.7202767,0.5701338,0.7178571
3550,-2855.761,3.814114e-09,0.883122,0.115055,0.4954311,0.725685,0.7440414,0.5974292,0.8180781,0.6858948,0.7202767,0.5701338,0.7178571
3560,-2855.761,3.814114e-09,0.883122,0.115055,0.4954311,0.725685,0.7440414,0.5974292,0.8180781,0.6858948,0.7202767,0.5701338,0.7178571
3570,-2855.761,3.814114e-09,0.883122,0.115055,0.4954311,0.725685,0.7440414,0.5974292,0.8180781,0.6858948,0.7202767,0.5701338,0.7178571
3580,-2855.761,3.814114e-09,0.883122,0.115055,0.4954311,0.725685,0.7440414,0.5974292,0.8180781,0.6858948,0.7202767,0.5701338,0.7178571
3590,-2855.761,3.814114e-09,0.883122,0.115055,0.4954311,0.725685,0.7440414,0.5974292,0.8180781,0.6858948,0.7202767,0.5701338,0.7178571
3600,-2855.761,3.814114e-09,0.883122,0.115055,0.4954311,0.725685,0.7440414,0.5974292,0.8180781,0.6858948,0.7202767,0.5701338,0.7178571
3610,-2855.761,3.814114e-09,0.883122,0.115055,0.4954311,0.725685,0.7440414,0.5974292,0.8180781,0.6858948,0.7202767,0.5701338,0.7178571
3620,-2855.761,3.814114e-09,0.883122,0.115055,0.4954311,0.725685,0.7440414,0.5974292,0.8180781,0.6858948,0.7202767,0.5701338,0.7178571
3630,-2855.761,3.814114e-09,0.883122,0.115055,0.4954311,0.725685,0.7440414,0.5974292,0.8180781,0.6858948,0.7202767,0.5701338,0.7178571
3640,-2855.761,3.814114e-09,0.883122,0.115055,0.4954311,0.725685,0.7440414,0.5974292,0.8180781,0.6858948,0.7202767,0.5701338,0.7178571
3650,-2855.761,3.814114e-09,0.883122,0.115055,0.4954311,0.725685,0.7440414,0.5974292,0.8180781,0.6858948,0.7202767,0.5701338,0.7178571
3660,-2855.761,3.814114e-09,0.883122,0.115055,0.4954311,0.725685,0.7440414,0.5974292,0.8180781,0.6858948,0.7202767,0.5701338,0.7178571
3670,-2855.761,3.814114e-09,0.883122,0.115055,0.4954311,0.725685,0.7440414,0.5974292,0.8180781,0.6858948,0.7202767,0.5701338,0.7178571
3680,-2855.761,3.814114e-09,0.883122,0.115055,0.4954311,0.725685,0.7440414,0.5974292,0.8180781,0.6858948,0.7202767,0.5701338,0.7178571
3690,-2855.761,3.814114e-09,0.883122,0.115055,0.4954311,0.725685,0.7440414,0.5974292,0.8180781,0.6858948,0.7202767,0.5701338,0.7178571
3700,-2855.761,3.814114e-09,0.883122,0.115055,0.4954311,0.725685,0.7440414,0.5974292,0.8180781,0.6858948,0.7202767,0.5701338,0.7178571
3710,-2855.761,3.814114e-09,0.883122,0.115055,0.4954311,0.725685,0.7440414,0.5974292,0.8180781,0.6858948,0.7202767,0.5701338,0.7178571
3720,-2855.761,3.814114e-09,0.883122,0.115055,0.4954311,0.725685,0.7440414,0.5974292,0.8180781,0.6858948,0.7202767,0.5701338,0.7178571
3730,-2855.761,3.814114e-09,0.883122,0.115055,0.4954311,0.725685,0.7440414,0.5974292,0.8180781,0.6858948,0.7202767,0.5701338,0.7178571
3740,-2855.761,3.814114e-09,0.883122,0.115055,0.4954311,0.725685,0.7440414,0.5974292,0.8180781,0.6858948,0.7202767,0.5701338,0.7178571
3750,-2855.761,3.814114e-09,0.883122,0.115055,0.4954311,0.725685,0.7440414,0.5974292,0.8180781,0.6858948,0.7202767,0.5701338,0.7178571
3760,-2855.761,3.814114e-09,0.883122,0.115055,0.4954311,0.725685,0.7440414,0.5974292,0.8180781,0.6858948,0.7202767,0.5701338,0.7178571
3770,-2855.761,3.814114e-09,0.883122,0.115055,0.4954311,0.725685,0.7440414,0.5974292,0.8180781,0.6858948,0.7202767,0.5701338,0.7178571
3780,-2855.761,3.814114e-09,0.883122,0.115055,0.4954311,0.725685,0.7440414,0.5974292,0.8180781,0.6858948,0.7202767,0.5701338,0.7178571
3790,-2855.761,3.814114e-09,0.883122,0.115055,0.4954311,0.725685,0.7440414,0.5974292,0.8180781,0.6858948,0.7202767,0.5701338,0.7178571
3800,-2855.761,3.814114e-09,0.883122,0.115055,0.4954311,0.725685,0.7440414,0.5974292,0.8180781,0.6858948,0.7202767,0.5701338,0.7178571
3810,-2855.761,3.814114e-09,0.883122,0.115055,0.4954311,0.725685,0.7440414,0.5974292,0.8180781,0.6858948,0.7202767,0.5701338,0.7178571
3820,-2855.761,3.814114e-09,0.883122,0.115055,0.4954311,0.725685,0.7440414,0.5974292,0.8180781,0.6858948,0.7202767,0.5701338,0.7178571
3830,-2855.761,3.814114e-09,0.883122,0.115055,0.4954311,0.725685,0.7440414,0.5974292,0.8180781,0.6858948,0.7202767,0.5701338,0.7178571
3840,-2855.761,3.814114e-09,0.883122,0.115055,0.4954311,0.725685,0.7440414,0.5974292,0.8180781,0.6858948,0.7202767,0.5701338,0.7178571
3850,-2855.761,3.814114e-09,0.883122,0.115055,0.4954311,0.725685,0.7440414,0.5974292,0.8180781,0.6858948,0.7202767,0.5701338,0.7178571
3860,-2855.761,3.814114e-09,0.883122,0.115055,0.4954311,0.725685,0.7440414,0.5974292,0.8180781,0.6858948,0.7202767,0.5701338,0.7178571
3870,-2855.761,3.814114e-09,0.883122,0.115055,0.4954311,0.725685,0.7440414,0.5974292,0.8180781,0.6858948,0.7202767,0.5701338,0.7178571
3880,-2855.761,3.814114e-09,0.883122,0.115055,0.4954311,0.725685,0.7440414,0.5974292,0.8180781,0.6858948,0.7202767,0.5701338,0.7178571
3890,-2855.761,3.814114e-09,0.883122,0.115055,0.4954311,0.725685,0.7440414,0.5974292,0.8180781,0.6858948,0.7202767,0.5701338,0.7178571
3900,-2855.761,3.814114e-09,0.883122,0.115055,0.4954311,0.725685,0.7440414,0.5974292,0.8180781,0.6858948,0.7202767,0.5701338,0.7178571
3910,-2855.761,3.814114e-09,0.883122,0.115055,0.4954311,0.725685,0.7440414,0.5974292,0.8180781,0.6858948,0.7202767,0.5701338,0.7178571
3920,-2855.761,3.814114e-09,0.883122,0.115055,0.4954311,0.725685,0.7440414,0.5974292,0.8180781,0.6858948,0.7202767,0.5701338,0.7178571
3930,-2855.761,3.814114e-09,0.883122,0.115055,0.4954311,0.725685,0.7440414,0.5974292,0.8180781,0.6858948,0.7202767,0.5701338,0.7178571
3940,-2855.761,3.814114e-09,0.883122,0.115055,0.4954311,0.725685,0.7440414,0.5974292,0.8180781,0.6858948,0.7202767,0.5701338,0.7178571
3950,-2855.761,3.814114e-09,0.883122,0.115055,0.4954311,0.725685,0.7440414,0.5974292,0.8180781,0.6858948,0.7202767,0.5701338,0.7178571
3960,-2855.761,3.814114e-09,0.883122,0.115055,0.4954311,0.725685,0.7440414,0.5974292,0.8180781,0.6858948,0.7202767,0.5701338,0.7178571
3970,-2855.761,3.814114e-09,0.883122,0.115055,0.4954311,0.725685,0.7440414,0.5974292,0.8180781,0.6858948,0.7202767,0.5701338,0.7178571
3980,-2855.761,3.814114e-09,0.883122,0.115055,0.4954311,0.725685,0.7440414,0.5974292,0.8180781,0.6858948,0.7202767,0.5701338,0.7178571
3990,-2855.761,3.814114e-09,0.883122,0.115055,0.4954311,0.725685,0.7440414,0.5974292,0.8180781,0.6858948,0.7202767,0.5701338,0.7178571
4000,-2855.761,3.814114e-09,0.883122,0.115055,0.4954311,0.725685,0.7440414,0.5974292,0.8180781,0.6858948,0.7202767,0.5701338,0.7178571
4010,-2855.761,3.814114e-09,0.883122,0.115055,0.4954311,0.725685,0.7440414,0.5974292,0.8180781,0.6858948,0.7202767,0.5701338,0.7178571
4020,-2855.761,3.814114e-09,0.883122,0.115055,0.4954311,0.725685,0.7440414,0.5974292,0.8180781,0.6858948,0.7202767,0.5701338,0.7178571
4030,-2855.761,3.814114e-09,0.883122,0.115055,0.4954311,0.725685,0.7440414,0.5974292,0.8180781,0.6858948,0.7202767,0.5701338,0.7178571
4040,-2855.761,3.814114e-09,0.883122,0.115055,0.4954311,0.725685,0.7440414,0.5974292,0.8180781,0.6858948,0.7202767,0.5701338,0.7178571
4050,-2855.761,3.814114e-09,0.883122,0.115055,0.4954311,0.725685,0.7440414,0.5974292,0.8180781,0.6858948,0.7202767,0.5701338,0.7178571
4060,-2855.761,3.814114e-09,0.883122,0.115055,0.4954311,0.725685,0.7440414,0.5974292,0.8180781,0.6858948,0.7202767,0.5701338,0.7178571
4070,-2855.761,3.814114e-09,0.883122,0.115055,0.4954311,0.725685,0.7440414,0.5974292,0.8180781,0.6858948,0.7202767,0.5701338,0.7178571
4080,-2855.761,3.814114e-09,0.883122,0.115055,0.4954311,0.725685,0.7440414,0.5974292,0.8180781,0.6858948,0.7202767,0.5701338,0.7178571
4090,-2855.761,3.814114e-09,0.883122,0.115055,0.4954311,0.725685,0.7440414,0.5974292,0.8180781,0.6858948,0.7202767,0.5701338,0.7178571
4100,-2855.761,3.814114e-09,0.883122,0.115055,0.4954311,0.725685,0.7440414,0.5974292,0.8180781,0.6858948,0.7202767,0.5701338,0.7178571
4110,-2855.761,3.814114e-09,0.883122,0.115055,0.4954311,0.725685,0.7440414,0.5974292,0.8180781,0.6858948,0.7202767,0.5701338,0.7178571
4120,-2855.761,3.814114e-09,0.883122,0.115055,0.4954311,0.725685,0.7440414,0.5974292,0.8180781,0.6858948,0.7202767,0.5701338,0.7178571
4130,-2855.761,3.814114e-09,0.883122,0.115055,0.4954311,0.725685,0.7440414,0.5974292,0.8180781,0.6858948,0.7202767,0.5701338,0.7178571
4140,-2855.761,3.814114e-09,0.883122,0.115055,0.4954311,0.725685,0.7440414,0.5974292,0.8180781,0.6858948,0.7202767,0.5701338,0.7178571
4150,-2855.761,3.814114e-09,0.883122,0.115055,0.4954311,0.725685,0.7440414,0.5974292,0.8180781,0.6858948,0.7202767,0.5701338,0.7178571
4160,-2855.761,3.814114e-09,0.883122,0.115055,0.4954311,0.725685,0.7440414,0.5974292,0.8180781,0.6858948,0.7202767,0.5701338,0.7178571
4170,-2855.761,3.814114e-09,0.883122,0.115055,0.4954311,0.725685,0.7440414,0.5974292,0.8180781,0.6858948,0.7202767,0.5701338,0.7178571
4180,-2855.761,3.814114e-09,0.883122,0.115055,0.4954311,0.725685,0.7440414,0.5974292,0.8180781,0.6858948,0.7202767,0.5701338,0.7178571
4190,-2855.761,3.814114e-09,0.883122,0.115055,0.4954311,0.725685,0.7440414,0.5974292,0.8180781,0.6858948,0.7202767,0.5701338,0.7178571
4200,-2855.761,3.814114e-09,0.883122,0.115055,0.4954311,0.725685,0.7440414,0.5974292,0.8180781,0.6858948,0.7202767,0.5701338,0.7178571
4210,-2855.761,3.814114e-09,0.883122,0.115055,0.4954311,0.725685,0.7440414,0.5974292,0.8180781,0.6858948,0.7202767,0.5701338,0.7178571
4220,-2855.761,3.814114e-09,0.883122,0.115055,0.4954311,0.725685,0.7440414,0.5974292,0.8180781,0.6858948,0.7202767,0.5701338,0.7178571
4230,-2855.761,3.814114e-09,0.883122,0.115055,0.4954311,0.725685,0.7440414,0.5974292,0.8180781,0.6858948,0.7202767,0.5701338,0.7178571
4240,-2855.761,3.814114e-09,0.883122,0.115055,0.4954311,0.725685,0.7440414,0.5974292,0.8180781,0.6858948,0.7202767,0.5701338,0.7178571
4250,-2855.761,3.814114e-09,0.883122,0.115055,0.4954311,0.725685,0.7440414,0.5974292,0.8180781,0.6858948,0.7202767,0.5701338,0.7178571
4260,-2855.761,3.814114e-09,0.883122,0.115055,0.4954311,0.725685,0.7440414,0.5974292,0.8180781,0.6858948,0.7202767,0.5701338,0.7178571
4270,-2855.761,3.814114e-09,0.883122,0.115055,0.4954311,0.725685,0.7440414,0.5974292,0.8180781,0.6858948,0.7202767,0.5701338,0.7178571
4280,-2855.761,3.814114e-09,0.883122,0.115055,0.4954311,0.725685,0.7440414,0.5974292,0.8180781,0.6858948,0.7202767,0.5701338,0.7178571
4290,-2855.761,3.814114e-09,0.883122,0.115055,0.4954311,0.725685,0.7440414,0.5974292,0.8180781,0.6858948,0.7202767,0.5701338,0.7178571
4300,-2855.761,3.814114e-09,0.883122,0.115055,0.4954311,0.725685,0.7440414,0.5974292,0.8180781,0.6858948,0.7202767,0.5701338,0.7178571
4310,-2855.761,3.814114e-09,0.883122,0.115055,0.4954311,0.725685,0.7440414,0.5974292,0.8180781,0.6858948,0.7202767,0.5701338,0.7178571
4320,-2855.761,3.814114e-09,0.883122,0.115055,0.4954311,0.725685,0.7440414,0.5974292,0.8180781,0.6858948,0.7202767,0.5701338,0.7178571
4330,-2847.363,3.641714e-09,0.8544006,0.1743746,0.4826059,0.6794605,0.7113905,0.5718529,0.8048919,0.6329208,0.7176818,0.5719957,0.6901245
4340,-2847.363,3.641714e-09,0.8544006,0.1743746,0.4826059,0.6794605,0.7113905,0.5718529,0.8048919,0.6329208,0.7176818,0.5719957,0.6901245
4350,-2847.363,3.641714e-09,0.8544006,0.1743746,0.4826059,0.6794605,0.7113905,0.5718529,0.8048919,0.6329208,0.7176818,0.5719957,0.6901245
4360,-2847.363,3.641714e-09,0.8544006,0.1743746,0.4826059,0.6794605,0.7113905,0.5718529,0.8048919,0.6329208,0.7176818,0.5719957,0.6901245
4370,-2847.363,3.641714e-09,0.8544006,0.1743746,0.4826059,0.6794605,0.7113905,0.5718529,0.8048919,0.6329208,0.7176818,0.5719957,0.6901245
4380,-2847.363,3.641714e-09,0.8544006,0.1743746,0.4826059,0.6794605,0.7113905,0.5718529,0.8048919,0.6329208,0.7176818,0.5719957,0.6901245
4390,-2847.363,3.641714e-09,0.8544006,0.1743746,0.4826059,0.6794605,0.7113905,0.5718529,0.8048919,0.6329208,0.7176818,0.5719957,0.6901245
4400,-2847.363,3.641714e-09,0.8544006,0.1743746,0.4826059,0.6794605,0.7113905,0.5718529,0.8048919,0.6329208,0.7176818,0.5719957,0.6901245
4410,-2847.363,3.641714e-09,0.8544006,0.1743746,0.4826059,0.6794605,0.7113905,0.5718529,0.8048919,0.6329208,0.7176818,0.5719957,0.6901245
4420,-2847.363,3.641714e-09,0.8544006,0.1743746,0.4826059,0.6794605,0.7113905,0.5718529,0.8048919,0.6329208,0.7176818,0.5719957,0.6901245
4430,-2847.363,3.641714e-09,0.8544006,0.1743746,0.4826059,0.6794605,0.7113905,0.5718529,0.8048919,0.6329208,0.7176818,0.5719957,0.6901245
4440,-2847.363,3.641714e-09,0.8544006,0.1743746,0.4826059,0.6794605,0.7113905,0.5718529,0.8048919,0.6329208,0.7176818,0.5719957,0.6901245
4450,-2847.363,3.641714e-09,0.8544006,0.1743746,0.4826059,0.6794605,0.7113905,0.5718529,0.8048919,0.6329208,0.7176818,0.5719957,0.6901245
4460,-2847.363,3.641714e-09,0.8544006,0.1743746,0.4826059,0.6794605,0.7113905,0.5718529,0.8048919,0.6329208,0.7176818,0.5719957,0.6901245
4470,-2847.363,3.641714e-09,0.8544006,0.1743746,0.4826059,0.6794605,0.7113905,0.5718529,0.8048919,0.6329208,0.7176818,0.5719957,0.6901245
4480,-2847.363,3.641714e-09,0.8544006,0.1743746,0.4826059,0.6794605,0.7113905,0.5718529,0.8048919,0.6329208,0.7176818,0.5719957,0.6901245
4490,-2847.363,3.641714e-09,0.8544006,0.1743746,0.4826059,0.6794605,0.7113905,0.5718529,0.8048919,0.6329208,0.7176818,0.5719957,0.6901245
4500,-2847.363,3.641714e-09,0.8544006,0.1743746,0.4826059,0.6794605,0.7113905,0.5718529,0.8048919,0.6329208,0.7176818,0.5719957,0.6901245
4510,-2847.363,3.641714e-09,0.8544006,0.1743746,0.4826059,0.6794605,0.7113905,0.5718529,0.8048919,0.6329208,0.7176818,0.5719957,0.6901245
4520,-2847.363,3.641714e-09,0.8544006,0.1743746,0.4826059,0.6794605,0.7113905,0.5718529,0.8048919,0.6329208,0.7176818,0.5719957,0.6901245
4530,-2847.363,3.641714e-09,0.8544006,0.1743746,0.4826059,0.6794605,0.7113905,0.5718529,0.8048919,0.6329208,0.7176818,0.5719957,0.6901245
4540,-2847.363,3.641714e-09,0.8544006,0.1743746,0.4826059,0.6794605,0.7113905,0.5718529,0.8048919,0.6329208,0.7176818,0.5719957,0.6901245
4550,-2847.363,3.641714e-09,0.8544006,0.1743746,0.4826059,0.6794605,0.7113905,0.5718529,0.8048919,0.6329208,0.7176818,0.5719957,0.6901245
4560,-2847.363,3.641714e-09,0.8544006,0.1743746,0.4826059,0.6794605,0.7113905,0.5718529,0.8048919,0.6329208,0.7176818,0.5719957,0.6901245
4570,-2847.363,3.641714e-09,0.8544006,0.1743746,0.4826059,0.6794605,0.7113905,0.5718529,0.8048919,0.6329208,0.7176818,0.5719957,0.6901245
4580,-2847.363,3.641714e-09,0.8544006,0.1743746,0.4826059,0.6794605,0.7113905,0.5718529,0.8048919,0.6329208,0.7176818,0.5719957,0.6901245
4590,-2847.363,3.641714e-09,0.8544006,0.1743746,0.4826059,0.6794605,0.7113905,0.5718529,0.8048919,0.6329208,0.7176818,0.5719957,0.6901245
4600,-2847.363,3.641714e-09,0.8544006,0.1743746,0.4826059,0.6794605,0.7113905,0.5718529,0.8048919,0.6329208,0.7176818,0.5719957,0.6901245
4610,-2847.363,3.641714e-09,0.8544006,0.1743746,0.4826059,0.6794605,0.7113905,0.5718529,0.8048919,0.6329208,0.7176818,0.5719957,0.6901245
4620,-2847.363,3.641714e-09,0.8544006,0.1743746,0.4826059,0.6794605,0.7113905,0.5718529,0.8048919,0.6329208,0.7176818,0.5719957,0.6901245
4630,-2847.363,3.641714e-09,0.8544006,0.1743746,0.4826059,0.6794605,0.7113905,0.5718529,0.8048919,0.6329208,0.7176818,0.5719957,0.6901245
4640,-2847.363,3.641714e-09,0.8544006,0.1743746,0.4826059,0.6794605,0.7113905,0.5718529,0.8048919,0.6329208,0.7176818,0.5719957,0.6901245
4650,-2847.363,3.641714e-09,0.8544006,0.1743746,0.4826059,0.6794605,0.7113905,0.5718529,0.8048919,0.6329208,0.7176818,0.5719957,0.6901245
4660,-2847.363,3.641714e-09,0.8544006,0.1743746,0.4826059,0.6794605,0.7113905,0.5718529,0.8048919,0.6329208,0.7176818,0.5719957,0.6901245
4670,-2847.363,3.641714e-09,0.8544006,0.1743746,0.4826059,0.6794605,0.7113905,0.5718529,0.8048919,0.6329208,0.7176818,0.5719957,0.6901245
4680,-2847.363,3.641714e-09,0.8544006,0.1743746,0.4826059,0.6794605,0.7113905,0.5718529,0.8048919,0.6329208,0.7176818,0.5719957,0.6901245
4690,-2847.363,3.641714e-09,0.8544006,0.1743746,0.4826059,0.6794605,0.7113905,0.5718529,0.8048919,0.6329208,0.7176818,0.5719957,0.6901245
4700,-2847.363,3.641714e-09,0.8544006,0.1743746,0.4826059,0.6794605,0.7113905,0.5718529,0.8048919,0.6329208,0.7176818,0.5719957,0.6901245
4710,-2847.363,3.641714e-09,0.8544006,0.1743746,0.4826059,0.6794605,0.7113905,0.5718529,0.8048919,0.6329208,0.7176818,0.5719957,0.6901245
4720,-2847.363,3.641714e-09,0.8544006,0.1743746,0.4826059,0.6794605,0.7113905,0.5718529,0.8048919,0.6329208,0.7176818,0.5719957,0.6901245
4730,-2847.363,3.641714e-09,0.8544006,0.1743746,0.4826059,0.6794605,0.7113905,0.5718529,0.8048919,0.6329208,0.7176818,0.5719957,0.6901245
4740,-2847.363,3.641714e-09,0.8544006,0.1743746,0.4826059,0.6794605,0.7113905,0.5718529,0.8048919,0.6329208,0.7176818,0.5719957,0.6901245
4750,-2847.363,3.641714e-09,0.8544006,0.1743746,0.4826059,0.6794605,0.7113905,0.5718529,0.8048919,0.6329208,0.7176818,0.5719957,0.6901245
4760,-2847.363,3.641714e-09,0.8544006,0.1743746,0.4826059,0.6794605,0.7113905,0.5718529,0.8048919,0.6329208,0.7176818,0.5719957,0.6901245
4770,-2847.363,3.641714e-09,0.8544006,0.1743746,0.4826059,0.6794605,0.7113905,0.5718529,0.8048919,0.6329208,0.7176818,0.5719957,0.6901245
4780,-2847.363,3.641714e-09,0.8544006,0.1743746,0.4826059,0.6794605,0.7113905,0.5718529,0.8048919,0.6329208,0.7176818,0.5719957,0.6901245
4790,-2847.363,3.641714e-09,0.8544006,0.1743746,0.4826059,0.6794605,0.7113905,0.5718529,0.8048919,0.6329208,0.7176818,0.5719957,0.6901245
4800,-2847.363,3.641714e-09,0.8544006,0.1743746,0.4826059,0.6794605,0.7113905,0.5718529,0.8048919,0.6329208,0.7176818,0.5719957,0.6901245
4810,-2847.363,3.641714e-09,0.8544006,0.1743746,0.4826059,0.6794605,0.7113905,0.5718529,0.8048919,0.6329208,0.7176818,0.5719957,0.6901245
4820,-2847.363,3.641714e-09,0.8544006,0.1743746,0.4826059,0.6794605,0.7113905,0.5718529,0.8048919,0.6329208,0.7176818,0.5719957,0.6901245
4830,-2847.363,3.641714e-09,0.8544006,0.1743746,0.4826059,0.6794605,0.7113905,0.5718529,0.8048919,0.6329208,0.7176818,0.5719957,0.6901245
4840,-2847.363,3.641714e-09,0.8544006,0.1743746,0.4826059,0.6794605,0.7113905,0.5718529,0.8048919,0.6329208,0.7176818,0.5719957,0.6901245
4850,-2847.363,3.641714e-09,0.8544006,0.1743746,0.4826059,0.6794605,0.7113905,0.5718529,0.8048919,0.6329208,0.7176818,0.5719957,0.6901245
4860,-2847.363,3.641714e-09,0.8544006,0.1743746,0.4826059,0.6794605,0.7113905,0.5718529,0.8048919,0.6329208,0.7176818,0.5719957,0.6901245
4870,-2847.363,3.641714e-09,0.8544006,0.1743746,0.4826059,0.6794605,0.7113905,0.5718529,0.8048919,0.6329208,0.7176818,0.5719957,0.6901245
4880,-2847.363,3.641714e-09,0.8544006,0.1743746,0.4826059,0.6794605,0.7113905,0.5718529,0.8048919,0.6329208,0.7176818,0.5719957,0.6901245
4890,-2847.363,3.641714e-09,0.8544006,0.1743746,0.4826059,0.6794605,0.7113905,0.5718529,0.8048919,0.6329208,0.7176818,0.5719957,0.6901245
4900,-2847.363,3.641714e-09,0.8544006,0.1743746,0.4826059,0.6794605,0.7113905,0.5718529,0.8048919,0.6329208,0.7176818,0.5719957,0.6901245
4910,-2847.363,3.641714e-09,0.8544006,0.1743746,0.4826059,0.6794605,0.7113905,0.5718529,0.8048919,0.6329208,0.7176818,0.5719957,0.6901245
4920,-2847.363,3.641714e-09,0.8544006,0.1743746,0.4826059,0.6794605,0.7113905,0.5718529,0.8048919,0.6329208,0.7176818,0.5719957,0.6901245
4930,-2847.363,3.641714e-09,0.8544006,0.1743746,0.4826059,0.6794605,0.7113905,0.5718529,0.8048919,0.6329208,0.7176818,0.5719957,0.6901245
4940,-2847.363,3.641714e-09,0.8544006,0.1743746,0.4826059,0.6794605,0.7113905,0.5718529,0.8048919,0.6329208,0.7176818,0.5719957,0.6901245
4950,-2847.363,3.641714e-09,0.8544006,0.1743746,0.4826059,0.6794605,0.7113905,0.5718529,0.8048919,0.6329208,0.7176818,0.5719957,0.6901245
4960,-2847.363,3.641714e-09,0.8544006,0.1743746,0.4826059,0.6794605,0.7113905,0.5718529,0.8048919,0.6329208,0.7176818,0.5719957,0.6901245
4970,-2847.363,3.641714e-09,0.8544006,0.1743746,0.4826059,0.6794605,0.7113905,0.5718529,0.8048919,0.6329208,0.7176818,0.5719957,0.6901245
4980,-2847.363,3.641714e-09,0.8544006,0.1743746,0.4826059,0.6794605,0.7113905,0.5718529,0.8048919,0.6329208,0.7176818,0.5719957,0.6901245
4990,-2847.363,3.641714e-09,0.8544006,0.1743746,0.4826059,0.6794605,0.7113905,0.5718529,0.8048919,0.6329208,0.7176818,0.5719957,0.6901245
5000,-2847.363,3.641714e-09,0.8544006,0.1743746,0.4826059,0.6794605,0.7113905,0.5718529,0.8048919,0.6329208,0.7176818,0.5719957,0.6901245
