Iteration,Likelihood,transmRate,vecEff1,vecEff2,vecEff3,vecEff4,vecEff5,vecEff6,vecEff7,vecEff8,vecEff9,vecEff10,vecEff11,vecEff12
10,-1000698,4.450186e-08,0.08842161,0.006742107,0.2077007,0.7396025,0.6870785,0.6270005,0.5675984,0.4185207,0.9872179,0.246233,0.4355297,0.6219219
20,-1000698,4.450186e-08,0.08842161,0.006742107,0.2077007,0.7396025,0.6870785,0.6270005,0.5675984,0.4185207,0.9872179,0.246233,0.4355297,0.6219219
30,-1000698,4.450186e-08,0.08842161,0.006742107,0.2077007,0.7396025,0.6870785,0.6270005,0.5675984,0.4185207,0.9872179,0.246233,0.4355297,0.6219219
40,-1000698,4.450186e-08,0.08842161,0.006742107,0.2077007,0.7396025,0.6870785,0.6270005,0.5675984,0.4185207,0.9872179,0.246233,0.4355297,0.6219219
50,-1000698,4.450186e-08,0.08842161,0.006742107,0.2077007,0.7396025,0.6870785,0.6270005,0.5675984,0.4185207,0.9872179,0.246233,0.4355297,0.6219219
60,-1000698,4.450186e-08,0.08842161,0.006742107,0.2077007,0.7396025,0.6870785,0.6270005,0.5675984,0.4185207,0.9872179,0.246233,0.4355297,0.6219219
70,-1000698,4.450186e-08,0.08842161,0.006742107,0.2077007,0.7396025,0.6870785,0.6270005,0.5675984,0.4185207,0.9872179,0.246233,0.4355297,0.6219219
80,-1000698,4.450186e-08,0.08842161,0.006742107,0.2077007,0.7396025,0.6870785,0.6270005,0.5675984,0.4185207,0.9872179,0.246233,0.4355297,0.6219219
90,-1000698,4.450186e-08,0.08842161,0.006742107,0.2077007,0.7396025,0.6870785,0.6270005,0.5675984,0.4185207,0.9872179,0.246233,0.4355297,0.6219219
100,-1000698,4.450186e-08,0.08842161,0.006742107,0.2077007,0.7396025,0.6870785,0.6270005,0.5675984,0.4185207,0.9872179,0.246233,0.4355297,0.6219219
110,-1000698,4.450186e-08,0.08842161,0.006742107,0.2077007,0.7396025,0.6870785,0.6270005,0.5675984,0.4185207,0.9872179,0.246233,0.4355297,0.6219219
120,-1000698,4.450186e-08,0.08842161,0.006742107,0.2077007,0.7396025,0.6870785,0.6270005,0.5675984,0.4185207,0.9872179,0.246233,0.4355297,0.6219219
130,-1000698,4.450186e-08,0.08842161,0.006742107,0.2077007,0.7396025,0.6870785,0.6270005,0.5675984,0.4185207,0.9872179,0.246233,0.4355297,0.6219219
140,-1000698,4.450186e-08,0.08842161,0.006742107,0.2077007,0.7396025,0.6870785,0.6270005,0.5675984,0.4185207,0.9872179,0.246233,0.4355297,0.6219219
150,-1000698,4.450186e-08,0.08842161,0.006742107,0.2077007,0.7396025,0.6870785,0.6270005,0.5675984,0.4185207,0.9872179,0.246233,0.4355297,0.6219219
160,-1000698,4.450186e-08,0.08842161,0.006742107,0.2077007,0.7396025,0.6870785,0.6270005,0.5675984,0.4185207,0.9872179,0.246233,0.4355297,0.6219219
170,-1000698,4.450186e-08,0.08842161,0.006742107,0.2077007,0.7396025,0.6870785,0.6270005,0.5675984,0.4185207,0.9872179,0.246233,0.4355297,0.6219219
180,-1000698,4.450186e-08,0.08842161,0.006742107,0.2077007,0.7396025,0.6870785,0.6270005,0.5675984,0.4185207,0.9872179,0.246233,0.4355297,0.6219219
190,-1000698,4.450186e-08,0.08842161,0.006742107,0.2077007,0.7396025,0.6870785,0.6270005,0.5675984,0.4185207,0.9872179,0.246233,0.4355297,0.6219219
200,-1000698,4.450186e-08,0.08842161,0.006742107,0.2077007,0.7396025,0.6870785,0.6270005,0.5675984,0.4185207,0.9872179,0.246233,0.4355297,0.6219219
210,-1000698,4.450186e-08,0.08842161,0.006742107,0.2077007,0.7396025,0.6870785,0.6270005,0.5675984,0.4185207,0.9872179,0.246233,0.4355297,0.6219219
220,-1000698,4.450186e-08,0.08842161,0.006742107,0.2077007,0.7396025,0.6870785,0.6270005,0.5675984,0.4185207,0.9872179,0.246233,0.4355297,0.6219219
230,-1000698,4.450186e-08,0.08842161,0.006742107,0.2077007,0.7396025,0.6870785,0.6270005,0.5675984,0.4185207,0.9872179,0.246233,0.4355297,0.6219219
240,-1000698,4.450186e-08,0.08842161,0.006742107,0.2077007,0.7396025,0.6870785,0.6270005,0.5675984,0.4185207,0.9872179,0.246233,0.4355297,0.6219219
250,-1000698,4.450186e-08,0.08842161,0.006742107,0.2077007,0.7396025,0.6870785,0.6270005,0.5675984,0.4185207,0.9872179,0.246233,0.4355297,0.6219219
260,-1000698,4.450186e-08,0.08842161,0.006742107,0.2077007,0.7396025,0.6870785,0.6270005,0.5675984,0.4185207,0.9872179,0.246233,0.4355297,0.6219219
270,-1000698,4.450186e-08,0.08842161,0.006742107,0.2077007,0.7396025,0.6870785,0.6270005,0.5675984,0.4185207,0.9872179,0.246233,0.4355297,0.6219219
280,-1000698,4.450186e-08,0.08842161,0.006742107,0.2077007,0.7396025,0.6870785,0.6270005,0.5675984,0.4185207,0.9872179,0.246233,0.4355297,0.6219219
290,-1000698,4.450186e-08,0.08842161,0.006742107,0.2077007,0.7396025,0.6870785,0.6270005,0.5675984,0.4185207,0.9872179,0.246233,0.4355297,0.6219219
300,-1000698,4.450186e-08,0.08842161,0.006742107,0.2077007,0.7396025,0.6870785,0.6270005,0.5675984,0.4185207,0.9872179,0.246233,0.4355297,0.6219219
310,-1000698,4.450186e-08,0.08842161,0.006742107,0.2077007,0.7396025,0.6870785,0.6270005,0.5675984,0.4185207,0.9872179,0.246233,0.4355297,0.6219219
320,-1000698,4.450186e-08,0.08842161,0.006742107,0.2077007,0.7396025,0.6870785,0.6270005,0.5675984,0.4185207,0.9872179,0.246233,0.4355297,0.6219219
330,-1000698,4.450186e-08,0.08842161,0.006742107,0.2077007,0.7396025,0.6870785,0.6270005,0.5675984,0.4185207,0.9872179,0.246233,0.4355297,0.6219219
340,-1000698,4.450186e-08,0.08842161,0.006742107,0.2077007,0.7396025,0.6870785,0.6270005,0.5675984,0.4185207,0.9872179,0.246233,0.4355297,0.6219219
350,-1000698,4.450186e-08,0.08842161,0.006742107,0.2077007,0.7396025,0.6870785,0.6270005,0.5675984,0.4185207,0.9872179,0.246233,0.4355297,0.6219219
360,-1000698,4.450186e-08,0.08842161,0.006742107,0.2077007,0.7396025,0.6870785,0.6270005,0.5675984,0.4185207,0.9872179,0.246233,0.4355297,0.6219219
370,-1000698,4.450186e-08,0.08842161,0.006742107,0.2077007,0.7396025,0.6870785,0.6270005,0.5675984,0.4185207,0.9872179,0.246233,0.4355297,0.6219219
380,-1000698,4.450186e-08,0.08842161,0.006742107,0.2077007,0.7396025,0.6870785,0.6270005,0.5675984,0.4185207,0.9872179,0.246233,0.4355297,0.6219219
390,-1000698,4.450186e-08,0.08842161,0.006742107,0.2077007,0.7396025,0.6870785,0.6270005,0.5675984,0.4185207,0.9872179,0.246233,0.4355297,0.6219219
400,-1000698,4.450186e-08,0.08842161,0.006742107,0.2077007,0.7396025,0.6870785,0.6270005,0.5675984,0.4185207,0.9872179,0.246233,0.4355297,0.6219219
410,-1000698,4.450186e-08,0.08842161,0.006742107,0.2077007,0.7396025,0.6870785,0.6270005,0.5675984,0.4185207,0.9872179,0.246233,0.4355297,0.6219219
420,-1000698,4.450186e-08,0.08842161,0.006742107,0.2077007,0.7396025,0.6870785,0.6270005,0.5675984,0.4185207,0.9872179,0.246233,0.4355297,0.6219219
430,-1000698,4.450186e-08,0.08842161,0.006742107,0.2077007,0.7396025,0.6870785,0.6270005,0.5675984,0.4185207,0.9872179,0.246233,0.4355297,0.6219219
440,-1000698,4.450186e-08,0.08842161,0.006742107,0.2077007,0.7396025,0.6870785,0.6270005,0.5675984,0.4185207,0.9872179,0.246233,0.4355297,0.6219219
450,-1000698,4.450186e-08,0.08842161,0.006742107,0.2077007,0.7396025,0.6870785,0.6270005,0.5675984,0.4185207,0.9872179,0.246233,0.4355297,0.6219219
460,-1000698,4.450186e-08,0.08842161,0.006742107,0.2077007,0.7396025,0.6870785,0.6270005,0.5675984,0.4185207,0.9872179,0.246233,0.4355297,0.6219219
470,-1000698,4.450186e-08,0.08842161,0.006742107,0.2077007,0.7396025,0.6870785,0.6270005,0.5675984,0.4185207,0.9872179,0.246233,0.4355297,0.6219219
480,-1000698,4.450186e-08,0.08842161,0.006742107,0.2077007,0.7396025,0.6870785,0.6270005,0.5675984,0.4185207,0.9872179,0.246233,0.4355297,0.6219219
490,-1000698,4.450186e-08,0.08842161,0.006742107,0.2077007,0.7396025,0.6870785,0.6270005,0.5675984,0.4185207,0.9872179,0.246233,0.4355297,0.6219219
500,-1000698,4.450186e-08,0.08842161,0.006742107,0.2077007,0.7396025,0.6870785,0.6270005,0.5675984,0.4185207,0.9872179,0.246233,0.4355297,0.6219219
510,-1000698,4.450186e-08,0.08842161,0.006742107,0.2077007,0.7396025,0.6870785,0.6270005,0.5675984,0.4185207,0.9872179,0.246233,0.4355297,0.6219219
520,-1000698,4.450186e-08,0.08842161,0.006742107,0.2077007,0.7396025,0.6870785,0.6270005,0.5675984,0.4185207,0.9872179,0.246233,0.4355297,0.6219219
530,-1000698,4.450186e-08,0.08842161,0.006742107,0.2077007,0.7396025,0.6870785,0.6270005,0.5675984,0.4185207,0.9872179,0.246233,0.4355297,0.6219219
540,-1000698,4.450186e-08,0.08842161,0.006742107,0.2077007,0.7396025,0.6870785,0.6270005,0.5675984,0.4185207,0.9872179,0.246233,0.4355297,0.6219219
550,-1000698,4.450186e-08,0.08842161,0.006742107,0.2077007,0.7396025,0.6870785,0.6270005,0.5675984,0.4185207,0.9872179,0.246233,0.4355297,0.6219219
560,-1000698,4.450186e-08,0.08842161,0.006742107,0.2077007,0.7396025,0.6870785,0.6270005,0.5675984,0.4185207,0.9872179,0.246233,0.4355297,0.6219219
570,-1000698,4.450186e-08,0.08842161,0.006742107,0.2077007,0.7396025,0.6870785,0.6270005,0.5675984,0.4185207,0.9872179,0.246233,0.4355297,0.6219219
580,-1000698,4.450186e-08,0.08842161,0.006742107,0.2077007,0.7396025,0.6870785,0.6270005,0.5675984,0.4185207,0.9872179,0.246233,0.4355297,0.6219219
590,-1000698,4.450186e-08,0.08842161,0.006742107,0.2077007,0.7396025,0.6870785,0.6270005,0.5675984,0.4185207,0.9872179,0.246233,0.4355297,0.6219219
600,-1000698,4.450186e-08,0.08842161,0.006742107,0.2077007,0.7396025,0.6870785,0.6270005,0.5675984,0.4185207,0.9872179,0.246233,0.4355297,0.6219219
610,-1000698,4.450186e-08,0.08842161,0.006742107,0.2077007,0.7396025,0.6870785,0.6270005,0.5675984,0.4185207,0.9872179,0.246233,0.4355297,0.6219219
620,-1000698,4.450186e-08,0.08842161,0.006742107,0.2077007,0.7396025,0.6870785,0.6270005,0.5675984,0.4185207,0.9872179,0.246233,0.4355297,0.6219219
630,-1000698,4.450186e-08,0.08842161,0.006742107,0.2077007,0.7396025,0.6870785,0.6270005,0.5675984,0.4185207,0.9872179,0.246233,0.4355297,0.6219219
640,-1000698,4.450186e-08,0.08842161,0.006742107,0.2077007,0.7396025,0.6870785,0.6270005,0.5675984,0.4185207,0.9872179,0.246233,0.4355297,0.6219219
650,-1000698,4.450186e-08,0.08842161,0.006742107,0.2077007,0.7396025,0.6870785,0.6270005,0.5675984,0.4185207,0.9872179,0.246233,0.4355297,0.6219219
660,-1000698,4.450186e-08,0.08842161,0.006742107,0.2077007,0.7396025,0.6870785,0.6270005,0.5675984,0.4185207,0.9872179,0.246233,0.4355297,0.6219219
670,-1000698,4.450186e-08,0.08842161,0.006742107,0.2077007,0.7396025,0.6870785,0.6270005,0.5675984,0.4185207,0.9872179,0.246233,0.4355297,0.6219219
680,-1000698,4.450186e-08,0.08842161,0.006742107,0.2077007,0.7396025,0.6870785,0.6270005,0.5675984,0.4185207,0.9872179,0.246233,0.4355297,0.6219219
690,-1000698,4.450186e-08,0.08842161,0.006742107,0.2077007,0.7396025,0.6870785,0.6270005,0.5675984,0.4185207,0.9872179,0.246233,0.4355297,0.6219219
700,-1000698,4.450186e-08,0.08842161,0.006742107,0.2077007,0.7396025,0.6870785,0.6270005,0.5675984,0.4185207,0.9872179,0.246233,0.4355297,0.6219219
710,-1000698,4.450186e-08,0.08842161,0.006742107,0.2077007,0.7396025,0.6870785,0.6270005,0.5675984,0.4185207,0.9872179,0.246233,0.4355297,0.6219219
720,-1000698,4.450186e-08,0.08842161,0.006742107,0.2077007,0.7396025,0.6870785,0.6270005,0.5675984,0.4185207,0.9872179,0.246233,0.4355297,0.6219219
730,-1000698,4.450186e-08,0.08842161,0.006742107,0.2077007,0.7396025,0.6870785,0.6270005,0.5675984,0.4185207,0.9872179,0.246233,0.4355297,0.6219219
740,-1000698,4.450186e-08,0.08842161,0.006742107,0.2077007,0.7396025,0.6870785,0.6270005,0.5675984,0.4185207,0.9872179,0.246233,0.4355297,0.6219219
750,-1000698,4.450186e-08,0.08842161,0.006742107,0.2077007,0.7396025,0.6870785,0.6270005,0.5675984,0.4185207,0.9872179,0.246233,0.4355297,0.6219219
760,-1000698,4.450186e-08,0.08842161,0.006742107,0.2077007,0.7396025,0.6870785,0.6270005,0.5675984,0.4185207,0.9872179,0.246233,0.4355297,0.6219219
770,-1000698,4.450186e-08,0.08842161,0.006742107,0.2077007,0.7396025,0.6870785,0.6270005,0.5675984,0.4185207,0.9872179,0.246233,0.4355297,0.6219219
780,-1000698,4.450186e-08,0.08842161,0.006742107,0.2077007,0.7396025,0.6870785,0.6270005,0.5675984,0.4185207,0.9872179,0.246233,0.4355297,0.6219219
790,-1000698,4.450186e-08,0.08842161,0.006742107,0.2077007,0.7396025,0.6870785,0.6270005,0.5675984,0.4185207,0.9872179,0.246233,0.4355297,0.6219219
800,-1000698,4.450186e-08,0.08842161,0.006742107,0.2077007,0.7396025,0.6870785,0.6270005,0.5675984,0.4185207,0.9872179,0.246233,0.4355297,0.6219219
810,-1000698,4.450186e-08,0.08842161,0.006742107,0.2077007,0.7396025,0.6870785,0.6270005,0.5675984,0.4185207,0.9872179,0.246233,0.4355297,0.6219219
820,-1000698,4.450186e-08,0.08842161,0.006742107,0.2077007,0.7396025,0.6870785,0.6270005,0.5675984,0.4185207,0.9872179,0.246233,0.4355297,0.6219219
830,-1000698,4.450186e-08,0.08842161,0.006742107,0.2077007,0.7396025,0.6870785,0.6270005,0.5675984,0.4185207,0.9872179,0.246233,0.4355297,0.6219219
840,-1000698,4.450186e-08,0.08842161,0.006742107,0.2077007,0.7396025,0.6870785,0.6270005,0.5675984,0.4185207,0.9872179,0.246233,0.4355297,0.6219219
850,-1000698,4.450186e-08,0.08842161,0.006742107,0.2077007,0.7396025,0.6870785,0.6270005,0.5675984,0.4185207,0.9872179,0.246233,0.4355297,0.6219219
860,-1000698,4.450186e-08,0.08842161,0.006742107,0.2077007,0.7396025,0.6870785,0.6270005,0.5675984,0.4185207,0.9872179,0.246233,0.4355297,0.6219219
870,-1000698,4.450186e-08,0.08842161,0.006742107,0.2077007,0.7396025,0.6870785,0.6270005,0.5675984,0.4185207,0.9872179,0.246233,0.4355297,0.6219219
880,-1000698,4.450186e-08,0.08842161,0.006742107,0.2077007,0.7396025,0.6870785,0.6270005,0.5675984,0.4185207,0.9872179,0.246233,0.4355297,0.6219219
890,-1000698,4.450186e-08,0.08842161,0.006742107,0.2077007,0.7396025,0.6870785,0.6270005,0.5675984,0.4185207,0.9872179,0.246233,0.4355297,0.6219219
900,-1000698,4.450186e-08,0.08842161,0.006742107,0.2077007,0.7396025,0.6870785,0.6270005,0.5675984,0.4185207,0.9872179,0.246233,0.4355297,0.6219219
910,-1000698,4.450186e-08,0.08842161,0.006742107,0.2077007,0.7396025,0.6870785,0.6270005,0.5675984,0.4185207,0.9872179,0.246233,0.4355297,0.6219219
920,-1000698,4.450186e-08,0.08842161,0.006742107,0.2077007,0.7396025,0.6870785,0.6270005,0.5675984,0.4185207,0.9872179,0.246233,0.4355297,0.6219219
930,-1000698,4.450186e-08,0.08842161,0.006742107,0.2077007,0.7396025,0.6870785,0.6270005,0.5675984,0.4185207,0.9872179,0.246233,0.4355297,0.6219219
940,-1000698,4.450186e-08,0.08842161,0.006742107,0.2077007,0.7396025,0.6870785,0.6270005,0.5675984,0.4185207,0.9872179,0.246233,0.4355297,0.6219219
950,-1000698,4.450186e-08,0.08842161,0.006742107,0.2077007,0.7396025,0.6870785,0.6270005,0.5675984,0.4185207,0.9872179,0.246233,0.4355297,0.6219219
960,-1000698,4.450186e-08,0.08842161,0.006742107,0.2077007,0.7396025,0.6870785,0.6270005,0.5675984,0.4185207,0.9872179,0.246233,0.4355297,0.6219219
970,-1000698,4.450186e-08,0.08842161,0.006742107,0.2077007,0.7396025,0.6870785,0.6270005,0.5675984,0.4185207,0.9872179,0.246233,0.4355297,0.6219219
980,-1000698,4.450186e-08,0.08842161,0.006742107,0.2077007,0.7396025,0.6870785,0.6270005,0.5675984,0.4185207,0.9872179,0.246233,0.4355297,0.6219219
990,-1000698,4.450186e-08,0.08842161,0.006742107,0.2077007,0.7396025,0.6870785,0.6270005,0.5675984,0.4185207,0.9872179,0.246233,0.4355297,0.6219219
1000,-1000698,4.450186e-08,0.08842161,0.006742107,0.2077007,0.7396025,0.6870785,0.6270005,0.5675984,0.4185207,0.9872179,0.246233,0.4355297,0.6219219
1010,-1000698,4.450186e-08,0.08842161,0.006742107,0.2077007,0.7396025,0.6870785,0.6270005,0.5675984,0.4185207,0.9872179,0.246233,0.4355297,0.6219219
1020,-1000698,4.450186e-08,0.08842161,0.006742107,0.2077007,0.7396025,0.6870785,0.6270005,0.5675984,0.4185207,0.9872179,0.246233,0.4355297,0.6219219
1030,-1000698,4.450186e-08,0.08842161,0.006742107,0.2077007,0.7396025,0.6870785,0.6270005,0.5675984,0.4185207,0.9872179,0.246233,0.4355297,0.6219219
1040,-1000698,4.450186e-08,0.08842161,0.006742107,0.2077007,0.7396025,0.6870785,0.6270005,0.5675984,0.4185207,0.9872179,0.246233,0.4355297,0.6219219
1050,-1000698,4.450186e-08,0.08842161,0.006742107,0.2077007,0.7396025,0.6870785,0.6270005,0.5675984,0.4185207,0.9872179,0.246233,0.4355297,0.6219219
1060,-1000698,4.450186e-08,0.08842161,0.006742107,0.2077007,0.7396025,0.6870785,0.6270005,0.5675984,0.4185207,0.9872179,0.246233,0.4355297,0.6219219
1070,-1000698,4.450186e-08,0.08842161,0.006742107,0.2077007,0.7396025,0.6870785,0.6270005,0.5675984,0.4185207,0.9872179,0.246233,0.4355297,0.6219219
1080,-1000698,4.450186e-08,0.08842161,0.006742107,0.2077007,0.7396025,0.6870785,0.6270005,0.5675984,0.4185207,0.9872179,0.246233,0.4355297,0.6219219
1090,-1000698,4.450186e-08,0.08842161,0.006742107,0.2077007,0.7396025,0.6870785,0.6270005,0.5675984,0.4185207,0.9872179,0.246233,0.4355297,0.6219219
1100,-1000698,4.450186e-08,0.08842161,0.006742107,0.2077007,0.7396025,0.6870785,0.6270005,0.5675984,0.4185207,0.9872179,0.246233,0.4355297,0.6219219
1110,-1000698,4.450186e-08,0.08842161,0.006742107,0.2077007,0.7396025,0.6870785,0.6270005,0.5675984,0.4185207,0.9872179,0.246233,0.4355297,0.6219219
1120,-1000698,4.450186e-08,0.08842161,0.006742107,0.2077007,0.7396025,0.6870785,0.6270005,0.5675984,0.4185207,0.9872179,0.246233,0.4355297,0.6219219
1130,-1000698,4.450186e-08,0.08842161,0.006742107,0.2077007,0.7396025,0.6870785,0.6270005,0.5675984,0.4185207,0.9872179,0.246233,0.4355297,0.6219219
1140,-1000698,4.450186e-08,0.08842161,0.006742107,0.2077007,0.7396025,0.6870785,0.6270005,0.5675984,0.4185207,0.9872179,0.246233,0.4355297,0.6219219
1150,-1000698,4.450186e-08,0.08842161,0.006742107,0.2077007,0.7396025,0.6870785,0.6270005,0.5675984,0.4185207,0.9872179,0.246233,0.4355297,0.6219219
1160,-1000698,4.450186e-08,0.08842161,0.006742107,0.2077007,0.7396025,0.6870785,0.6270005,0.5675984,0.4185207,0.9872179,0.246233,0.4355297,0.6219219
1170,-1000698,4.450186e-08,0.08842161,0.006742107,0.2077007,0.7396025,0.6870785,0.6270005,0.5675984,0.4185207,0.9872179,0.246233,0.4355297,0.6219219
1180,-1000698,4.450186e-08,0.08842161,0.006742107,0.2077007,0.7396025,0.6870785,0.6270005,0.5675984,0.4185207,0.9872179,0.246233,0.4355297,0.6219219
1190,-1000698,4.450186e-08,0.08842161,0.006742107,0.2077007,0.7396025,0.6870785,0.6270005,0.5675984,0.4185207,0.9872179,0.246233,0.4355297,0.6219219
1200,-1000698,4.450186e-08,0.08842161,0.006742107,0.2077007,0.7396025,0.6870785,0.6270005,0.5675984,0.4185207,0.9872179,0.246233,0.4355297,0.6219219
1210,-1000698,4.450186e-08,0.08842161,0.006742107,0.2077007,0.7396025,0.6870785,0.6270005,0.5675984,0.4185207,0.9872179,0.246233,0.4355297,0.6219219
1220,-1000698,4.450186e-08,0.08842161,0.006742107,0.2077007,0.7396025,0.6870785,0.6270005,0.5675984,0.4185207,0.9872179,0.246233,0.4355297,0.6219219
1230,-1000698,4.450186e-08,0.08842161,0.006742107,0.2077007,0.7396025,0.6870785,0.6270005,0.5675984,0.4185207,0.9872179,0.246233,0.4355297,0.6219219
1240,-1000698,4.450186e-08,0.08842161,0.006742107,0.2077007,0.7396025,0.6870785,0.6270005,0.5675984,0.4185207,0.9872179,0.246233,0.4355297,0.6219219
1250,-1000698,4.450186e-08,0.08842161,0.006742107,0.2077007,0.7396025,0.6870785,0.6270005,0.5675984,0.4185207,0.9872179,0.246233,0.4355297,0.6219219
1260,-1000698,4.450186e-08,0.08842161,0.006742107,0.2077007,0.7396025,0.6870785,0.6270005,0.5675984,0.4185207,0.9872179,0.246233,0.4355297,0.6219219
1270,-1000698,4.450186e-08,0.08842161,0.006742107,0.2077007,0.7396025,0.6870785,0.6270005,0.5675984,0.4185207,0.9872179,0.246233,0.4355297,0.6219219
1280,-1000698,4.450186e-08,0.08842161,0.006742107,0.2077007,0.7396025,0.6870785,0.6270005,0.5675984,0.4185207,0.9872179,0.246233,0.4355297,0.6219219
1290,-1000698,4.450186e-08,0.08842161,0.006742107,0.2077007,0.7396025,0.6870785,0.6270005,0.5675984,0.4185207,0.9872179,0.246233,0.4355297,0.6219219
1300,-1000698,4.450186e-08,0.08842161,0.006742107,0.2077007,0.7396025,0.6870785,0.6270005,0.5675984,0.4185207,0.9872179,0.246233,0.4355297,0.6219219
1310,-1000698,4.450186e-08,0.08842161,0.006742107,0.2077007,0.7396025,0.6870785,0.6270005,0.5675984,0.4185207,0.9872179,0.246233,0.4355297,0.6219219
1320,-1000698,4.450186e-08,0.08842161,0.006742107,0.2077007,0.7396025,0.6870785,0.6270005,0.5675984,0.4185207,0.9872179,0.246233,0.4355297,0.6219219
1330,-1000698,4.450186e-08,0.08842161,0.006742107,0.2077007,0.7396025,0.6870785,0.6270005,0.5675984,0.4185207,0.9872179,0.246233,0.4355297,0.6219219
1340,-1000698,4.450186e-08,0.08842161,0.006742107,0.2077007,0.7396025,0.6870785,0.6270005,0.5675984,0.4185207,0.9872179,0.246233,0.4355297,0.6219219
1350,-1000698,4.450186e-08,0.08842161,0.006742107,0.2077007,0.7396025,0.6870785,0.6270005,0.5675984,0.4185207,0.9872179,0.246233,0.4355297,0.6219219
1360,-1000698,4.450186e-08,0.08842161,0.006742107,0.2077007,0.7396025,0.6870785,0.6270005,0.5675984,0.4185207,0.9872179,0.246233,0.4355297,0.6219219
1370,-1000698,4.450186e-08,0.08842161,0.006742107,0.2077007,0.7396025,0.6870785,0.6270005,0.5675984,0.4185207,0.9872179,0.246233,0.4355297,0.6219219
1380,-1000698,4.450186e-08,0.08842161,0.006742107,0.2077007,0.7396025,0.6870785,0.6270005,0.5675984,0.4185207,0.9872179,0.246233,0.4355297,0.6219219
1390,-1000698,4.450186e-08,0.08842161,0.006742107,0.2077007,0.7396025,0.6870785,0.6270005,0.5675984,0.4185207,0.9872179,0.246233,0.4355297,0.6219219
1400,-1000698,4.450186e-08,0.08842161,0.006742107,0.2077007,0.7396025,0.6870785,0.6270005,0.5675984,0.4185207,0.9872179,0.246233,0.4355297,0.6219219
1410,-1000698,4.450186e-08,0.08842161,0.006742107,0.2077007,0.7396025,0.6870785,0.6270005,0.5675984,0.4185207,0.9872179,0.246233,0.4355297,0.6219219
1420,-1000698,4.450186e-08,0.08842161,0.006742107,0.2077007,0.7396025,0.6870785,0.6270005,0.5675984,0.4185207,0.9872179,0.246233,0.4355297,0.6219219
1430,-1000698,4.450186e-08,0.08842161,0.006742107,0.2077007,0.7396025,0.6870785,0.6270005,0.5675984,0.4185207,0.9872179,0.246233,0.4355297,0.6219219
1440,-1000698,4.450186e-08,0.08842161,0.006742107,0.2077007,0.7396025,0.6870785,0.6270005,0.5675984,0.4185207,0.9872179,0.246233,0.4355297,0.6219219
1450,-1000698,4.450186e-08,0.08842161,0.006742107,0.2077007,0.7396025,0.6870785,0.6270005,0.5675984,0.4185207,0.9872179,0.246233,0.4355297,0.6219219
1460,-1000698,4.450186e-08,0.08842161,0.006742107,0.2077007,0.7396025,0.6870785,0.6270005,0.5675984,0.4185207,0.9872179,0.246233,0.4355297,0.6219219
1470,-1000698,4.450186e-08,0.08842161,0.006742107,0.2077007,0.7396025,0.6870785,0.6270005,0.5675984,0.4185207,0.9872179,0.246233,0.4355297,0.6219219
1480,-1000698,4.450186e-08,0.08842161,0.006742107,0.2077007,0.7396025,0.6870785,0.6270005,0.5675984,0.4185207,0.9872179,0.246233,0.4355297,0.6219219
1490,-1000698,4.450186e-08,0.08842161,0.006742107,0.2077007,0.7396025,0.6870785,0.6270005,0.5675984,0.4185207,0.9872179,0.246233,0.4355297,0.6219219
1500,-1000698,4.450186e-08,0.08842161,0.006742107,0.2077007,0.7396025,0.6870785,0.6270005,0.5675984,0.4185207,0.9872179,0.246233,0.4355297,0.6219219
1510,-1000698,4.450186e-08,0.08842161,0.006742107,0.2077007,0.7396025,0.6870785,0.6270005,0.5675984,0.4185207,0.9872179,0.246233,0.4355297,0.6219219
1520,-1000698,4.450186e-08,0.08842161,0.006742107,0.2077007,0.7396025,0.6870785,0.6270005,0.5675984,0.4185207,0.9872179,0.246233,0.4355297,0.6219219
1530,-1000698,4.450186e-08,0.08842161,0.006742107,0.2077007,0.7396025,0.6870785,0.6270005,0.5675984,0.4185207,0.9872179,0.246233,0.4355297,0.6219219
1540,-1000698,4.450186e-08,0.08842161,0.006742107,0.2077007,0.7396025,0.6870785,0.6270005,0.5675984,0.4185207,0.9872179,0.246233,0.4355297,0.6219219
1550,-1000698,4.450186e-08,0.08842161,0.006742107,0.2077007,0.7396025,0.6870785,0.6270005,0.5675984,0.4185207,0.9872179,0.246233,0.4355297,0.6219219
1560,-1000698,4.450186e-08,0.08842161,0.006742107,0.2077007,0.7396025,0.6870785,0.6270005,0.5675984,0.4185207,0.9872179,0.246233,0.4355297,0.6219219
1570,-1000698,4.450186e-08,0.08842161,0.006742107,0.2077007,0.7396025,0.6870785,0.6270005,0.5675984,0.4185207,0.9872179,0.246233,0.4355297,0.6219219
1580,-1000698,4.450186e-08,0.08842161,0.006742107,0.2077007,0.7396025,0.6870785,0.6270005,0.5675984,0.4185207,0.9872179,0.246233,0.4355297,0.6219219
1590,-1000698,4.450186e-08,0.08842161,0.006742107,0.2077007,0.7396025,0.6870785,0.6270005,0.5675984,0.4185207,0.9872179,0.246233,0.4355297,0.6219219
1600,-1000698,4.450186e-08,0.08842161,0.006742107,0.2077007,0.7396025,0.6870785,0.6270005,0.5675984,0.4185207,0.9872179,0.246233,0.4355297,0.6219219
1610,-1000698,4.450186e-08,0.08842161,0.006742107,0.2077007,0.7396025,0.6870785,0.6270005,0.5675984,0.4185207,0.9872179,0.246233,0.4355297,0.6219219
1620,-1000698,4.450186e-08,0.08842161,0.006742107,0.2077007,0.7396025,0.6870785,0.6270005,0.5675984,0.4185207,0.9872179,0.246233,0.4355297,0.6219219
1630,-1000698,4.450186e-08,0.08842161,0.006742107,0.2077007,0.7396025,0.6870785,0.6270005,0.5675984,0.4185207,0.9872179,0.246233,0.4355297,0.6219219
1640,-1000698,4.450186e-08,0.08842161,0.006742107,0.2077007,0.7396025,0.6870785,0.6270005,0.5675984,0.4185207,0.9872179,0.246233,0.4355297,0.6219219
1650,-1000698,4.450186e-08,0.08842161,0.006742107,0.2077007,0.7396025,0.6870785,0.6270005,0.5675984,0.4185207,0.9872179,0.246233,0.4355297,0.6219219
1660,-1000698,4.450186e-08,0.08842161,0.006742107,0.2077007,0.7396025,0.6870785,0.6270005,0.5675984,0.4185207,0.9872179,0.246233,0.4355297,0.6219219
1670,-1000698,4.450186e-08,0.08842161,0.006742107,0.2077007,0.7396025,0.6870785,0.6270005,0.5675984,0.4185207,0.9872179,0.246233,0.4355297,0.6219219
1680,-1000698,4.450186e-08,0.08842161,0.006742107,0.2077007,0.7396025,0.6870785,0.6270005,0.5675984,0.4185207,0.9872179,0.246233,0.4355297,0.6219219
1690,-1000698,4.450186e-08,0.08842161,0.006742107,0.2077007,0.7396025,0.6870785,0.6270005,0.5675984,0.4185207,0.9872179,0.246233,0.4355297,0.6219219
1700,-1000698,4.450186e-08,0.08842161,0.006742107,0.2077007,0.7396025,0.6870785,0.6270005,0.5675984,0.4185207,0.9872179,0.246233,0.4355297,0.6219219
1710,-1000698,4.450186e-08,0.08842161,0.006742107,0.2077007,0.7396025,0.6870785,0.6270005,0.5675984,0.4185207,0.9872179,0.246233,0.4355297,0.6219219
1720,-1000698,4.450186e-08,0.08842161,0.006742107,0.2077007,0.7396025,0.6870785,0.6270005,0.5675984,0.4185207,0.9872179,0.246233,0.4355297,0.6219219
1730,-1000698,4.450186e-08,0.08842161,0.006742107,0.2077007,0.7396025,0.6870785,0.6270005,0.5675984,0.4185207,0.9872179,0.246233,0.4355297,0.6219219
1740,-1000698,4.450186e-08,0.08842161,0.006742107,0.2077007,0.7396025,0.6870785,0.6270005,0.5675984,0.4185207,0.9872179,0.246233,0.4355297,0.6219219
1750,-1000698,4.450186e-08,0.08842161,0.006742107,0.2077007,0.7396025,0.6870785,0.6270005,0.5675984,0.4185207,0.9872179,0.246233,0.4355297,0.6219219
1760,-1000698,4.450186e-08,0.08842161,0.006742107,0.2077007,0.7396025,0.6870785,0.6270005,0.5675984,0.4185207,0.9872179,0.246233,0.4355297,0.6219219
1770,-1000698,4.450186e-08,0.08842161,0.006742107,0.2077007,0.7396025,0.6870785,0.6270005,0.5675984,0.4185207,0.9872179,0.246233,0.4355297,0.6219219
1780,-1000698,4.450186e-08,0.08842161,0.006742107,0.2077007,0.7396025,0.6870785,0.6270005,0.5675984,0.4185207,0.9872179,0.246233,0.4355297,0.6219219
1790,-1000698,4.450186e-08,0.08842161,0.006742107,0.2077007,0.7396025,0.6870785,0.6270005,0.5675984,0.4185207,0.9872179,0.246233,0.4355297,0.6219219
1800,-1000698,4.450186e-08,0.08842161,0.006742107,0.2077007,0.7396025,0.6870785,0.6270005,0.5675984,0.4185207,0.9872179,0.246233,0.4355297,0.6219219
1810,-1000698,4.450186e-08,0.08842161,0.006742107,0.2077007,0.7396025,0.6870785,0.6270005,0.5675984,0.4185207,0.9872179,0.246233,0.4355297,0.6219219
1820,-1000698,4.450186e-08,0.08842161,0.006742107,0.2077007,0.7396025,0.6870785,0.6270005,0.5675984,0.4185207,0.9872179,0.246233,0.4355297,0.6219219
1830,-1000698,4.450186e-08,0.08842161,0.006742107,0.2077007,0.7396025,0.6870785,0.6270005,0.5675984,0.4185207,0.9872179,0.246233,0.4355297,0.6219219
1840,-1000698,4.450186e-08,0.08842161,0.006742107,0.2077007,0.7396025,0.6870785,0.6270005,0.5675984,0.4185207,0.9872179,0.246233,0.4355297,0.6219219
1850,-1000698,4.450186e-08,0.08842161,0.006742107,0.2077007,0.7396025,0.6870785,0.6270005,0.5675984,0.4185207,0.9872179,0.246233,0.4355297,0.6219219
1860,-1000698,4.450186e-08,0.08842161,0.006742107,0.2077007,0.7396025,0.6870785,0.6270005,0.5675984,0.4185207,0.9872179,0.246233,0.4355297,0.6219219
1870,-1000698,4.450186e-08,0.08842161,0.006742107,0.2077007,0.7396025,0.6870785,0.6270005,0.5675984,0.4185207,0.9872179,0.246233,0.4355297,0.6219219
1880,-1000698,4.450186e-08,0.08842161,0.006742107,0.2077007,0.7396025,0.6870785,0.6270005,0.5675984,0.4185207,0.9872179,0.246233,0.4355297,0.6219219
1890,-1000698,4.450186e-08,0.08842161,0.006742107,0.2077007,0.7396025,0.6870785,0.6270005,0.5675984,0.4185207,0.9872179,0.246233,0.4355297,0.6219219
1900,-1000698,4.450186e-08,0.08842161,0.006742107,0.2077007,0.7396025,0.6870785,0.6270005,0.5675984,0.4185207,0.9872179,0.246233,0.4355297,0.6219219
1910,-1000698,4.450186e-08,0.08842161,0.006742107,0.2077007,0.7396025,0.6870785,0.6270005,0.5675984,0.4185207,0.9872179,0.246233,0.4355297,0.6219219
1920,-1000698,4.450186e-08,0.08842161,0.006742107,0.2077007,0.7396025,0.6870785,0.6270005,0.5675984,0.4185207,0.9872179,0.246233,0.4355297,0.6219219
1930,-1000698,4.450186e-08,0.08842161,0.006742107,0.2077007,0.7396025,0.6870785,0.6270005,0.5675984,0.4185207,0.9872179,0.246233,0.4355297,0.6219219
1940,-1000698,4.450186e-08,0.08842161,0.006742107,0.2077007,0.7396025,0.6870785,0.6270005,0.5675984,0.4185207,0.9872179,0.246233,0.4355297,0.6219219
1950,-1000698,4.450186e-08,0.08842161,0.006742107,0.2077007,0.7396025,0.6870785,0.6270005,0.5675984,0.4185207,0.9872179,0.246233,0.4355297,0.6219219
1960,-1000698,4.450186e-08,0.08842161,0.006742107,0.2077007,0.7396025,0.6870785,0.6270005,0.5675984,0.4185207,0.9872179,0.246233,0.4355297,0.6219219
1970,-1000698,4.450186e-08,0.08842161,0.006742107,0.2077007,0.7396025,0.6870785,0.6270005,0.5675984,0.4185207,0.9872179,0.246233,0.4355297,0.6219219
1980,-1000698,4.450186e-08,0.08842161,0.006742107,0.2077007,0.7396025,0.6870785,0.6270005,0.5675984,0.4185207,0.9872179,0.246233,0.4355297,0.6219219
1990,-1000698,4.450186e-08,0.08842161,0.006742107,0.2077007,0.7396025,0.6870785,0.6270005,0.5675984,0.4185207,0.9872179,0.246233,0.4355297,0.6219219
2000,-1000698,4.450186e-08,0.08842161,0.006742107,0.2077007,0.7396025,0.6870785,0.6270005,0.5675984,0.4185207,0.9872179,0.246233,0.4355297,0.6219219
2010,-1000698,4.450186e-08,0.08842161,0.006742107,0.2077007,0.7396025,0.6870785,0.6270005,0.5675984,0.4185207,0.9872179,0.246233,0.4355297,0.6219219
2020,-1000698,4.450186e-08,0.08842161,0.006742107,0.2077007,0.7396025,0.6870785,0.6270005,0.5675984,0.4185207,0.9872179,0.246233,0.4355297,0.6219219
2030,-1000698,4.450186e-08,0.08842161,0.006742107,0.2077007,0.7396025,0.6870785,0.6270005,0.5675984,0.4185207,0.9872179,0.246233,0.4355297,0.6219219
2040,-1000698,4.450186e-08,0.08842161,0.006742107,0.2077007,0.7396025,0.6870785,0.6270005,0.5675984,0.4185207,0.9872179,0.246233,0.4355297,0.6219219
2050,-1000698,4.450186e-08,0.08842161,0.006742107,0.2077007,0.7396025,0.6870785,0.6270005,0.5675984,0.4185207,0.9872179,0.246233,0.4355297,0.6219219
2060,-1000698,4.450186e-08,0.08842161,0.006742107,0.2077007,0.7396025,0.6870785,0.6270005,0.5675984,0.4185207,0.9872179,0.246233,0.4355297,0.6219219
2070,-1000698,4.450186e-08,0.08842161,0.006742107,0.2077007,0.7396025,0.6870785,0.6270005,0.5675984,0.4185207,0.9872179,0.246233,0.4355297,0.6219219
2080,-1000698,4.450186e-08,0.08842161,0.006742107,0.2077007,0.7396025,0.6870785,0.6270005,0.5675984,0.4185207,0.9872179,0.246233,0.4355297,0.6219219
2090,-1000698,4.450186e-08,0.08842161,0.006742107,0.2077007,0.7396025,0.6870785,0.6270005,0.5675984,0.4185207,0.9872179,0.246233,0.4355297,0.6219219
2100,-1000698,4.450186e-08,0.08842161,0.006742107,0.2077007,0.7396025,0.6870785,0.6270005,0.5675984,0.4185207,0.9872179,0.246233,0.4355297,0.6219219
2110,-1000698,4.450186e-08,0.08842161,0.006742107,0.2077007,0.7396025,0.6870785,0.6270005,0.5675984,0.4185207,0.9872179,0.246233,0.4355297,0.6219219
2120,-1000698,4.450186e-08,0.08842161,0.006742107,0.2077007,0.7396025,0.6870785,0.6270005,0.5675984,0.4185207,0.9872179,0.246233,0.4355297,0.6219219
2130,-1000698,4.450186e-08,0.08842161,0.006742107,0.2077007,0.7396025,0.6870785,0.6270005,0.5675984,0.4185207,0.9872179,0.246233,0.4355297,0.6219219
2140,-1000698,4.450186e-08,0.08842161,0.006742107,0.2077007,0.7396025,0.6870785,0.6270005,0.5675984,0.4185207,0.9872179,0.246233,0.4355297,0.6219219
2150,-1000698,4.450186e-08,0.08842161,0.006742107,0.2077007,0.7396025,0.6870785,0.6270005,0.5675984,0.4185207,0.9872179,0.246233,0.4355297,0.6219219
2160,-1000698,4.450186e-08,0.08842161,0.006742107,0.2077007,0.7396025,0.6870785,0.6270005,0.5675984,0.4185207,0.9872179,0.246233,0.4355297,0.6219219
2170,-1000698,4.450186e-08,0.08842161,0.006742107,0.2077007,0.7396025,0.6870785,0.6270005,0.5675984,0.4185207,0.9872179,0.246233,0.4355297,0.6219219
2180,-1000698,4.450186e-08,0.08842161,0.006742107,0.2077007,0.7396025,0.6870785,0.6270005,0.5675984,0.4185207,0.9872179,0.246233,0.4355297,0.6219219
2190,-1000698,4.450186e-08,0.08842161,0.006742107,0.2077007,0.7396025,0.6870785,0.6270005,0.5675984,0.4185207,0.9872179,0.246233,0.4355297,0.6219219
2200,-1000698,4.450186e-08,0.08842161,0.006742107,0.2077007,0.7396025,0.6870785,0.6270005,0.5675984,0.4185207,0.9872179,0.246233,0.4355297,0.6219219
2210,-1000698,4.450186e-08,0.08842161,0.006742107,0.2077007,0.7396025,0.6870785,0.6270005,0.5675984,0.4185207,0.9872179,0.246233,0.4355297,0.6219219
2220,-1000698,4.450186e-08,0.08842161,0.006742107,0.2077007,0.7396025,0.6870785,0.6270005,0.5675984,0.4185207,0.9872179,0.246233,0.4355297,0.6219219
2230,-1000698,4.450186e-08,0.08842161,0.006742107,0.2077007,0.7396025,0.6870785,0.6270005,0.5675984,0.4185207,0.9872179,0.246233,0.4355297,0.6219219
2240,-1000698,4.450186e-08,0.08842161,0.006742107,0.2077007,0.7396025,0.6870785,0.6270005,0.5675984,0.4185207,0.9872179,0.246233,0.4355297,0.6219219
2250,-1000698,4.450186e-08,0.08842161,0.006742107,0.2077007,0.7396025,0.6870785,0.6270005,0.5675984,0.4185207,0.9872179,0.246233,0.4355297,0.6219219
2260,-1000698,4.450186e-08,0.08842161,0.006742107,0.2077007,0.7396025,0.6870785,0.6270005,0.5675984,0.4185207,0.9872179,0.246233,0.4355297,0.6219219
2270,-1000698,4.450186e-08,0.08842161,0.006742107,0.2077007,0.7396025,0.6870785,0.6270005,0.5675984,0.4185207,0.9872179,0.246233,0.4355297,0.6219219
2280,-1000698,4.450186e-08,0.08842161,0.006742107,0.2077007,0.7396025,0.6870785,0.6270005,0.5675984,0.4185207,0.9872179,0.246233,0.4355297,0.6219219
2290,-1000698,4.450186e-08,0.08842161,0.006742107,0.2077007,0.7396025,0.6870785,0.6270005,0.5675984,0.4185207,0.9872179,0.246233,0.4355297,0.6219219
2300,-1000698,4.450186e-08,0.08842161,0.006742107,0.2077007,0.7396025,0.6870785,0.6270005,0.5675984,0.4185207,0.9872179,0.246233,0.4355297,0.6219219
2310,-1000698,4.450186e-08,0.08842161,0.006742107,0.2077007,0.7396025,0.6870785,0.6270005,0.5675984,0.4185207,0.9872179,0.246233,0.4355297,0.6219219
2320,-1000698,4.450186e-08,0.08842161,0.006742107,0.2077007,0.7396025,0.6870785,0.6270005,0.5675984,0.4185207,0.9872179,0.246233,0.4355297,0.6219219
2330,-1000698,4.450186e-08,0.08842161,0.006742107,0.2077007,0.7396025,0.6870785,0.6270005,0.5675984,0.4185207,0.9872179,0.246233,0.4355297,0.6219219
2340,-1000698,4.450186e-08,0.08842161,0.006742107,0.2077007,0.7396025,0.6870785,0.6270005,0.5675984,0.4185207,0.9872179,0.246233,0.4355297,0.6219219
2350,-1000698,4.450186e-08,0.08842161,0.006742107,0.2077007,0.7396025,0.6870785,0.6270005,0.5675984,0.4185207,0.9872179,0.246233,0.4355297,0.6219219
2360,-1000698,4.450186e-08,0.08842161,0.006742107,0.2077007,0.7396025,0.6870785,0.6270005,0.5675984,0.4185207,0.9872179,0.246233,0.4355297,0.6219219
2370,-1000698,4.450186e-08,0.08842161,0.006742107,0.2077007,0.7396025,0.6870785,0.6270005,0.5675984,0.4185207,0.9872179,0.246233,0.4355297,0.6219219
2380,-1000698,4.450186e-08,0.08842161,0.006742107,0.2077007,0.7396025,0.6870785,0.6270005,0.5675984,0.4185207,0.9872179,0.246233,0.4355297,0.6219219
2390,-1000698,4.450186e-08,0.08842161,0.006742107,0.2077007,0.7396025,0.6870785,0.6270005,0.5675984,0.4185207,0.9872179,0.246233,0.4355297,0.6219219
2400,-1000698,4.450186e-08,0.08842161,0.006742107,0.2077007,0.7396025,0.6870785,0.6270005,0.5675984,0.4185207,0.9872179,0.246233,0.4355297,0.6219219
2410,-1000698,4.450186e-08,0.08842161,0.006742107,0.2077007,0.7396025,0.6870785,0.6270005,0.5675984,0.4185207,0.9872179,0.246233,0.4355297,0.6219219
2420,-1000698,4.450186e-08,0.08842161,0.006742107,0.2077007,0.7396025,0.6870785,0.6270005,0.5675984,0.4185207,0.9872179,0.246233,0.4355297,0.6219219
2430,-1000698,4.450186e-08,0.08842161,0.006742107,0.2077007,0.7396025,0.6870785,0.6270005,0.5675984,0.4185207,0.9872179,0.246233,0.4355297,0.6219219
2440,-1000698,4.450186e-08,0.08842161,0.006742107,0.2077007,0.7396025,0.6870785,0.6270005,0.5675984,0.4185207,0.9872179,0.246233,0.4355297,0.6219219
2450,-1000698,4.450186e-08,0.08842161,0.006742107,0.2077007,0.7396025,0.6870785,0.6270005,0.5675984,0.4185207,0.9872179,0.246233,0.4355297,0.6219219
2460,-1000698,4.450186e-08,0.08842161,0.006742107,0.2077007,0.7396025,0.6870785,0.6270005,0.5675984,0.4185207,0.9872179,0.246233,0.4355297,0.6219219
2470,-1000698,4.450186e-08,0.08842161,0.006742107,0.2077007,0.7396025,0.6870785,0.6270005,0.5675984,0.4185207,0.9872179,0.246233,0.4355297,0.6219219
2480,-1000698,4.450186e-08,0.08842161,0.006742107,0.2077007,0.7396025,0.6870785,0.6270005,0.5675984,0.4185207,0.9872179,0.246233,0.4355297,0.6219219
2490,-1000698,4.450186e-08,0.08842161,0.006742107,0.2077007,0.7396025,0.6870785,0.6270005,0.5675984,0.4185207,0.9872179,0.246233,0.4355297,0.6219219
2500,-1000698,4.450186e-08,0.08842161,0.006742107,0.2077007,0.7396025,0.6870785,0.6270005,0.5675984,0.4185207,0.9872179,0.246233,0.4355297,0.6219219
2510,-1000689,4.45088e-08,0.1048801,0.03269703,0.1808267,0.747642,0.7027851,0.6012576,0.5485234,0.4007814,0.9520017,0.3229988,0.447841,0.6220329
2520,-1000689,4.45088e-08,0.1048801,0.03269703,0.1808267,0.747642,0.7027851,0.6012576,0.5485234,0.4007814,0.9520017,0.3229988,0.447841,0.6220329
2530,-1000685,4.481818e-08,0.06620797,0.07245153,0.1229953,0.7692943,0.7096152,0.5916645,0.5045073,0.4060505,0.9772684,0.302242,0.4794385,0.6032687
2540,-1000685,4.481818e-08,0.06620797,0.07245153,0.1229953,0.7692943,0.7096152,0.5916645,0.5045073,0.4060505,0.9772684,0.302242,0.4794385,0.6032687
2550,-1000685,4.481818e-08,0.06620797,0.07245153,0.1229953,0.7692943,0.7096152,0.5916645,0.5045073,0.4060505,0.9772684,0.302242,0.4794385,0.6032687
2560,-1000685,4.481818e-08,0.06620797,0.07245153,0.1229953,0.7692943,0.7096152,0.5916645,0.5045073,0.4060505,0.9772684,0.302242,0.4794385,0.6032687
2570,-1000685,4.481818e-08,0.06620797,0.07245153,0.1229953,0.7692943,0.7096152,0.5916645,0.5045073,0.4060505,0.9772684,0.302242,0.4794385,0.6032687
2580,-1000685,4.481818e-08,0.06620797,0.07245153,0.1229953,0.7692943,0.7096152,0.5916645,0.5045073,0.4060505,0.9772684,0.302242,0.4794385,0.6032687
2590,-1000685,4.481818e-08,0.06620797,0.07245153,0.1229953,0.7692943,0.7096152,0.5916645,0.5045073,0.4060505,0.9772684,0.302242,0.4794385,0.6032687
2600,-1000685,4.481818e-08,0.06620797,0.07245153,0.1229953,0.7692943,0.7096152,0.5916645,0.5045073,0.4060505,0.9772684,0.302242,0.4794385,0.6032687
2610,-1000685,4.481818e-08,0.06620797,0.07245153,0.1229953,0.7692943,0.7096152,0.5916645,0.5045073,0.4060505,0.9772684,0.302242,0.4794385,0.6032687
2620,-1000685,4.481818e-08,0.06620797,0.07245153,0.1229953,0.7692943,0.7096152,0.5916645,0.5045073,0.4060505,0.9772684,0.302242,0.4794385,0.6032687
2630,-1000685,4.481818e-08,0.06620797,0.07245153,0.1229953,0.7692943,0.7096152,0.5916645,0.5045073,0.4060505,0.9772684,0.302242,0.4794385,0.6032687
2640,-1000685,4.481818e-08,0.06620797,0.07245153,0.1229953,0.7692943,0.7096152,0.5916645,0.5045073,0.4060505,0.9772684,0.302242,0.4794385,0.6032687
2650,-1000685,4.481818e-08,0.06620797,0.07245153,0.1229953,0.7692943,0.7096152,0.5916645,0.5045073,0.4060505,0.9772684,0.302242,0.4794385,0.6032687
2660,-1000685,4.481818e-08,0.06620797,0.07245153,0.1229953,0.7692943,0.7096152,0.5916645,0.5045073,0.4060505,0.9772684,0.302242,0.4794385,0.6032687
2670,-1000685,4.481818e-08,0.06620797,0.07245153,0.1229953,0.7692943,0.7096152,0.5916645,0.5045073,0.4060505,0.9772684,0.302242,0.4794385,0.6032687
2680,-1000685,4.481818e-08,0.06620797,0.07245153,0.1229953,0.7692943,0.7096152,0.5916645,0.5045073,0.4060505,0.9772684,0.302242,0.4794385,0.6032687
2690,-1000685,4.481818e-08,0.06620797,0.07245153,0.1229953,0.7692943,0.7096152,0.5916645,0.5045073,0.4060505,0.9772684,0.302242,0.4794385,0.6032687
2700,-1000685,4.481818e-08,0.06620797,0.07245153,0.1229953,0.7692943,0.7096152,0.5916645,0.5045073,0.4060505,0.9772684,0.302242,0.4794385,0.6032687
2710,-1000685,4.481818e-08,0.06620797,0.07245153,0.1229953,0.7692943,0.7096152,0.5916645,0.5045073,0.4060505,0.9772684,0.302242,0.4794385,0.6032687
2720,-1000685,4.481818e-08,0.06620797,0.07245153,0.1229953,0.7692943,0.7096152,0.5916645,0.5045073,0.4060505,0.9772684,0.302242,0.4794385,0.6032687
2730,-1000685,4.481818e-08,0.06620797,0.07245153,0.1229953,0.7692943,0.7096152,0.5916645,0.5045073,0.4060505,0.9772684,0.302242,0.4794385,0.6032687
2740,-1000685,4.481818e-08,0.06620797,0.07245153,0.1229953,0.7692943,0.7096152,0.5916645,0.5045073,0.4060505,0.9772684,0.302242,0.4794385,0.6032687
2750,-1000685,4.481818e-08,0.06620797,0.07245153,0.1229953,0.7692943,0.7096152,0.5916645,0.5045073,0.4060505,0.9772684,0.302242,0.4794385,0.6032687
2760,-1000685,4.481818e-08,0.06620797,0.07245153,0.1229953,0.7692943,0.7096152,0.5916645,0.5045073,0.4060505,0.9772684,0.302242,0.4794385,0.6032687
2770,-1000685,4.481818e-08,0.06620797,0.07245153,0.1229953,0.7692943,0.7096152,0.5916645,0.5045073,0.4060505,0.9772684,0.302242,0.4794385,0.6032687
2780,-1000685,4.481818e-08,0.06620797,0.07245153,0.1229953,0.7692943,0.7096152,0.5916645,0.5045073,0.4060505,0.9772684,0.302242,0.4794385,0.6032687
2790,-1000685,4.481818e-08,0.06620797,0.07245153,0.1229953,0.7692943,0.7096152,0.5916645,0.5045073,0.4060505,0.9772684,0.302242,0.4794385,0.6032687
2800,-1000685,4.481818e-08,0.06620797,0.07245153,0.1229953,0.7692943,0.7096152,0.5916645,0.5045073,0.4060505,0.9772684,0.302242,0.4794385,0.6032687
2810,-1000685,4.481818e-08,0.06620797,0.07245153,0.1229953,0.7692943,0.7096152,0.5916645,0.5045073,0.4060505,0.9772684,0.302242,0.4794385,0.6032687
2820,-1000685,4.481818e-08,0.06620797,0.07245153,0.1229953,0.7692943,0.7096152,0.5916645,0.5045073,0.4060505,0.9772684,0.302242,0.4794385,0.6032687
2830,-1000685,4.481818e-08,0.06620797,0.07245153,0.1229953,0.7692943,0.7096152,0.5916645,0.5045073,0.4060505,0.9772684,0.302242,0.4794385,0.6032687
2840,-1000685,4.481818e-08,0.06620797,0.07245153,0.1229953,0.7692943,0.7096152,0.5916645,0.5045073,0.4060505,0.9772684,0.302242,0.4794385,0.6032687
2850,-1000685,4.481818e-08,0.06620797,0.07245153,0.1229953,0.7692943,0.7096152,0.5916645,0.5045073,0.4060505,0.9772684,0.302242,0.4794385,0.6032687
2860,-1000685,4.481818e-08,0.06620797,0.07245153,0.1229953,0.7692943,0.7096152,0.5916645,0.5045073,0.4060505,0.9772684,0.302242,0.4794385,0.6032687
2870,-1000685,4.481818e-08,0.06620797,0.07245153,0.1229953,0.7692943,0.7096152,0.5916645,0.5045073,0.4060505,0.9772684,0.302242,0.4794385,0.6032687
2880,-1000685,4.481818e-08,0.06620797,0.07245153,0.1229953,0.7692943,0.7096152,0.5916645,0.5045073,0.4060505,0.9772684,0.302242,0.4794385,0.6032687
2890,-1000685,4.481818e-08,0.06620797,0.07245153,0.1229953,0.7692943,0.7096152,0.5916645,0.5045073,0.4060505,0.9772684,0.302242,0.4794385,0.6032687
2900,-1000685,4.481818e-08,0.06620797,0.07245153,0.1229953,0.7692943,0.7096152,0.5916645,0.5045073,0.4060505,0.9772684,0.302242,0.4794385,0.6032687
2910,-1000685,4.481818e-08,0.06620797,0.07245153,0.1229953,0.7692943,0.7096152,0.5916645,0.5045073,0.4060505,0.9772684,0.302242,0.4794385,0.6032687
2920,-1000685,4.481818e-08,0.06620797,0.07245153,0.1229953,0.7692943,0.7096152,0.5916645,0.5045073,0.4060505,0.9772684,0.302242,0.4794385,0.6032687
2930,-1000685,4.481818e-08,0.06620797,0.07245153,0.1229953,0.7692943,0.7096152,0.5916645,0.5045073,0.4060505,0.9772684,0.302242,0.4794385,0.6032687
2940,-1000685,4.481818e-08,0.06620797,0.07245153,0.1229953,0.7692943,0.7096152,0.5916645,0.5045073,0.4060505,0.9772684,0.302242,0.4794385,0.6032687
2950,-1000685,4.481818e-08,0.06620797,0.07245153,0.1229953,0.7692943,0.7096152,0.5916645,0.5045073,0.4060505,0.9772684,0.302242,0.4794385,0.6032687
2960,-1000685,4.481818e-08,0.06620797,0.07245153,0.1229953,0.7692943,0.7096152,0.5916645,0.5045073,0.4060505,0.9772684,0.302242,0.4794385,0.6032687
2970,-1000685,4.481818e-08,0.06620797,0.07245153,0.1229953,0.7692943,0.7096152,0.5916645,0.5045073,0.4060505,0.9772684,0.302242,0.4794385,0.6032687
2980,-1000685,4.481818e-08,0.06620797,0.07245153,0.1229953,0.7692943,0.7096152,0.5916645,0.5045073,0.4060505,0.9772684,0.302242,0.4794385,0.6032687
2990,-1000685,4.481818e-08,0.06620797,0.07245153,0.1229953,0.7692943,0.7096152,0.5916645,0.5045073,0.4060505,0.9772684,0.302242,0.4794385,0.6032687
3000,-1000685,4.481818e-08,0.06620797,0.07245153,0.1229953,0.7692943,0.7096152,0.5916645,0.5045073,0.4060505,0.9772684,0.302242,0.4794385,0.6032687
3010,-1000685,4.481818e-08,0.06620797,0.07245153,0.1229953,0.7692943,0.7096152,0.5916645,0.5045073,0.4060505,0.9772684,0.302242,0.4794385,0.6032687
3020,-1000685,4.481818e-08,0.06620797,0.07245153,0.1229953,0.7692943,0.7096152,0.5916645,0.5045073,0.4060505,0.9772684,0.302242,0.4794385,0.6032687
3030,-1000685,4.481818e-08,0.06620797,0.07245153,0.1229953,0.7692943,0.7096152,0.5916645,0.5045073,0.4060505,0.9772684,0.302242,0.4794385,0.6032687
3040,-1000685,4.481818e-08,0.06620797,0.07245153,0.1229953,0.7692943,0.7096152,0.5916645,0.5045073,0.4060505,0.9772684,0.302242,0.4794385,0.6032687
3050,-1000685,4.481818e-08,0.06620797,0.07245153,0.1229953,0.7692943,0.7096152,0.5916645,0.5045073,0.4060505,0.9772684,0.302242,0.4794385,0.6032687
3060,-1000685,4.481818e-08,0.06620797,0.07245153,0.1229953,0.7692943,0.7096152,0.5916645,0.5045073,0.4060505,0.9772684,0.302242,0.4794385,0.6032687
3070,-1000685,4.481818e-08,0.06620797,0.07245153,0.1229953,0.7692943,0.7096152,0.5916645,0.5045073,0.4060505,0.9772684,0.302242,0.4794385,0.6032687
3080,-1000685,4.481818e-08,0.06620797,0.07245153,0.1229953,0.7692943,0.7096152,0.5916645,0.5045073,0.4060505,0.9772684,0.302242,0.4794385,0.6032687
3090,-1000685,4.481818e-08,0.06620797,0.07245153,0.1229953,0.7692943,0.7096152,0.5916645,0.5045073,0.4060505,0.9772684,0.302242,0.4794385,0.6032687
3100,-1000685,4.481818e-08,0.06620797,0.07245153,0.1229953,0.7692943,0.7096152,0.5916645,0.5045073,0.4060505,0.9772684,0.302242,0.4794385,0.6032687
3110,-1000685,4.481818e-08,0.06620797,0.07245153,0.1229953,0.7692943,0.7096152,0.5916645,0.5045073,0.4060505,0.9772684,0.302242,0.4794385,0.6032687
3120,-1000685,4.481818e-08,0.06620797,0.07245153,0.1229953,0.7692943,0.7096152,0.5916645,0.5045073,0.4060505,0.9772684,0.302242,0.4794385,0.6032687
3130,-1000685,4.481818e-08,0.06620797,0.07245153,0.1229953,0.7692943,0.7096152,0.5916645,0.5045073,0.4060505,0.9772684,0.302242,0.4794385,0.6032687
3140,-1000685,4.481818e-08,0.06620797,0.07245153,0.1229953,0.7692943,0.7096152,0.5916645,0.5045073,0.4060505,0.9772684,0.302242,0.4794385,0.6032687
3150,-1000685,4.481818e-08,0.06620797,0.07245153,0.1229953,0.7692943,0.7096152,0.5916645,0.5045073,0.4060505,0.9772684,0.302242,0.4794385,0.6032687
3160,-1000685,4.481818e-08,0.06620797,0.07245153,0.1229953,0.7692943,0.7096152,0.5916645,0.5045073,0.4060505,0.9772684,0.302242,0.4794385,0.6032687
3170,-1000685,4.481818e-08,0.06620797,0.07245153,0.1229953,0.7692943,0.7096152,0.5916645,0.5045073,0.4060505,0.9772684,0.302242,0.4794385,0.6032687
3180,-1000685,4.481818e-08,0.06620797,0.07245153,0.1229953,0.7692943,0.7096152,0.5916645,0.5045073,0.4060505,0.9772684,0.302242,0.4794385,0.6032687
3190,-1000685,4.481818e-08,0.06620797,0.07245153,0.1229953,0.7692943,0.7096152,0.5916645,0.5045073,0.4060505,0.9772684,0.302242,0.4794385,0.6032687
3200,-1000685,4.481818e-08,0.06620797,0.07245153,0.1229953,0.7692943,0.7096152,0.5916645,0.5045073,0.4060505,0.9772684,0.302242,0.4794385,0.6032687
3210,-1000685,4.481818e-08,0.06620797,0.07245153,0.1229953,0.7692943,0.7096152,0.5916645,0.5045073,0.4060505,0.9772684,0.302242,0.4794385,0.6032687
3220,-1000685,4.481818e-08,0.06620797,0.07245153,0.1229953,0.7692943,0.7096152,0.5916645,0.5045073,0.4060505,0.9772684,0.302242,0.4794385,0.6032687
3230,-1000685,4.481818e-08,0.06620797,0.07245153,0.1229953,0.7692943,0.7096152,0.5916645,0.5045073,0.4060505,0.9772684,0.302242,0.4794385,0.6032687
3240,-1000685,4.481818e-08,0.06620797,0.07245153,0.1229953,0.7692943,0.7096152,0.5916645,0.5045073,0.4060505,0.9772684,0.302242,0.4794385,0.6032687
3250,-1000685,4.481818e-08,0.06620797,0.07245153,0.1229953,0.7692943,0.7096152,0.5916645,0.5045073,0.4060505,0.9772684,0.302242,0.4794385,0.6032687
3260,-1000685,4.481818e-08,0.06620797,0.07245153,0.1229953,0.7692943,0.7096152,0.5916645,0.5045073,0.4060505,0.9772684,0.302242,0.4794385,0.6032687
3270,-1000685,4.481818e-08,0.06620797,0.07245153,0.1229953,0.7692943,0.7096152,0.5916645,0.5045073,0.4060505,0.9772684,0.302242,0.4794385,0.6032687
3280,-1000685,4.481818e-08,0.06620797,0.07245153,0.1229953,0.7692943,0.7096152,0.5916645,0.5045073,0.4060505,0.9772684,0.302242,0.4794385,0.6032687
3290,-1000685,4.481818e-08,0.06620797,0.07245153,0.1229953,0.7692943,0.7096152,0.5916645,0.5045073,0.4060505,0.9772684,0.302242,0.4794385,0.6032687
3300,-1000685,4.481818e-08,0.06620797,0.07245153,0.1229953,0.7692943,0.7096152,0.5916645,0.5045073,0.4060505,0.9772684,0.302242,0.4794385,0.6032687
3310,-1000685,4.481818e-08,0.06620797,0.07245153,0.1229953,0.7692943,0.7096152,0.5916645,0.5045073,0.4060505,0.9772684,0.302242,0.4794385,0.6032687
3320,-1000685,4.481818e-08,0.06620797,0.07245153,0.1229953,0.7692943,0.7096152,0.5916645,0.5045073,0.4060505,0.9772684,0.302242,0.4794385,0.6032687
3330,-1000685,4.481818e-08,0.06620797,0.07245153,0.1229953,0.7692943,0.7096152,0.5916645,0.5045073,0.4060505,0.9772684,0.302242,0.4794385,0.6032687
3340,-1000685,4.481818e-08,0.06620797,0.07245153,0.1229953,0.7692943,0.7096152,0.5916645,0.5045073,0.4060505,0.9772684,0.302242,0.4794385,0.6032687
3350,-1000685,4.481818e-08,0.06620797,0.07245153,0.1229953,0.7692943,0.7096152,0.5916645,0.5045073,0.4060505,0.9772684,0.302242,0.4794385,0.6032687
3360,-1000685,4.481818e-08,0.06620797,0.07245153,0.1229953,0.7692943,0.7096152,0.5916645,0.5045073,0.4060505,0.9772684,0.302242,0.4794385,0.6032687
3370,-1000685,4.481818e-08,0.06620797,0.07245153,0.1229953,0.7692943,0.7096152,0.5916645,0.5045073,0.4060505,0.9772684,0.302242,0.4794385,0.6032687
3380,-1000685,4.481818e-08,0.06620797,0.07245153,0.1229953,0.7692943,0.7096152,0.5916645,0.5045073,0.4060505,0.9772684,0.302242,0.4794385,0.6032687
3390,-1000685,4.481818e-08,0.06620797,0.07245153,0.1229953,0.7692943,0.7096152,0.5916645,0.5045073,0.4060505,0.9772684,0.302242,0.4794385,0.6032687
3400,-1000685,4.481818e-08,0.06620797,0.07245153,0.1229953,0.7692943,0.7096152,0.5916645,0.5045073,0.4060505,0.9772684,0.302242,0.4794385,0.6032687
3410,-1000685,4.481818e-08,0.06620797,0.07245153,0.1229953,0.7692943,0.7096152,0.5916645,0.5045073,0.4060505,0.9772684,0.302242,0.4794385,0.6032687
3420,-1000685,4.481818e-08,0.06620797,0.07245153,0.1229953,0.7692943,0.7096152,0.5916645,0.5045073,0.4060505,0.9772684,0.302242,0.4794385,0.6032687
3430,-1000685,4.481818e-08,0.06620797,0.07245153,0.1229953,0.7692943,0.7096152,0.5916645,0.5045073,0.4060505,0.9772684,0.302242,0.4794385,0.6032687
3440,-1000685,4.481818e-08,0.06620797,0.07245153,0.1229953,0.7692943,0.7096152,0.5916645,0.5045073,0.4060505,0.9772684,0.302242,0.4794385,0.6032687
3450,-1000685,4.481818e-08,0.06620797,0.07245153,0.1229953,0.7692943,0.7096152,0.5916645,0.5045073,0.4060505,0.9772684,0.302242,0.4794385,0.6032687
3460,-1000685,4.481818e-08,0.06620797,0.07245153,0.1229953,0.7692943,0.7096152,0.5916645,0.5045073,0.4060505,0.9772684,0.302242,0.4794385,0.6032687
3470,-1000685,4.481818e-08,0.06620797,0.07245153,0.1229953,0.7692943,0.7096152,0.5916645,0.5045073,0.4060505,0.9772684,0.302242,0.4794385,0.6032687
3480,-1000685,4.481818e-08,0.06620797,0.07245153,0.1229953,0.7692943,0.7096152,0.5916645,0.5045073,0.4060505,0.9772684,0.302242,0.4794385,0.6032687
3490,-1000685,4.481818e-08,0.06620797,0.07245153,0.1229953,0.7692943,0.7096152,0.5916645,0.5045073,0.4060505,0.9772684,0.302242,0.4794385,0.6032687
3500,-1000685,4.481818e-08,0.06620797,0.07245153,0.1229953,0.7692943,0.7096152,0.5916645,0.5045073,0.4060505,0.9772684,0.302242,0.4794385,0.6032687
3510,-1000685,4.481818e-08,0.06620797,0.07245153,0.1229953,0.7692943,0.7096152,0.5916645,0.5045073,0.4060505,0.9772684,0.302242,0.4794385,0.6032687
3520,-1000685,4.481818e-08,0.06620797,0.07245153,0.1229953,0.7692943,0.7096152,0.5916645,0.5045073,0.4060505,0.9772684,0.302242,0.4794385,0.6032687
3530,-1000685,4.481818e-08,0.06620797,0.07245153,0.1229953,0.7692943,0.7096152,0.5916645,0.5045073,0.4060505,0.9772684,0.302242,0.4794385,0.6032687
3540,-1000685,4.481818e-08,0.06620797,0.07245153,0.1229953,0.7692943,0.7096152,0.5916645,0.5045073,0.4060505,0.9772684,0.302242,0.4794385,0.6032687
3550,-1000685,4.481818e-08,0.06620797,0.07245153,0.1229953,0.7692943,0.7096152,0.5916645,0.5045073,0.4060505,0.9772684,0.302242,0.4794385,0.6032687
3560,-1000685,4.481818e-08,0.06620797,0.07245153,0.1229953,0.7692943,0.7096152,0.5916645,0.5045073,0.4060505,0.9772684,0.302242,0.4794385,0.6032687
3570,-1000685,4.481818e-08,0.06620797,0.07245153,0.1229953,0.7692943,0.7096152,0.5916645,0.5045073,0.4060505,0.9772684,0.302242,0.4794385,0.6032687
3580,-1000685,4.481818e-08,0.06620797,0.07245153,0.1229953,0.7692943,0.7096152,0.5916645,0.5045073,0.4060505,0.9772684,0.302242,0.4794385,0.6032687
3590,-1000685,4.481818e-08,0.06620797,0.07245153,0.1229953,0.7692943,0.7096152,0.5916645,0.5045073,0.4060505,0.9772684,0.302242,0.4794385,0.6032687
3600,-1000685,4.481818e-08,0.06620797,0.07245153,0.1229953,0.7692943,0.7096152,0.5916645,0.5045073,0.4060505,0.9772684,0.302242,0.4794385,0.6032687
3610,-1000685,4.481818e-08,0.06620797,0.07245153,0.1229953,0.7692943,0.7096152,0.5916645,0.5045073,0.4060505,0.9772684,0.302242,0.4794385,0.6032687
3620,-1000685,4.481818e-08,0.06620797,0.07245153,0.1229953,0.7692943,0.7096152,0.5916645,0.5045073,0.4060505,0.9772684,0.302242,0.4794385,0.6032687
3630,-1000685,4.481818e-08,0.06620797,0.07245153,0.1229953,0.7692943,0.7096152,0.5916645,0.5045073,0.4060505,0.9772684,0.302242,0.4794385,0.6032687
3640,-1000685,4.481818e-08,0.06620797,0.07245153,0.1229953,0.7692943,0.7096152,0.5916645,0.5045073,0.4060505,0.9772684,0.302242,0.4794385,0.6032687
3650,-1000685,4.481818e-08,0.06620797,0.07245153,0.1229953,0.7692943,0.7096152,0.5916645,0.5045073,0.4060505,0.9772684,0.302242,0.4794385,0.6032687
3660,-1000685,4.481818e-08,0.06620797,0.07245153,0.1229953,0.7692943,0.7096152,0.5916645,0.5045073,0.4060505,0.9772684,0.302242,0.4794385,0.6032687
3670,-1000685,4.481818e-08,0.06620797,0.07245153,0.1229953,0.7692943,0.7096152,0.5916645,0.5045073,0.4060505,0.9772684,0.302242,0.4794385,0.6032687
3680,-1000685,4.481818e-08,0.06620797,0.07245153,0.1229953,0.7692943,0.7096152,0.5916645,0.5045073,0.4060505,0.9772684,0.302242,0.4794385,0.6032687
3690,-1000685,4.481818e-08,0.06620797,0.07245153,0.1229953,0.7692943,0.7096152,0.5916645,0.5045073,0.4060505,0.9772684,0.302242,0.4794385,0.6032687
3700,-1000685,4.481818e-08,0.06620797,0.07245153,0.1229953,0.7692943,0.7096152,0.5916645,0.5045073,0.4060505,0.9772684,0.302242,0.4794385,0.6032687
3710,-1000685,4.481818e-08,0.06620797,0.07245153,0.1229953,0.7692943,0.7096152,0.5916645,0.5045073,0.4060505,0.9772684,0.302242,0.4794385,0.6032687
3720,-1000685,4.481818e-08,0.06620797,0.07245153,0.1229953,0.7692943,0.7096152,0.5916645,0.5045073,0.4060505,0.9772684,0.302242,0.4794385,0.6032687
3730,-1000685,4.481818e-08,0.06620797,0.07245153,0.1229953,0.7692943,0.7096152,0.5916645,0.5045073,0.4060505,0.9772684,0.302242,0.4794385,0.6032687
3740,-1000685,4.481818e-08,0.06620797,0.07245153,0.1229953,0.7692943,0.7096152,0.5916645,0.5045073,0.4060505,0.9772684,0.302242,0.4794385,0.6032687
3750,-1000685,4.481818e-08,0.06620797,0.07245153,0.1229953,0.7692943,0.7096152,0.5916645,0.5045073,0.4060505,0.9772684,0.302242,0.4794385,0.6032687
3760,-1000685,4.481818e-08,0.06620797,0.07245153,0.1229953,0.7692943,0.7096152,0.5916645,0.5045073,0.4060505,0.9772684,0.302242,0.4794385,0.6032687
3770,-1000685,4.481818e-08,0.06620797,0.07245153,0.1229953,0.7692943,0.7096152,0.5916645,0.5045073,0.4060505,0.9772684,0.302242,0.4794385,0.6032687
3780,-1000685,4.481818e-08,0.06620797,0.07245153,0.1229953,0.7692943,0.7096152,0.5916645,0.5045073,0.4060505,0.9772684,0.302242,0.4794385,0.6032687
3790,-1000685,4.481818e-08,0.06620797,0.07245153,0.1229953,0.7692943,0.7096152,0.5916645,0.5045073,0.4060505,0.9772684,0.302242,0.4794385,0.6032687
3800,-1000685,4.481818e-08,0.06620797,0.07245153,0.1229953,0.7692943,0.7096152,0.5916645,0.5045073,0.4060505,0.9772684,0.302242,0.4794385,0.6032687
3810,-1000685,4.481818e-08,0.06620797,0.07245153,0.1229953,0.7692943,0.7096152,0.5916645,0.5045073,0.4060505,0.9772684,0.302242,0.4794385,0.6032687
3820,-1000685,4.481818e-08,0.06620797,0.07245153,0.1229953,0.7692943,0.7096152,0.5916645,0.5045073,0.4060505,0.9772684,0.302242,0.4794385,0.6032687
3830,-1000685,4.481818e-08,0.06620797,0.07245153,0.1229953,0.7692943,0.7096152,0.5916645,0.5045073,0.4060505,0.9772684,0.302242,0.4794385,0.6032687
3840,-1000685,4.481818e-08,0.06620797,0.07245153,0.1229953,0.7692943,0.7096152,0.5916645,0.5045073,0.4060505,0.9772684,0.302242,0.4794385,0.6032687
3850,-1000685,4.481818e-08,0.06620797,0.07245153,0.1229953,0.7692943,0.7096152,0.5916645,0.5045073,0.4060505,0.9772684,0.302242,0.4794385,0.6032687
3860,-1000685,4.481818e-08,0.06620797,0.07245153,0.1229953,0.7692943,0.7096152,0.5916645,0.5045073,0.4060505,0.9772684,0.302242,0.4794385,0.6032687
3870,-1000685,4.481818e-08,0.06620797,0.07245153,0.1229953,0.7692943,0.7096152,0.5916645,0.5045073,0.4060505,0.9772684,0.302242,0.4794385,0.6032687
3880,-1000685,4.481818e-08,0.06620797,0.07245153,0.1229953,0.7692943,0.7096152,0.5916645,0.5045073,0.4060505,0.9772684,0.302242,0.4794385,0.6032687
3890,-1000685,4.481818e-08,0.06620797,0.07245153,0.1229953,0.7692943,0.7096152,0.5916645,0.5045073,0.4060505,0.9772684,0.302242,0.4794385,0.6032687
3900,-1000685,4.481818e-08,0.06620797,0.07245153,0.1229953,0.7692943,0.7096152,0.5916645,0.5045073,0.4060505,0.9772684,0.302242,0.4794385,0.6032687
3910,-1000685,4.481818e-08,0.06620797,0.07245153,0.1229953,0.7692943,0.7096152,0.5916645,0.5045073,0.4060505,0.9772684,0.302242,0.4794385,0.6032687
3920,-1000685,4.481818e-08,0.06620797,0.07245153,0.1229953,0.7692943,0.7096152,0.5916645,0.5045073,0.4060505,0.9772684,0.302242,0.4794385,0.6032687
3930,-1000685,4.481818e-08,0.06620797,0.07245153,0.1229953,0.7692943,0.7096152,0.5916645,0.5045073,0.4060505,0.9772684,0.302242,0.4794385,0.6032687
3940,-1000685,4.481818e-08,0.06620797,0.07245153,0.1229953,0.7692943,0.7096152,0.5916645,0.5045073,0.4060505,0.9772684,0.302242,0.4794385,0.6032687
3950,-1000685,4.481818e-08,0.06620797,0.07245153,0.1229953,0.7692943,0.7096152,0.5916645,0.5045073,0.4060505,0.9772684,0.302242,0.4794385,0.6032687
3960,-1000685,4.481818e-08,0.06620797,0.07245153,0.1229953,0.7692943,0.7096152,0.5916645,0.5045073,0.4060505,0.9772684,0.302242,0.4794385,0.6032687
3970,-1000685,4.481818e-08,0.06620797,0.07245153,0.1229953,0.7692943,0.7096152,0.5916645,0.5045073,0.4060505,0.9772684,0.302242,0.4794385,0.6032687
3980,-1000685,4.481818e-08,0.06620797,0.07245153,0.1229953,0.7692943,0.7096152,0.5916645,0.5045073,0.4060505,0.9772684,0.302242,0.4794385,0.6032687
3990,-1000685,4.481818e-08,0.06620797,0.07245153,0.1229953,0.7692943,0.7096152,0.5916645,0.5045073,0.4060505,0.9772684,0.302242,0.4794385,0.6032687
4000,-1000685,4.481818e-08,0.06620797,0.07245153,0.1229953,0.7692943,0.7096152,0.5916645,0.5045073,0.4060505,0.9772684,0.302242,0.4794385,0.6032687
4010,-1000685,4.481818e-08,0.06620797,0.07245153,0.1229953,0.7692943,0.7096152,0.5916645,0.5045073,0.4060505,0.9772684,0.302242,0.4794385,0.6032687
4020,-1000685,4.481818e-08,0.06620797,0.07245153,0.1229953,0.7692943,0.7096152,0.5916645,0.5045073,0.4060505,0.9772684,0.302242,0.4794385,0.6032687
4030,-1000685,4.481818e-08,0.06620797,0.07245153,0.1229953,0.7692943,0.7096152,0.5916645,0.5045073,0.4060505,0.9772684,0.302242,0.4794385,0.6032687
4040,-1000685,4.481818e-08,0.06620797,0.07245153,0.1229953,0.7692943,0.7096152,0.5916645,0.5045073,0.4060505,0.9772684,0.302242,0.4794385,0.6032687
4050,-1000685,4.481818e-08,0.06620797,0.07245153,0.1229953,0.7692943,0.7096152,0.5916645,0.5045073,0.4060505,0.9772684,0.302242,0.4794385,0.6032687
4060,-1000685,4.481818e-08,0.06620797,0.07245153,0.1229953,0.7692943,0.7096152,0.5916645,0.5045073,0.4060505,0.9772684,0.302242,0.4794385,0.6032687
4070,-1000685,4.481818e-08,0.06620797,0.07245153,0.1229953,0.7692943,0.7096152,0.5916645,0.5045073,0.4060505,0.9772684,0.302242,0.4794385,0.6032687
4080,-1000685,4.481818e-08,0.06620797,0.07245153,0.1229953,0.7692943,0.7096152,0.5916645,0.5045073,0.4060505,0.9772684,0.302242,0.4794385,0.6032687
4090,-1000685,4.481818e-08,0.06620797,0.07245153,0.1229953,0.7692943,0.7096152,0.5916645,0.5045073,0.4060505,0.9772684,0.302242,0.4794385,0.6032687
4100,-1000685,4.481818e-08,0.06620797,0.07245153,0.1229953,0.7692943,0.7096152,0.5916645,0.5045073,0.4060505,0.9772684,0.302242,0.4794385,0.6032687
4110,-1000685,4.481818e-08,0.06620797,0.07245153,0.1229953,0.7692943,0.7096152,0.5916645,0.5045073,0.4060505,0.9772684,0.302242,0.4794385,0.6032687
4120,-1000685,4.481818e-08,0.06620797,0.07245153,0.1229953,0.7692943,0.7096152,0.5916645,0.5045073,0.4060505,0.9772684,0.302242,0.4794385,0.6032687
4130,-1000685,4.481818e-08,0.06620797,0.07245153,0.1229953,0.7692943,0.7096152,0.5916645,0.5045073,0.4060505,0.9772684,0.302242,0.4794385,0.6032687
4140,-1000685,4.481818e-08,0.06620797,0.07245153,0.1229953,0.7692943,0.7096152,0.5916645,0.5045073,0.4060505,0.9772684,0.302242,0.4794385,0.6032687
4150,-1000685,4.481818e-08,0.06620797,0.07245153,0.1229953,0.7692943,0.7096152,0.5916645,0.5045073,0.4060505,0.9772684,0.302242,0.4794385,0.6032687
4160,-1000685,4.481818e-08,0.06620797,0.07245153,0.1229953,0.7692943,0.7096152,0.5916645,0.5045073,0.4060505,0.9772684,0.302242,0.4794385,0.6032687
4170,-1000685,4.481818e-08,0.06620797,0.07245153,0.1229953,0.7692943,0.7096152,0.5916645,0.5045073,0.4060505,0.9772684,0.302242,0.4794385,0.6032687
4180,-1000685,4.481818e-08,0.06620797,0.07245153,0.1229953,0.7692943,0.7096152,0.5916645,0.5045073,0.4060505,0.9772684,0.302242,0.4794385,0.6032687
4190,-1000685,4.481818e-08,0.06620797,0.07245153,0.1229953,0.7692943,0.7096152,0.5916645,0.5045073,0.4060505,0.9772684,0.302242,0.4794385,0.6032687
4200,-1000685,4.481818e-08,0.06620797,0.07245153,0.1229953,0.7692943,0.7096152,0.5916645,0.5045073,0.4060505,0.9772684,0.302242,0.4794385,0.6032687
4210,-1000685,4.481818e-08,0.06620797,0.07245153,0.1229953,0.7692943,0.7096152,0.5916645,0.5045073,0.4060505,0.9772684,0.302242,0.4794385,0.6032687
4220,-1000685,4.481818e-08,0.06620797,0.07245153,0.1229953,0.7692943,0.7096152,0.5916645,0.5045073,0.4060505,0.9772684,0.302242,0.4794385,0.6032687
4230,-1000685,4.481818e-08,0.06620797,0.07245153,0.1229953,0.7692943,0.7096152,0.5916645,0.5045073,0.4060505,0.9772684,0.302242,0.4794385,0.6032687
4240,-1000685,4.481818e-08,0.06620797,0.07245153,0.1229953,0.7692943,0.7096152,0.5916645,0.5045073,0.4060505,0.9772684,0.302242,0.4794385,0.6032687
4250,-1000685,4.481818e-08,0.06620797,0.07245153,0.1229953,0.7692943,0.7096152,0.5916645,0.5045073,0.4060505,0.9772684,0.302242,0.4794385,0.6032687
4260,-1000685,4.481818e-08,0.06620797,0.07245153,0.1229953,0.7692943,0.7096152,0.5916645,0.5045073,0.4060505,0.9772684,0.302242,0.4794385,0.6032687
4270,-1000685,4.481818e-08,0.06620797,0.07245153,0.1229953,0.7692943,0.7096152,0.5916645,0.5045073,0.4060505,0.9772684,0.302242,0.4794385,0.6032687
4280,-1000685,4.481818e-08,0.06620797,0.07245153,0.1229953,0.7692943,0.7096152,0.5916645,0.5045073,0.4060505,0.9772684,0.302242,0.4794385,0.6032687
4290,-1000685,4.481818e-08,0.06620797,0.07245153,0.1229953,0.7692943,0.7096152,0.5916645,0.5045073,0.4060505,0.9772684,0.302242,0.4794385,0.6032687
4300,-1000685,4.481818e-08,0.06620797,0.07245153,0.1229953,0.7692943,0.7096152,0.5916645,0.5045073,0.4060505,0.9772684,0.302242,0.4794385,0.6032687
4310,-1000685,4.481818e-08,0.06620797,0.07245153,0.1229953,0.7692943,0.7096152,0.5916645,0.5045073,0.4060505,0.9772684,0.302242,0.4794385,0.6032687
4320,-1000685,4.481818e-08,0.06620797,0.07245153,0.1229953,0.7692943,0.7096152,0.5916645,0.5045073,0.4060505,0.9772684,0.302242,0.4794385,0.6032687
4330,-1000685,4.481818e-08,0.06620797,0.07245153,0.1229953,0.7692943,0.7096152,0.5916645,0.5045073,0.4060505,0.9772684,0.302242,0.4794385,0.6032687
4340,-1000685,4.481818e-08,0.06620797,0.07245153,0.1229953,0.7692943,0.7096152,0.5916645,0.5045073,0.4060505,0.9772684,0.302242,0.4794385,0.6032687
4350,-1000685,4.481818e-08,0.06620797,0.07245153,0.1229953,0.7692943,0.7096152,0.5916645,0.5045073,0.4060505,0.9772684,0.302242,0.4794385,0.6032687
4360,-1000685,4.481818e-08,0.06620797,0.07245153,0.1229953,0.7692943,0.7096152,0.5916645,0.5045073,0.4060505,0.9772684,0.302242,0.4794385,0.6032687
4370,-1000685,4.481818e-08,0.06620797,0.07245153,0.1229953,0.7692943,0.7096152,0.5916645,0.5045073,0.4060505,0.9772684,0.302242,0.4794385,0.6032687
4380,-1000685,4.481818e-08,0.06620797,0.07245153,0.1229953,0.7692943,0.7096152,0.5916645,0.5045073,0.4060505,0.9772684,0.302242,0.4794385,0.6032687
4390,-1000685,4.481818e-08,0.06620797,0.07245153,0.1229953,0.7692943,0.7096152,0.5916645,0.5045073,0.4060505,0.9772684,0.302242,0.4794385,0.6032687
4400,-1000685,4.481818e-08,0.06620797,0.07245153,0.1229953,0.7692943,0.7096152,0.5916645,0.5045073,0.4060505,0.9772684,0.302242,0.4794385,0.6032687
4410,-1000685,4.481818e-08,0.06620797,0.07245153,0.1229953,0.7692943,0.7096152,0.5916645,0.5045073,0.4060505,0.9772684,0.302242,0.4794385,0.6032687
4420,-1000685,4.481818e-08,0.06620797,0.07245153,0.1229953,0.7692943,0.7096152,0.5916645,0.5045073,0.4060505,0.9772684,0.302242,0.4794385,0.6032687
4430,-1000685,4.481818e-08,0.06620797,0.07245153,0.1229953,0.7692943,0.7096152,0.5916645,0.5045073,0.4060505,0.9772684,0.302242,0.4794385,0.6032687
4440,-1000685,4.481818e-08,0.06620797,0.07245153,0.1229953,0.7692943,0.7096152,0.5916645,0.5045073,0.4060505,0.9772684,0.302242,0.4794385,0.6032687
4450,-1000685,4.481818e-08,0.06620797,0.07245153,0.1229953,0.7692943,0.7096152,0.5916645,0.5045073,0.4060505,0.9772684,0.302242,0.4794385,0.6032687
4460,-1000685,4.481818e-08,0.06620797,0.07245153,0.1229953,0.7692943,0.7096152,0.5916645,0.5045073,0.4060505,0.9772684,0.302242,0.4794385,0.6032687
4470,-1000685,4.481818e-08,0.06620797,0.07245153,0.1229953,0.7692943,0.7096152,0.5916645,0.5045073,0.4060505,0.9772684,0.302242,0.4794385,0.6032687
4480,-1000685,4.481818e-08,0.06620797,0.07245153,0.1229953,0.7692943,0.7096152,0.5916645,0.5045073,0.4060505,0.9772684,0.302242,0.4794385,0.6032687
4490,-1000685,4.481818e-08,0.06620797,0.07245153,0.1229953,0.7692943,0.7096152,0.5916645,0.5045073,0.4060505,0.9772684,0.302242,0.4794385,0.6032687
4500,-1000685,4.481818e-08,0.06620797,0.07245153,0.1229953,0.7692943,0.7096152,0.5916645,0.5045073,0.4060505,0.9772684,0.302242,0.4794385,0.6032687
4510,-1000685,4.481818e-08,0.06620797,0.07245153,0.1229953,0.7692943,0.7096152,0.5916645,0.5045073,0.4060505,0.9772684,0.302242,0.4794385,0.6032687
4520,-1000685,4.481818e-08,0.06620797,0.07245153,0.1229953,0.7692943,0.7096152,0.5916645,0.5045073,0.4060505,0.9772684,0.302242,0.4794385,0.6032687
4530,-1000685,4.481818e-08,0.06620797,0.07245153,0.1229953,0.7692943,0.7096152,0.5916645,0.5045073,0.4060505,0.9772684,0.302242,0.4794385,0.6032687
4540,-1000685,4.481818e-08,0.06620797,0.07245153,0.1229953,0.7692943,0.7096152,0.5916645,0.5045073,0.4060505,0.9772684,0.302242,0.4794385,0.6032687
4550,-1000685,4.481818e-08,0.06620797,0.07245153,0.1229953,0.7692943,0.7096152,0.5916645,0.5045073,0.4060505,0.9772684,0.302242,0.4794385,0.6032687
4560,-1000685,4.481818e-08,0.06620797,0.07245153,0.1229953,0.7692943,0.7096152,0.5916645,0.5045073,0.4060505,0.9772684,0.302242,0.4794385,0.6032687
4570,-1000685,4.481818e-08,0.06620797,0.07245153,0.1229953,0.7692943,0.7096152,0.5916645,0.5045073,0.4060505,0.9772684,0.302242,0.4794385,0.6032687
4580,-1000685,4.481818e-08,0.06620797,0.07245153,0.1229953,0.7692943,0.7096152,0.5916645,0.5045073,0.4060505,0.9772684,0.302242,0.4794385,0.6032687
4590,-1000685,4.481818e-08,0.06620797,0.07245153,0.1229953,0.7692943,0.7096152,0.5916645,0.5045073,0.4060505,0.9772684,0.302242,0.4794385,0.6032687
4600,-1000685,4.481818e-08,0.06620797,0.07245153,0.1229953,0.7692943,0.7096152,0.5916645,0.5045073,0.4060505,0.9772684,0.302242,0.4794385,0.6032687
4610,-1000685,4.481818e-08,0.06620797,0.07245153,0.1229953,0.7692943,0.7096152,0.5916645,0.5045073,0.4060505,0.9772684,0.302242,0.4794385,0.6032687
4620,-1000685,4.481818e-08,0.06620797,0.07245153,0.1229953,0.7692943,0.7096152,0.5916645,0.5045073,0.4060505,0.9772684,0.302242,0.4794385,0.6032687
4630,-1000685,4.481818e-08,0.06620797,0.07245153,0.1229953,0.7692943,0.7096152,0.5916645,0.5045073,0.4060505,0.9772684,0.302242,0.4794385,0.6032687
4640,-1000685,4.481818e-08,0.06620797,0.07245153,0.1229953,0.7692943,0.7096152,0.5916645,0.5045073,0.4060505,0.9772684,0.302242,0.4794385,0.6032687
4650,-1000685,4.481818e-08,0.06620797,0.07245153,0.1229953,0.7692943,0.7096152,0.5916645,0.5045073,0.4060505,0.9772684,0.302242,0.4794385,0.6032687
4660,-1000685,4.481818e-08,0.06620797,0.07245153,0.1229953,0.7692943,0.7096152,0.5916645,0.5045073,0.4060505,0.9772684,0.302242,0.4794385,0.6032687
4670,-1000685,4.481818e-08,0.06620797,0.07245153,0.1229953,0.7692943,0.7096152,0.5916645,0.5045073,0.4060505,0.9772684,0.302242,0.4794385,0.6032687
4680,-1000685,4.481818e-08,0.06620797,0.07245153,0.1229953,0.7692943,0.7096152,0.5916645,0.5045073,0.4060505,0.9772684,0.302242,0.4794385,0.6032687
4690,-1000685,4.481818e-08,0.06620797,0.07245153,0.1229953,0.7692943,0.7096152,0.5916645,0.5045073,0.4060505,0.9772684,0.302242,0.4794385,0.6032687
4700,-1000685,4.481818e-08,0.06620797,0.07245153,0.1229953,0.7692943,0.7096152,0.5916645,0.5045073,0.4060505,0.9772684,0.302242,0.4794385,0.6032687
4710,-1000685,4.481818e-08,0.06620797,0.07245153,0.1229953,0.7692943,0.7096152,0.5916645,0.5045073,0.4060505,0.9772684,0.302242,0.4794385,0.6032687
4720,-1000685,4.481818e-08,0.06620797,0.07245153,0.1229953,0.7692943,0.7096152,0.5916645,0.5045073,0.4060505,0.9772684,0.302242,0.4794385,0.6032687
4730,-1000685,4.481818e-08,0.06620797,0.07245153,0.1229953,0.7692943,0.7096152,0.5916645,0.5045073,0.4060505,0.9772684,0.302242,0.4794385,0.6032687
4740,-1000685,4.481818e-08,0.06620797,0.07245153,0.1229953,0.7692943,0.7096152,0.5916645,0.5045073,0.4060505,0.9772684,0.302242,0.4794385,0.6032687
4750,-1000685,4.481818e-08,0.06620797,0.07245153,0.1229953,0.7692943,0.7096152,0.5916645,0.5045073,0.4060505,0.9772684,0.302242,0.4794385,0.6032687
4760,-1000685,4.481818e-08,0.06620797,0.07245153,0.1229953,0.7692943,0.7096152,0.5916645,0.5045073,0.4060505,0.9772684,0.302242,0.4794385,0.6032687
4770,-1000685,4.481818e-08,0.06620797,0.07245153,0.1229953,0.7692943,0.7096152,0.5916645,0.5045073,0.4060505,0.9772684,0.302242,0.4794385,0.6032687
4780,-1000685,4.481818e-08,0.06620797,0.07245153,0.1229953,0.7692943,0.7096152,0.5916645,0.5045073,0.4060505,0.9772684,0.302242,0.4794385,0.6032687
4790,-1000685,4.481818e-08,0.06620797,0.07245153,0.1229953,0.7692943,0.7096152,0.5916645,0.5045073,0.4060505,0.9772684,0.302242,0.4794385,0.6032687
4800,-1000685,4.481818e-08,0.06620797,0.07245153,0.1229953,0.7692943,0.7096152,0.5916645,0.5045073,0.4060505,0.9772684,0.302242,0.4794385,0.6032687
4810,-1000685,4.481818e-08,0.06620797,0.07245153,0.1229953,0.7692943,0.7096152,0.5916645,0.5045073,0.4060505,0.9772684,0.302242,0.4794385,0.6032687
4820,-1000685,4.481818e-08,0.06620797,0.07245153,0.1229953,0.7692943,0.7096152,0.5916645,0.5045073,0.4060505,0.9772684,0.302242,0.4794385,0.6032687
4830,-1000685,4.481818e-08,0.06620797,0.07245153,0.1229953,0.7692943,0.7096152,0.5916645,0.5045073,0.4060505,0.9772684,0.302242,0.4794385,0.6032687
4840,-1000685,4.481818e-08,0.06620797,0.07245153,0.1229953,0.7692943,0.7096152,0.5916645,0.5045073,0.4060505,0.9772684,0.302242,0.4794385,0.6032687
4850,-1000685,4.481818e-08,0.06620797,0.07245153,0.1229953,0.7692943,0.7096152,0.5916645,0.5045073,0.4060505,0.9772684,0.302242,0.4794385,0.6032687
4860,-1000685,4.481818e-08,0.06620797,0.07245153,0.1229953,0.7692943,0.7096152,0.5916645,0.5045073,0.4060505,0.9772684,0.302242,0.4794385,0.6032687
4870,-1000685,4.481818e-08,0.06620797,0.07245153,0.1229953,0.7692943,0.7096152,0.5916645,0.5045073,0.4060505,0.9772684,0.302242,0.4794385,0.6032687
4880,-1000685,4.481818e-08,0.06620797,0.07245153,0.1229953,0.7692943,0.7096152,0.5916645,0.5045073,0.4060505,0.9772684,0.302242,0.4794385,0.6032687
4890,-1000685,4.481818e-08,0.06620797,0.07245153,0.1229953,0.7692943,0.7096152,0.5916645,0.5045073,0.4060505,0.9772684,0.302242,0.4794385,0.6032687
4900,-1000685,4.481818e-08,0.06620797,0.07245153,0.1229953,0.7692943,0.7096152,0.5916645,0.5045073,0.4060505,0.9772684,0.302242,0.4794385,0.6032687
4910,-1000685,4.481818e-08,0.06620797,0.07245153,0.1229953,0.7692943,0.7096152,0.5916645,0.5045073,0.4060505,0.9772684,0.302242,0.4794385,0.6032687
4920,-1000685,4.481818e-08,0.06620797,0.07245153,0.1229953,0.7692943,0.7096152,0.5916645,0.5045073,0.4060505,0.9772684,0.302242,0.4794385,0.6032687
4930,-1000685,4.481818e-08,0.06620797,0.07245153,0.1229953,0.7692943,0.7096152,0.5916645,0.5045073,0.4060505,0.9772684,0.302242,0.4794385,0.6032687
4940,-1000685,4.481818e-08,0.06620797,0.07245153,0.1229953,0.7692943,0.7096152,0.5916645,0.5045073,0.4060505,0.9772684,0.302242,0.4794385,0.6032687
4950,-1000685,4.481818e-08,0.06620797,0.07245153,0.1229953,0.7692943,0.7096152,0.5916645,0.5045073,0.4060505,0.9772684,0.302242,0.4794385,0.6032687
4960,-1000685,4.481818e-08,0.06620797,0.07245153,0.1229953,0.7692943,0.7096152,0.5916645,0.5045073,0.4060505,0.9772684,0.302242,0.4794385,0.6032687
4970,-1000685,4.481818e-08,0.06620797,0.07245153,0.1229953,0.7692943,0.7096152,0.5916645,0.5045073,0.4060505,0.9772684,0.302242,0.4794385,0.6032687
4980,-1000685,4.481818e-08,0.06620797,0.07245153,0.1229953,0.7692943,0.7096152,0.5916645,0.5045073,0.4060505,0.9772684,0.302242,0.4794385,0.6032687
4990,-1000685,4.481818e-08,0.06620797,0.07245153,0.1229953,0.7692943,0.7096152,0.5916645,0.5045073,0.4060505,0.9772684,0.302242,0.4794385,0.6032687
5000,-1000685,4.481818e-08,0.06620797,0.07245153,0.1229953,0.7692943,0.7096152,0.5916645,0.5045073,0.4060505,0.9772684,0.302242,0.4794385,0.6032687
