Iteration,Likelihood,transmRate,vecEff1,vecEff2,vecEff3,vecEff4,vecEff5,vecEff6
10,-1694.199,1.218117e-08,0.3775258,0.3097889,0.4876052,0.6422334,0.5671581,0.6366811
20,-1694.199,1.218117e-08,0.3775258,0.3097889,0.4876052,0.6422334,0.5671581,0.6366811
30,-1694.199,1.218117e-08,0.3775258,0.3097889,0.4876052,0.6422334,0.5671581,0.6366811
40,-1694.199,1.218117e-08,0.3775258,0.3097889,0.4876052,0.6422334,0.5671581,0.6366811
50,-1694.199,1.218117e-08,0.3775258,0.3097889,0.4876052,0.6422334,0.5671581,0.6366811
60,-1694.199,1.218117e-08,0.3775258,0.3097889,0.4876052,0.6422334,0.5671581,0.6366811
70,-1694.199,1.218117e-08,0.3775258,0.3097889,0.4876052,0.6422334,0.5671581,0.6366811
80,-1694.199,1.218117e-08,0.3775258,0.3097889,0.4876052,0.6422334,0.5671581,0.6366811
90,-1694.199,1.218117e-08,0.3775258,0.3097889,0.4876052,0.6422334,0.5671581,0.6366811
100,-1694.199,1.218117e-08,0.3775258,0.3097889,0.4876052,0.6422334,0.5671581,0.6366811
110,-1694.199,1.218117e-08,0.3775258,0.3097889,0.4876052,0.6422334,0.5671581,0.6366811
120,-1694.199,1.218117e-08,0.3775258,0.3097889,0.4876052,0.6422334,0.5671581,0.6366811
130,-1694.199,1.218117e-08,0.3775258,0.3097889,0.4876052,0.6422334,0.5671581,0.6366811
140,-1694.199,1.218117e-08,0.3775258,0.3097889,0.4876052,0.6422334,0.5671581,0.6366811
150,-1694.199,1.218117e-08,0.3775258,0.3097889,0.4876052,0.6422334,0.5671581,0.6366811
160,-1694.199,1.218117e-08,0.3775258,0.3097889,0.4876052,0.6422334,0.5671581,0.6366811
170,-1694.199,1.218117e-08,0.3775258,0.3097889,0.4876052,0.6422334,0.5671581,0.6366811
180,-1694.199,1.218117e-08,0.3775258,0.3097889,0.4876052,0.6422334,0.5671581,0.6366811
190,-1694.199,1.218117e-08,0.3775258,0.3097889,0.4876052,0.6422334,0.5671581,0.6366811
200,-1694.199,1.218117e-08,0.3775258,0.3097889,0.4876052,0.6422334,0.5671581,0.6366811
210,-1694.199,1.218117e-08,0.3775258,0.3097889,0.4876052,0.6422334,0.5671581,0.6366811
220,-1694.199,1.218117e-08,0.3775258,0.3097889,0.4876052,0.6422334,0.5671581,0.6366811
230,-1694.199,1.218117e-08,0.3775258,0.3097889,0.4876052,0.6422334,0.5671581,0.6366811
240,-1694.199,1.218117e-08,0.3775258,0.3097889,0.4876052,0.6422334,0.5671581,0.6366811
250,-1694.199,1.218117e-08,0.3775258,0.3097889,0.4876052,0.6422334,0.5671581,0.6366811
260,-1694.199,1.218117e-08,0.3775258,0.3097889,0.4876052,0.6422334,0.5671581,0.6366811
270,-1694.199,1.218117e-08,0.3775258,0.3097889,0.4876052,0.6422334,0.5671581,0.6366811
280,-1694.199,1.218117e-08,0.3775258,0.3097889,0.4876052,0.6422334,0.5671581,0.6366811
290,-1694.199,1.218117e-08,0.3775258,0.3097889,0.4876052,0.6422334,0.5671581,0.6366811
300,-1694.199,1.218117e-08,0.3775258,0.3097889,0.4876052,0.6422334,0.5671581,0.6366811
310,-1694.199,1.218117e-08,0.3775258,0.3097889,0.4876052,0.6422334,0.5671581,0.6366811
320,-1694.199,1.218117e-08,0.3775258,0.3097889,0.4876052,0.6422334,0.5671581,0.6366811
330,-1694.199,1.218117e-08,0.3775258,0.3097889,0.4876052,0.6422334,0.5671581,0.6366811
340,-1694.199,1.218117e-08,0.3775258,0.3097889,0.4876052,0.6422334,0.5671581,0.6366811
350,-1694.199,1.218117e-08,0.3775258,0.3097889,0.4876052,0.6422334,0.5671581,0.6366811
360,-1694.199,1.218117e-08,0.3775258,0.3097889,0.4876052,0.6422334,0.5671581,0.6366811
370,-1694.199,1.218117e-08,0.3775258,0.3097889,0.4876052,0.6422334,0.5671581,0.6366811
380,-1694.199,1.218117e-08,0.3775258,0.3097889,0.4876052,0.6422334,0.5671581,0.6366811
390,-1694.199,1.218117e-08,0.3775258,0.3097889,0.4876052,0.6422334,0.5671581,0.6366811
400,-1694.199,1.218117e-08,0.3775258,0.3097889,0.4876052,0.6422334,0.5671581,0.6366811
410,-1694.199,1.218117e-08,0.3775258,0.3097889,0.4876052,0.6422334,0.5671581,0.6366811
420,-1694.199,1.218117e-08,0.3775258,0.3097889,0.4876052,0.6422334,0.5671581,0.6366811
430,-1694.199,1.218117e-08,0.3775258,0.3097889,0.4876052,0.6422334,0.5671581,0.6366811
440,-1694.199,1.218117e-08,0.3775258,0.3097889,0.4876052,0.6422334,0.5671581,0.6366811
450,-1694.199,1.218117e-08,0.3775258,0.3097889,0.4876052,0.6422334,0.5671581,0.6366811
460,-1694.199,1.218117e-08,0.3775258,0.3097889,0.4876052,0.6422334,0.5671581,0.6366811
470,-1694.199,1.218117e-08,0.3775258,0.3097889,0.4876052,0.6422334,0.5671581,0.6366811
480,-1694.199,1.218117e-08,0.3775258,0.3097889,0.4876052,0.6422334,0.5671581,0.6366811
490,-1694.199,1.218117e-08,0.3775258,0.3097889,0.4876052,0.6422334,0.5671581,0.6366811
500,-1694.199,1.218117e-08,0.3775258,0.3097889,0.4876052,0.6422334,0.5671581,0.6366811
510,-1694.199,1.218117e-08,0.3775258,0.3097889,0.4876052,0.6422334,0.5671581,0.6366811
520,-1694.199,1.218117e-08,0.3775258,0.3097889,0.4876052,0.6422334,0.5671581,0.6366811
530,-1694.199,1.218117e-08,0.3775258,0.3097889,0.4876052,0.6422334,0.5671581,0.6366811
540,-1694.199,1.218117e-08,0.3775258,0.3097889,0.4876052,0.6422334,0.5671581,0.6366811
550,-1694.199,1.218117e-08,0.3775258,0.3097889,0.4876052,0.6422334,0.5671581,0.6366811
560,-1694.199,1.218117e-08,0.3775258,0.3097889,0.4876052,0.6422334,0.5671581,0.6366811
570,-1694.199,1.218117e-08,0.3775258,0.3097889,0.4876052,0.6422334,0.5671581,0.6366811
580,-1694.199,1.218117e-08,0.3775258,0.3097889,0.4876052,0.6422334,0.5671581,0.6366811
590,-1694.199,1.218117e-08,0.3775258,0.3097889,0.4876052,0.6422334,0.5671581,0.6366811
600,-1694.199,1.218117e-08,0.3775258,0.3097889,0.4876052,0.6422334,0.5671581,0.6366811
610,-1694.199,1.218117e-08,0.3775258,0.3097889,0.4876052,0.6422334,0.5671581,0.6366811
620,-1694.199,1.218117e-08,0.3775258,0.3097889,0.4876052,0.6422334,0.5671581,0.6366811
630,-1694.199,1.218117e-08,0.3775258,0.3097889,0.4876052,0.6422334,0.5671581,0.6366811
640,-1694.199,1.218117e-08,0.3775258,0.3097889,0.4876052,0.6422334,0.5671581,0.6366811
650,-1694.199,1.218117e-08,0.3775258,0.3097889,0.4876052,0.6422334,0.5671581,0.6366811
660,-1694.199,1.218117e-08,0.3775258,0.3097889,0.4876052,0.6422334,0.5671581,0.6366811
670,-1694.199,1.218117e-08,0.3775258,0.3097889,0.4876052,0.6422334,0.5671581,0.6366811
680,-1694.199,1.218117e-08,0.3775258,0.3097889,0.4876052,0.6422334,0.5671581,0.6366811
690,-1694.199,1.218117e-08,0.3775258,0.3097889,0.4876052,0.6422334,0.5671581,0.6366811
700,-1694.199,1.218117e-08,0.3775258,0.3097889,0.4876052,0.6422334,0.5671581,0.6366811
710,-1694.199,1.218117e-08,0.3775258,0.3097889,0.4876052,0.6422334,0.5671581,0.6366811
720,-1694.199,1.218117e-08,0.3775258,0.3097889,0.4876052,0.6422334,0.5671581,0.6366811
730,-1694.199,1.218117e-08,0.3775258,0.3097889,0.4876052,0.6422334,0.5671581,0.6366811
740,-1694.199,1.218117e-08,0.3775258,0.3097889,0.4876052,0.6422334,0.5671581,0.6366811
750,-1694.199,1.218117e-08,0.3775258,0.3097889,0.4876052,0.6422334,0.5671581,0.6366811
760,-1694.199,1.218117e-08,0.3775258,0.3097889,0.4876052,0.6422334,0.5671581,0.6366811
770,-1694.199,1.218117e-08,0.3775258,0.3097889,0.4876052,0.6422334,0.5671581,0.6366811
780,-1694.199,1.218117e-08,0.3775258,0.3097889,0.4876052,0.6422334,0.5671581,0.6366811
790,-1694.199,1.218117e-08,0.3775258,0.3097889,0.4876052,0.6422334,0.5671581,0.6366811
800,-1694.199,1.218117e-08,0.3775258,0.3097889,0.4876052,0.6422334,0.5671581,0.6366811
810,-1694.199,1.218117e-08,0.3775258,0.3097889,0.4876052,0.6422334,0.5671581,0.6366811
820,-1694.199,1.218117e-08,0.3775258,0.3097889,0.4876052,0.6422334,0.5671581,0.6366811
830,-1694.199,1.218117e-08,0.3775258,0.3097889,0.4876052,0.6422334,0.5671581,0.6366811
840,-1694.199,1.218117e-08,0.3775258,0.3097889,0.4876052,0.6422334,0.5671581,0.6366811
850,-1694.199,1.218117e-08,0.3775258,0.3097889,0.4876052,0.6422334,0.5671581,0.6366811
860,-1694.199,1.218117e-08,0.3775258,0.3097889,0.4876052,0.6422334,0.5671581,0.6366811
870,-1694.199,1.218117e-08,0.3775258,0.3097889,0.4876052,0.6422334,0.5671581,0.6366811
880,-1694.199,1.218117e-08,0.3775258,0.3097889,0.4876052,0.6422334,0.5671581,0.6366811
890,-1694.199,1.218117e-08,0.3775258,0.3097889,0.4876052,0.6422334,0.5671581,0.6366811
900,-1694.199,1.218117e-08,0.3775258,0.3097889,0.4876052,0.6422334,0.5671581,0.6366811
910,-1694.199,1.218117e-08,0.3775258,0.3097889,0.4876052,0.6422334,0.5671581,0.6366811
920,-1694.199,1.218117e-08,0.3775258,0.3097889,0.4876052,0.6422334,0.5671581,0.6366811
930,-1694.199,1.218117e-08,0.3775258,0.3097889,0.4876052,0.6422334,0.5671581,0.6366811
940,-1694.199,1.218117e-08,0.3775258,0.3097889,0.4876052,0.6422334,0.5671581,0.6366811
950,-1694.199,1.218117e-08,0.3775258,0.3097889,0.4876052,0.6422334,0.5671581,0.6366811
960,-1694.199,1.218117e-08,0.3775258,0.3097889,0.4876052,0.6422334,0.5671581,0.6366811
970,-1694.199,1.218117e-08,0.3775258,0.3097889,0.4876052,0.6422334,0.5671581,0.6366811
980,-1694.199,1.218117e-08,0.3775258,0.3097889,0.4876052,0.6422334,0.5671581,0.6366811
990,-1694.199,1.218117e-08,0.3775258,0.3097889,0.4876052,0.6422334,0.5671581,0.6366811
1000,-1694.199,1.218117e-08,0.3775258,0.3097889,0.4876052,0.6422334,0.5671581,0.6366811
1010,-1694.199,1.218117e-08,0.3775258,0.3097889,0.4876052,0.6422334,0.5671581,0.6366811
1020,-1694.199,1.218117e-08,0.3775258,0.3097889,0.4876052,0.6422334,0.5671581,0.6366811
1030,-1694.199,1.218117e-08,0.3775258,0.3097889,0.4876052,0.6422334,0.5671581,0.6366811
1040,-1694.199,1.218117e-08,0.3775258,0.3097889,0.4876052,0.6422334,0.5671581,0.6366811
1050,-1694.199,1.218117e-08,0.3775258,0.3097889,0.4876052,0.6422334,0.5671581,0.6366811
1060,-1694.199,1.218117e-08,0.3775258,0.3097889,0.4876052,0.6422334,0.5671581,0.6366811
1070,-1694.199,1.218117e-08,0.3775258,0.3097889,0.4876052,0.6422334,0.5671581,0.6366811
1080,-1694.199,1.218117e-08,0.3775258,0.3097889,0.4876052,0.6422334,0.5671581,0.6366811
1090,-1694.199,1.218117e-08,0.3775258,0.3097889,0.4876052,0.6422334,0.5671581,0.6366811
1100,-1694.199,1.218117e-08,0.3775258,0.3097889,0.4876052,0.6422334,0.5671581,0.6366811
1110,-1694.199,1.218117e-08,0.3775258,0.3097889,0.4876052,0.6422334,0.5671581,0.6366811
1120,-1694.199,1.218117e-08,0.3775258,0.3097889,0.4876052,0.6422334,0.5671581,0.6366811
1130,-1694.199,1.218117e-08,0.3775258,0.3097889,0.4876052,0.6422334,0.5671581,0.6366811
1140,-1694.199,1.218117e-08,0.3775258,0.3097889,0.4876052,0.6422334,0.5671581,0.6366811
1150,-1694.199,1.218117e-08,0.3775258,0.3097889,0.4876052,0.6422334,0.5671581,0.6366811
1160,-1694.199,1.218117e-08,0.3775258,0.3097889,0.4876052,0.6422334,0.5671581,0.6366811
1170,-1694.199,1.218117e-08,0.3775258,0.3097889,0.4876052,0.6422334,0.5671581,0.6366811
1180,-1694.199,1.218117e-08,0.3775258,0.3097889,0.4876052,0.6422334,0.5671581,0.6366811
1190,-1694.199,1.218117e-08,0.3775258,0.3097889,0.4876052,0.6422334,0.5671581,0.6366811
1200,-1694.199,1.218117e-08,0.3775258,0.3097889,0.4876052,0.6422334,0.5671581,0.6366811
1210,-1694.199,1.218117e-08,0.3775258,0.3097889,0.4876052,0.6422334,0.5671581,0.6366811
1220,-1694.199,1.218117e-08,0.3775258,0.3097889,0.4876052,0.6422334,0.5671581,0.6366811
1230,-1694.199,1.218117e-08,0.3775258,0.3097889,0.4876052,0.6422334,0.5671581,0.6366811
1240,-1694.199,1.218117e-08,0.3775258,0.3097889,0.4876052,0.6422334,0.5671581,0.6366811
1250,-1694.199,1.218117e-08,0.3775258,0.3097889,0.4876052,0.6422334,0.5671581,0.6366811
1260,-1694.199,1.218117e-08,0.3775258,0.3097889,0.4876052,0.6422334,0.5671581,0.6366811
1270,-1694.199,1.218117e-08,0.3775258,0.3097889,0.4876052,0.6422334,0.5671581,0.6366811
1280,-1694.199,1.218117e-08,0.3775258,0.3097889,0.4876052,0.6422334,0.5671581,0.6366811
1290,-1694.199,1.218117e-08,0.3775258,0.3097889,0.4876052,0.6422334,0.5671581,0.6366811
1300,-1694.199,1.218117e-08,0.3775258,0.3097889,0.4876052,0.6422334,0.5671581,0.6366811
1310,-1694.199,1.218117e-08,0.3775258,0.3097889,0.4876052,0.6422334,0.5671581,0.6366811
1320,-1694.199,1.218117e-08,0.3775258,0.3097889,0.4876052,0.6422334,0.5671581,0.6366811
1330,-1694.199,1.218117e-08,0.3775258,0.3097889,0.4876052,0.6422334,0.5671581,0.6366811
1340,-1694.199,1.218117e-08,0.3775258,0.3097889,0.4876052,0.6422334,0.5671581,0.6366811
1350,-1694.199,1.218117e-08,0.3775258,0.3097889,0.4876052,0.6422334,0.5671581,0.6366811
1360,-1694.199,1.218117e-08,0.3775258,0.3097889,0.4876052,0.6422334,0.5671581,0.6366811
1370,-1694.199,1.218117e-08,0.3775258,0.3097889,0.4876052,0.6422334,0.5671581,0.6366811
1380,-1694.199,1.218117e-08,0.3775258,0.3097889,0.4876052,0.6422334,0.5671581,0.6366811
1390,-1694.199,1.218117e-08,0.3775258,0.3097889,0.4876052,0.6422334,0.5671581,0.6366811
1400,-1694.199,1.218117e-08,0.3775258,0.3097889,0.4876052,0.6422334,0.5671581,0.6366811
1410,-1694.199,1.218117e-08,0.3775258,0.3097889,0.4876052,0.6422334,0.5671581,0.6366811
1420,-1694.199,1.218117e-08,0.3775258,0.3097889,0.4876052,0.6422334,0.5671581,0.6366811
1430,-1694.199,1.218117e-08,0.3775258,0.3097889,0.4876052,0.6422334,0.5671581,0.6366811
1440,-1694.199,1.218117e-08,0.3775258,0.3097889,0.4876052,0.6422334,0.5671581,0.6366811
1450,-1694.199,1.218117e-08,0.3775258,0.3097889,0.4876052,0.6422334,0.5671581,0.6366811
1460,-1694.199,1.218117e-08,0.3775258,0.3097889,0.4876052,0.6422334,0.5671581,0.6366811
1470,-1694.199,1.218117e-08,0.3775258,0.3097889,0.4876052,0.6422334,0.5671581,0.6366811
1480,-1694.199,1.218117e-08,0.3775258,0.3097889,0.4876052,0.6422334,0.5671581,0.6366811
1490,-1694.199,1.218117e-08,0.3775258,0.3097889,0.4876052,0.6422334,0.5671581,0.6366811
1500,-1694.199,1.218117e-08,0.3775258,0.3097889,0.4876052,0.6422334,0.5671581,0.6366811
1510,-1694.199,1.218117e-08,0.3775258,0.3097889,0.4876052,0.6422334,0.5671581,0.6366811
1520,-1694.199,1.218117e-08,0.3775258,0.3097889,0.4876052,0.6422334,0.5671581,0.6366811
1530,-1694.199,1.218117e-08,0.3775258,0.3097889,0.4876052,0.6422334,0.5671581,0.6366811
1540,-1694.199,1.218117e-08,0.3775258,0.3097889,0.4876052,0.6422334,0.5671581,0.6366811
1550,-1694.199,1.218117e-08,0.3775258,0.3097889,0.4876052,0.6422334,0.5671581,0.6366811
1560,-1694.199,1.218117e-08,0.3775258,0.3097889,0.4876052,0.6422334,0.5671581,0.6366811
1570,-1694.199,1.218117e-08,0.3775258,0.3097889,0.4876052,0.6422334,0.5671581,0.6366811
1580,-1694.199,1.218117e-08,0.3775258,0.3097889,0.4876052,0.6422334,0.5671581,0.6366811
1590,-1694.199,1.218117e-08,0.3775258,0.3097889,0.4876052,0.6422334,0.5671581,0.6366811
1600,-1694.199,1.218117e-08,0.3775258,0.3097889,0.4876052,0.6422334,0.5671581,0.6366811
1610,-1694.199,1.218117e-08,0.3775258,0.3097889,0.4876052,0.6422334,0.5671581,0.6366811
1620,-1694.199,1.218117e-08,0.3775258,0.3097889,0.4876052,0.6422334,0.5671581,0.6366811
1630,-1694.199,1.218117e-08,0.3775258,0.3097889,0.4876052,0.6422334,0.5671581,0.6366811
1640,-1694.199,1.218117e-08,0.3775258,0.3097889,0.4876052,0.6422334,0.5671581,0.6366811
1650,-1694.199,1.218117e-08,0.3775258,0.3097889,0.4876052,0.6422334,0.5671581,0.6366811
1660,-1694.199,1.218117e-08,0.3775258,0.3097889,0.4876052,0.6422334,0.5671581,0.6366811
1670,-1694.199,1.218117e-08,0.3775258,0.3097889,0.4876052,0.6422334,0.5671581,0.6366811
1680,-1694.199,1.218117e-08,0.3775258,0.3097889,0.4876052,0.6422334,0.5671581,0.6366811
1690,-1694.199,1.218117e-08,0.3775258,0.3097889,0.4876052,0.6422334,0.5671581,0.6366811
1700,-1694.199,1.218117e-08,0.3775258,0.3097889,0.4876052,0.6422334,0.5671581,0.6366811
1710,-1694.199,1.218117e-08,0.3775258,0.3097889,0.4876052,0.6422334,0.5671581,0.6366811
1720,-1694.199,1.218117e-08,0.3775258,0.3097889,0.4876052,0.6422334,0.5671581,0.6366811
1730,-1694.199,1.218117e-08,0.3775258,0.3097889,0.4876052,0.6422334,0.5671581,0.6366811
1740,-1694.199,1.218117e-08,0.3775258,0.3097889,0.4876052,0.6422334,0.5671581,0.6366811
1750,-1694.199,1.218117e-08,0.3775258,0.3097889,0.4876052,0.6422334,0.5671581,0.6366811
1760,-1694.199,1.218117e-08,0.3775258,0.3097889,0.4876052,0.6422334,0.5671581,0.6366811
1770,-1694.199,1.218117e-08,0.3775258,0.3097889,0.4876052,0.6422334,0.5671581,0.6366811
1780,-1694.199,1.218117e-08,0.3775258,0.3097889,0.4876052,0.6422334,0.5671581,0.6366811
1790,-1694.199,1.218117e-08,0.3775258,0.3097889,0.4876052,0.6422334,0.5671581,0.6366811
1800,-1694.199,1.218117e-08,0.3775258,0.3097889,0.4876052,0.6422334,0.5671581,0.6366811
1810,-1694.199,1.218117e-08,0.3775258,0.3097889,0.4876052,0.6422334,0.5671581,0.6366811
1820,-1694.199,1.218117e-08,0.3775258,0.3097889,0.4876052,0.6422334,0.5671581,0.6366811
1830,-1694.199,1.218117e-08,0.3775258,0.3097889,0.4876052,0.6422334,0.5671581,0.6366811
1840,-1694.199,1.218117e-08,0.3775258,0.3097889,0.4876052,0.6422334,0.5671581,0.6366811
1850,-1694.199,1.218117e-08,0.3775258,0.3097889,0.4876052,0.6422334,0.5671581,0.6366811
1860,-1694.199,1.218117e-08,0.3775258,0.3097889,0.4876052,0.6422334,0.5671581,0.6366811
1870,-1694.199,1.218117e-08,0.3775258,0.3097889,0.4876052,0.6422334,0.5671581,0.6366811
1880,-1694.199,1.218117e-08,0.3775258,0.3097889,0.4876052,0.6422334,0.5671581,0.6366811
1890,-1694.199,1.218117e-08,0.3775258,0.3097889,0.4876052,0.6422334,0.5671581,0.6366811
1900,-1694.199,1.218117e-08,0.3775258,0.3097889,0.4876052,0.6422334,0.5671581,0.6366811
1910,-1694.199,1.218117e-08,0.3775258,0.3097889,0.4876052,0.6422334,0.5671581,0.6366811
1920,-1694.199,1.218117e-08,0.3775258,0.3097889,0.4876052,0.6422334,0.5671581,0.6366811
1930,-1694.199,1.218117e-08,0.3775258,0.3097889,0.4876052,0.6422334,0.5671581,0.6366811
1940,-1694.199,1.218117e-08,0.3775258,0.3097889,0.4876052,0.6422334,0.5671581,0.6366811
1950,-1694.199,1.218117e-08,0.3775258,0.3097889,0.4876052,0.6422334,0.5671581,0.6366811
1960,-1694.199,1.218117e-08,0.3775258,0.3097889,0.4876052,0.6422334,0.5671581,0.6366811
1970,-1694.199,1.218117e-08,0.3775258,0.3097889,0.4876052,0.6422334,0.5671581,0.6366811
1980,-1694.199,1.218117e-08,0.3775258,0.3097889,0.4876052,0.6422334,0.5671581,0.6366811
1990,-1694.199,1.218117e-08,0.3775258,0.3097889,0.4876052,0.6422334,0.5671581,0.6366811
2000,-1694.199,1.218117e-08,0.3775258,0.3097889,0.4876052,0.6422334,0.5671581,0.6366811
2010,-1694.199,1.218117e-08,0.3775258,0.3097889,0.4876052,0.6422334,0.5671581,0.6366811
2020,-1694.199,1.218117e-08,0.3775258,0.3097889,0.4876052,0.6422334,0.5671581,0.6366811
2030,-1694.199,1.218117e-08,0.3775258,0.3097889,0.4876052,0.6422334,0.5671581,0.6366811
2040,-1694.199,1.218117e-08,0.3775258,0.3097889,0.4876052,0.6422334,0.5671581,0.6366811
2050,-1694.199,1.218117e-08,0.3775258,0.3097889,0.4876052,0.6422334,0.5671581,0.6366811
2060,-1694.199,1.218117e-08,0.3775258,0.3097889,0.4876052,0.6422334,0.5671581,0.6366811
2070,-1694.199,1.218117e-08,0.3775258,0.3097889,0.4876052,0.6422334,0.5671581,0.6366811
2080,-1694.199,1.218117e-08,0.3775258,0.3097889,0.4876052,0.6422334,0.5671581,0.6366811
2090,-1694.199,1.218117e-08,0.3775258,0.3097889,0.4876052,0.6422334,0.5671581,0.6366811
2100,-1694.199,1.218117e-08,0.3775258,0.3097889,0.4876052,0.6422334,0.5671581,0.6366811
2110,-1694.199,1.218117e-08,0.3775258,0.3097889,0.4876052,0.6422334,0.5671581,0.6366811
2120,-1694.199,1.218117e-08,0.3775258,0.3097889,0.4876052,0.6422334,0.5671581,0.6366811
2130,-1694.199,1.218117e-08,0.3775258,0.3097889,0.4876052,0.6422334,0.5671581,0.6366811
2140,-1694.199,1.218117e-08,0.3775258,0.3097889,0.4876052,0.6422334,0.5671581,0.6366811
2150,-1694.199,1.218117e-08,0.3775258,0.3097889,0.4876052,0.6422334,0.5671581,0.6366811
2160,-1694.199,1.218117e-08,0.3775258,0.3097889,0.4876052,0.6422334,0.5671581,0.6366811
2170,-1694.199,1.218117e-08,0.3775258,0.3097889,0.4876052,0.6422334,0.5671581,0.6366811
2180,-1694.199,1.218117e-08,0.3775258,0.3097889,0.4876052,0.6422334,0.5671581,0.6366811
2190,-1694.199,1.218117e-08,0.3775258,0.3097889,0.4876052,0.6422334,0.5671581,0.6366811
2200,-1694.199,1.218117e-08,0.3775258,0.3097889,0.4876052,0.6422334,0.5671581,0.6366811
2210,-1694.199,1.218117e-08,0.3775258,0.3097889,0.4876052,0.6422334,0.5671581,0.6366811
2220,-1694.199,1.218117e-08,0.3775258,0.3097889,0.4876052,0.6422334,0.5671581,0.6366811
2230,-1694.199,1.218117e-08,0.3775258,0.3097889,0.4876052,0.6422334,0.5671581,0.6366811
2240,-1694.199,1.218117e-08,0.3775258,0.3097889,0.4876052,0.6422334,0.5671581,0.6366811
2250,-1694.199,1.218117e-08,0.3775258,0.3097889,0.4876052,0.6422334,0.5671581,0.6366811
2260,-1694.199,1.218117e-08,0.3775258,0.3097889,0.4876052,0.6422334,0.5671581,0.6366811
2270,-1694.199,1.218117e-08,0.3775258,0.3097889,0.4876052,0.6422334,0.5671581,0.6366811
2280,-1694.199,1.218117e-08,0.3775258,0.3097889,0.4876052,0.6422334,0.5671581,0.6366811
2290,-1694.199,1.218117e-08,0.3775258,0.3097889,0.4876052,0.6422334,0.5671581,0.6366811
2300,-1694.199,1.218117e-08,0.3775258,0.3097889,0.4876052,0.6422334,0.5671581,0.6366811
2310,-1694.199,1.218117e-08,0.3775258,0.3097889,0.4876052,0.6422334,0.5671581,0.6366811
2320,-1694.199,1.218117e-08,0.3775258,0.3097889,0.4876052,0.6422334,0.5671581,0.6366811
2330,-1694.199,1.218117e-08,0.3775258,0.3097889,0.4876052,0.6422334,0.5671581,0.6366811
2340,-1694.199,1.218117e-08,0.3775258,0.3097889,0.4876052,0.6422334,0.5671581,0.6366811
2350,-1694.199,1.218117e-08,0.3775258,0.3097889,0.4876052,0.6422334,0.5671581,0.6366811
2360,-1694.199,1.218117e-08,0.3775258,0.3097889,0.4876052,0.6422334,0.5671581,0.6366811
2370,-1694.199,1.218117e-08,0.3775258,0.3097889,0.4876052,0.6422334,0.5671581,0.6366811
2380,-1694.199,1.218117e-08,0.3775258,0.3097889,0.4876052,0.6422334,0.5671581,0.6366811
2390,-1694.199,1.218117e-08,0.3775258,0.3097889,0.4876052,0.6422334,0.5671581,0.6366811
2400,-1694.199,1.218117e-08,0.3775258,0.3097889,0.4876052,0.6422334,0.5671581,0.6366811
2410,-1681.75,1.16921e-08,0.3895905,0.1059579,0.4856288,0.544374,0.5483216,0.6638374
2420,-1681.75,1.16921e-08,0.3895905,0.1059579,0.4856288,0.544374,0.5483216,0.6638374
2430,-1681.75,1.16921e-08,0.3895905,0.1059579,0.4856288,0.544374,0.5483216,0.6638374
2440,-1681.75,1.16921e-08,0.3895905,0.1059579,0.4856288,0.544374,0.5483216,0.6638374
2450,-1681.75,1.16921e-08,0.3895905,0.1059579,0.4856288,0.544374,0.5483216,0.6638374
2460,-1681.75,1.16921e-08,0.3895905,0.1059579,0.4856288,0.544374,0.5483216,0.6638374
2470,-1681.75,1.16921e-08,0.3895905,0.1059579,0.4856288,0.544374,0.5483216,0.6638374
2480,-1681.75,1.16921e-08,0.3895905,0.1059579,0.4856288,0.544374,0.5483216,0.6638374
2490,-1681.75,1.16921e-08,0.3895905,0.1059579,0.4856288,0.544374,0.5483216,0.6638374
2500,-1681.75,1.16921e-08,0.3895905,0.1059579,0.4856288,0.544374,0.5483216,0.6638374
2510,-1681.75,1.16921e-08,0.3895905,0.1059579,0.4856288,0.544374,0.5483216,0.6638374
2520,-1681.75,1.16921e-08,0.3895905,0.1059579,0.4856288,0.544374,0.5483216,0.6638374
2530,-1681.75,1.16921e-08,0.3895905,0.1059579,0.4856288,0.544374,0.5483216,0.6638374
2540,-1638.137,1.189121e-08,0.4094647,0.09939812,0.5308902,0.4427794,0.5782363,0.6566717
2550,-1625.744,1.173594e-08,0.3656,0.09663984,0.5194911,0.4823465,0.5754173,0.6824173
2560,-1577.589,1.197503e-08,0.3302063,0.05021235,0.5411426,0.4907597,0.5967094,0.6734176
2570,-1577.589,1.197503e-08,0.3302063,0.05021235,0.5411426,0.4907597,0.5967094,0.6734176
2580,-1572.081,1.229262e-08,0.3425365,0.1083036,0.5666674,0.4988339,0.5737087,0.7082921
2590,-1572.081,1.229262e-08,0.3425365,0.1083036,0.5666674,0.4988339,0.5737087,0.7082921
2600,-1572.081,1.229262e-08,0.3425365,0.1083036,0.5666674,0.4988339,0.5737087,0.7082921
2610,-1572.081,1.229262e-08,0.3425365,0.1083036,0.5666674,0.4988339,0.5737087,0.7082921
2620,-1572.081,1.229262e-08,0.3425365,0.1083036,0.5666674,0.4988339,0.5737087,0.7082921
2630,-1572.081,1.229262e-08,0.3425365,0.1083036,0.5666674,0.4988339,0.5737087,0.7082921
2640,-1572.081,1.229262e-08,0.3425365,0.1083036,0.5666674,0.4988339,0.5737087,0.7082921
2650,-1572.081,1.229262e-08,0.3425365,0.1083036,0.5666674,0.4988339,0.5737087,0.7082921
2660,-1572.081,1.229262e-08,0.3425365,0.1083036,0.5666674,0.4988339,0.5737087,0.7082921
2670,-1572.081,1.229262e-08,0.3425365,0.1083036,0.5666674,0.4988339,0.5737087,0.7082921
2680,-1572.081,1.229262e-08,0.3425365,0.1083036,0.5666674,0.4988339,0.5737087,0.7082921
2690,-1572.081,1.229262e-08,0.3425365,0.1083036,0.5666674,0.4988339,0.5737087,0.7082921
2700,-1572.081,1.229262e-08,0.3425365,0.1083036,0.5666674,0.4988339,0.5737087,0.7082921
2710,-1572.081,1.229262e-08,0.3425365,0.1083036,0.5666674,0.4988339,0.5737087,0.7082921
2720,-1572.081,1.229262e-08,0.3425365,0.1083036,0.5666674,0.4988339,0.5737087,0.7082921
2730,-1572.081,1.229262e-08,0.3425365,0.1083036,0.5666674,0.4988339,0.5737087,0.7082921
2740,-1572.081,1.229262e-08,0.3425365,0.1083036,0.5666674,0.4988339,0.5737087,0.7082921
2750,-1572.081,1.229262e-08,0.3425365,0.1083036,0.5666674,0.4988339,0.5737087,0.7082921
2760,-1572.081,1.229262e-08,0.3425365,0.1083036,0.5666674,0.4988339,0.5737087,0.7082921
2770,-1572.081,1.229262e-08,0.3425365,0.1083036,0.5666674,0.4988339,0.5737087,0.7082921
2780,-1572.081,1.229262e-08,0.3425365,0.1083036,0.5666674,0.4988339,0.5737087,0.7082921
2790,-1572.081,1.229262e-08,0.3425365,0.1083036,0.5666674,0.4988339,0.5737087,0.7082921
2800,-1572.081,1.229262e-08,0.3425365,0.1083036,0.5666674,0.4988339,0.5737087,0.7082921
2810,-1572.081,1.229262e-08,0.3425365,0.1083036,0.5666674,0.4988339,0.5737087,0.7082921
2820,-1572.081,1.229262e-08,0.3425365,0.1083036,0.5666674,0.4988339,0.5737087,0.7082921
2830,-1572.081,1.229262e-08,0.3425365,0.1083036,0.5666674,0.4988339,0.5737087,0.7082921
2840,-1572.081,1.229262e-08,0.3425365,0.1083036,0.5666674,0.4988339,0.5737087,0.7082921
2850,-1572.081,1.229262e-08,0.3425365,0.1083036,0.5666674,0.4988339,0.5737087,0.7082921
2860,-1572.081,1.229262e-08,0.3425365,0.1083036,0.5666674,0.4988339,0.5737087,0.7082921
2870,-1572.081,1.229262e-08,0.3425365,0.1083036,0.5666674,0.4988339,0.5737087,0.7082921
2880,-1572.081,1.229262e-08,0.3425365,0.1083036,0.5666674,0.4988339,0.5737087,0.7082921
2890,-1572.081,1.229262e-08,0.3425365,0.1083036,0.5666674,0.4988339,0.5737087,0.7082921
2900,-1572.081,1.229262e-08,0.3425365,0.1083036,0.5666674,0.4988339,0.5737087,0.7082921
2910,-1572.081,1.229262e-08,0.3425365,0.1083036,0.5666674,0.4988339,0.5737087,0.7082921
2920,-1572.081,1.229262e-08,0.3425365,0.1083036,0.5666674,0.4988339,0.5737087,0.7082921
2930,-1572.081,1.229262e-08,0.3425365,0.1083036,0.5666674,0.4988339,0.5737087,0.7082921
2940,-1572.081,1.229262e-08,0.3425365,0.1083036,0.5666674,0.4988339,0.5737087,0.7082921
2950,-1572.081,1.229262e-08,0.3425365,0.1083036,0.5666674,0.4988339,0.5737087,0.7082921
2960,-1572.081,1.229262e-08,0.3425365,0.1083036,0.5666674,0.4988339,0.5737087,0.7082921
2970,-1552.702,1.188203e-08,0.3140951,0.1123279,0.5126285,0.5340199,0.5688389,0.7411209
2980,-1552.702,1.188203e-08,0.3140951,0.1123279,0.5126285,0.5340199,0.5688389,0.7411209
2990,-1552.702,1.188203e-08,0.3140951,0.1123279,0.5126285,0.5340199,0.5688389,0.7411209
3000,-1552.702,1.188203e-08,0.3140951,0.1123279,0.5126285,0.5340199,0.5688389,0.7411209
3010,-1552.702,1.188203e-08,0.3140951,0.1123279,0.5126285,0.5340199,0.5688389,0.7411209
3020,-1552.702,1.188203e-08,0.3140951,0.1123279,0.5126285,0.5340199,0.5688389,0.7411209
3030,-1552.702,1.188203e-08,0.3140951,0.1123279,0.5126285,0.5340199,0.5688389,0.7411209
3040,-1552.702,1.188203e-08,0.3140951,0.1123279,0.5126285,0.5340199,0.5688389,0.7411209
3050,-1552.702,1.188203e-08,0.3140951,0.1123279,0.5126285,0.5340199,0.5688389,0.7411209
3060,-1552.702,1.188203e-08,0.3140951,0.1123279,0.5126285,0.5340199,0.5688389,0.7411209
3070,-1552.702,1.188203e-08,0.3140951,0.1123279,0.5126285,0.5340199,0.5688389,0.7411209
3080,-1552.702,1.188203e-08,0.3140951,0.1123279,0.5126285,0.5340199,0.5688389,0.7411209
3090,-1552.702,1.188203e-08,0.3140951,0.1123279,0.5126285,0.5340199,0.5688389,0.7411209
3100,-1552.702,1.188203e-08,0.3140951,0.1123279,0.5126285,0.5340199,0.5688389,0.7411209
3110,-1552.702,1.188203e-08,0.3140951,0.1123279,0.5126285,0.5340199,0.5688389,0.7411209
3120,-1552.702,1.188203e-08,0.3140951,0.1123279,0.5126285,0.5340199,0.5688389,0.7411209
3130,-1552.702,1.188203e-08,0.3140951,0.1123279,0.5126285,0.5340199,0.5688389,0.7411209
3140,-1552.702,1.188203e-08,0.3140951,0.1123279,0.5126285,0.5340199,0.5688389,0.7411209
3150,-1552.702,1.188203e-08,0.3140951,0.1123279,0.5126285,0.5340199,0.5688389,0.7411209
3160,-1552.702,1.188203e-08,0.3140951,0.1123279,0.5126285,0.5340199,0.5688389,0.7411209
3170,-1552.702,1.188203e-08,0.3140951,0.1123279,0.5126285,0.5340199,0.5688389,0.7411209
3180,-1552.702,1.188203e-08,0.3140951,0.1123279,0.5126285,0.5340199,0.5688389,0.7411209
3190,-1552.702,1.188203e-08,0.3140951,0.1123279,0.5126285,0.5340199,0.5688389,0.7411209
3200,-1552.702,1.188203e-08,0.3140951,0.1123279,0.5126285,0.5340199,0.5688389,0.7411209
3210,-1552.702,1.188203e-08,0.3140951,0.1123279,0.5126285,0.5340199,0.5688389,0.7411209
3220,-1552.702,1.188203e-08,0.3140951,0.1123279,0.5126285,0.5340199,0.5688389,0.7411209
3230,-1552.702,1.188203e-08,0.3140951,0.1123279,0.5126285,0.5340199,0.5688389,0.7411209
3240,-1552.702,1.188203e-08,0.3140951,0.1123279,0.5126285,0.5340199,0.5688389,0.7411209
3250,-1552.702,1.188203e-08,0.3140951,0.1123279,0.5126285,0.5340199,0.5688389,0.7411209
3260,-1552.702,1.188203e-08,0.3140951,0.1123279,0.5126285,0.5340199,0.5688389,0.7411209
3270,-1552.702,1.188203e-08,0.3140951,0.1123279,0.5126285,0.5340199,0.5688389,0.7411209
3280,-1552.702,1.188203e-08,0.3140951,0.1123279,0.5126285,0.5340199,0.5688389,0.7411209
3290,-1552.702,1.188203e-08,0.3140951,0.1123279,0.5126285,0.5340199,0.5688389,0.7411209
3300,-1552.702,1.188203e-08,0.3140951,0.1123279,0.5126285,0.5340199,0.5688389,0.7411209
3310,-1552.702,1.188203e-08,0.3140951,0.1123279,0.5126285,0.5340199,0.5688389,0.7411209
3320,-1552.702,1.188203e-08,0.3140951,0.1123279,0.5126285,0.5340199,0.5688389,0.7411209
3330,-1552.702,1.188203e-08,0.3140951,0.1123279,0.5126285,0.5340199,0.5688389,0.7411209
3340,-1552.702,1.188203e-08,0.3140951,0.1123279,0.5126285,0.5340199,0.5688389,0.7411209
3350,-1552.702,1.188203e-08,0.3140951,0.1123279,0.5126285,0.5340199,0.5688389,0.7411209
3360,-1552.702,1.188203e-08,0.3140951,0.1123279,0.5126285,0.5340199,0.5688389,0.7411209
3370,-1552.702,1.188203e-08,0.3140951,0.1123279,0.5126285,0.5340199,0.5688389,0.7411209
3380,-1552.702,1.188203e-08,0.3140951,0.1123279,0.5126285,0.5340199,0.5688389,0.7411209
3390,-1552.702,1.188203e-08,0.3140951,0.1123279,0.5126285,0.5340199,0.5688389,0.7411209
3400,-1552.702,1.188203e-08,0.3140951,0.1123279,0.5126285,0.5340199,0.5688389,0.7411209
3410,-1552.702,1.188203e-08,0.3140951,0.1123279,0.5126285,0.5340199,0.5688389,0.7411209
3420,-1552.702,1.188203e-08,0.3140951,0.1123279,0.5126285,0.5340199,0.5688389,0.7411209
3430,-1552.702,1.188203e-08,0.3140951,0.1123279,0.5126285,0.5340199,0.5688389,0.7411209
3440,-1552.702,1.188203e-08,0.3140951,0.1123279,0.5126285,0.5340199,0.5688389,0.7411209
3450,-1552.702,1.188203e-08,0.3140951,0.1123279,0.5126285,0.5340199,0.5688389,0.7411209
3460,-1552.702,1.188203e-08,0.3140951,0.1123279,0.5126285,0.5340199,0.5688389,0.7411209
3470,-1552.702,1.188203e-08,0.3140951,0.1123279,0.5126285,0.5340199,0.5688389,0.7411209
3480,-1552.702,1.188203e-08,0.3140951,0.1123279,0.5126285,0.5340199,0.5688389,0.7411209
3490,-1552.702,1.188203e-08,0.3140951,0.1123279,0.5126285,0.5340199,0.5688389,0.7411209
3500,-1552.702,1.188203e-08,0.3140951,0.1123279,0.5126285,0.5340199,0.5688389,0.7411209
3510,-1552.702,1.188203e-08,0.3140951,0.1123279,0.5126285,0.5340199,0.5688389,0.7411209
3520,-1552.702,1.188203e-08,0.3140951,0.1123279,0.5126285,0.5340199,0.5688389,0.7411209
3530,-1552.702,1.188203e-08,0.3140951,0.1123279,0.5126285,0.5340199,0.5688389,0.7411209
3540,-1552.702,1.188203e-08,0.3140951,0.1123279,0.5126285,0.5340199,0.5688389,0.7411209
3550,-1552.702,1.188203e-08,0.3140951,0.1123279,0.5126285,0.5340199,0.5688389,0.7411209
3560,-1552.702,1.188203e-08,0.3140951,0.1123279,0.5126285,0.5340199,0.5688389,0.7411209
3570,-1552.702,1.188203e-08,0.3140951,0.1123279,0.5126285,0.5340199,0.5688389,0.7411209
3580,-1552.702,1.188203e-08,0.3140951,0.1123279,0.5126285,0.5340199,0.5688389,0.7411209
3590,-1552.702,1.188203e-08,0.3140951,0.1123279,0.5126285,0.5340199,0.5688389,0.7411209
3600,-1552.702,1.188203e-08,0.3140951,0.1123279,0.5126285,0.5340199,0.5688389,0.7411209
3610,-1552.702,1.188203e-08,0.3140951,0.1123279,0.5126285,0.5340199,0.5688389,0.7411209
3620,-1552.702,1.188203e-08,0.3140951,0.1123279,0.5126285,0.5340199,0.5688389,0.7411209
3630,-1552.702,1.188203e-08,0.3140951,0.1123279,0.5126285,0.5340199,0.5688389,0.7411209
3640,-1552.702,1.188203e-08,0.3140951,0.1123279,0.5126285,0.5340199,0.5688389,0.7411209
3650,-1552.702,1.188203e-08,0.3140951,0.1123279,0.5126285,0.5340199,0.5688389,0.7411209
3660,-1552.702,1.188203e-08,0.3140951,0.1123279,0.5126285,0.5340199,0.5688389,0.7411209
3670,-1552.702,1.188203e-08,0.3140951,0.1123279,0.5126285,0.5340199,0.5688389,0.7411209
3680,-1552.702,1.188203e-08,0.3140951,0.1123279,0.5126285,0.5340199,0.5688389,0.7411209
3690,-1552.702,1.188203e-08,0.3140951,0.1123279,0.5126285,0.5340199,0.5688389,0.7411209
3700,-1552.702,1.188203e-08,0.3140951,0.1123279,0.5126285,0.5340199,0.5688389,0.7411209
3710,-1552.702,1.188203e-08,0.3140951,0.1123279,0.5126285,0.5340199,0.5688389,0.7411209
3720,-1552.702,1.188203e-08,0.3140951,0.1123279,0.5126285,0.5340199,0.5688389,0.7411209
3730,-1552.702,1.188203e-08,0.3140951,0.1123279,0.5126285,0.5340199,0.5688389,0.7411209
3740,-1552.702,1.188203e-08,0.3140951,0.1123279,0.5126285,0.5340199,0.5688389,0.7411209
3750,-1552.702,1.188203e-08,0.3140951,0.1123279,0.5126285,0.5340199,0.5688389,0.7411209
3760,-1552.702,1.188203e-08,0.3140951,0.1123279,0.5126285,0.5340199,0.5688389,0.7411209
3770,-1552.702,1.188203e-08,0.3140951,0.1123279,0.5126285,0.5340199,0.5688389,0.7411209
3780,-1552.702,1.188203e-08,0.3140951,0.1123279,0.5126285,0.5340199,0.5688389,0.7411209
3790,-1552.702,1.188203e-08,0.3140951,0.1123279,0.5126285,0.5340199,0.5688389,0.7411209
3800,-1552.702,1.188203e-08,0.3140951,0.1123279,0.5126285,0.5340199,0.5688389,0.7411209
3810,-1552.702,1.188203e-08,0.3140951,0.1123279,0.5126285,0.5340199,0.5688389,0.7411209
3820,-1552.702,1.188203e-08,0.3140951,0.1123279,0.5126285,0.5340199,0.5688389,0.7411209
3830,-1552.702,1.188203e-08,0.3140951,0.1123279,0.5126285,0.5340199,0.5688389,0.7411209
3840,-1552.702,1.188203e-08,0.3140951,0.1123279,0.5126285,0.5340199,0.5688389,0.7411209
3850,-1552.702,1.188203e-08,0.3140951,0.1123279,0.5126285,0.5340199,0.5688389,0.7411209
3860,-1552.702,1.188203e-08,0.3140951,0.1123279,0.5126285,0.5340199,0.5688389,0.7411209
3870,-1552.702,1.188203e-08,0.3140951,0.1123279,0.5126285,0.5340199,0.5688389,0.7411209
3880,-1552.702,1.188203e-08,0.3140951,0.1123279,0.5126285,0.5340199,0.5688389,0.7411209
3890,-1552.702,1.188203e-08,0.3140951,0.1123279,0.5126285,0.5340199,0.5688389,0.7411209
3900,-1552.702,1.188203e-08,0.3140951,0.1123279,0.5126285,0.5340199,0.5688389,0.7411209
3910,-1552.702,1.188203e-08,0.3140951,0.1123279,0.5126285,0.5340199,0.5688389,0.7411209
3920,-1552.702,1.188203e-08,0.3140951,0.1123279,0.5126285,0.5340199,0.5688389,0.7411209
3930,-1552.702,1.188203e-08,0.3140951,0.1123279,0.5126285,0.5340199,0.5688389,0.7411209
3940,-1552.702,1.188203e-08,0.3140951,0.1123279,0.5126285,0.5340199,0.5688389,0.7411209
3950,-1552.702,1.188203e-08,0.3140951,0.1123279,0.5126285,0.5340199,0.5688389,0.7411209
3960,-1552.702,1.188203e-08,0.3140951,0.1123279,0.5126285,0.5340199,0.5688389,0.7411209
3970,-1552.702,1.188203e-08,0.3140951,0.1123279,0.5126285,0.5340199,0.5688389,0.7411209
3980,-1552.702,1.188203e-08,0.3140951,0.1123279,0.5126285,0.5340199,0.5688389,0.7411209
3990,-1552.702,1.188203e-08,0.3140951,0.1123279,0.5126285,0.5340199,0.5688389,0.7411209
4000,-1552.702,1.188203e-08,0.3140951,0.1123279,0.5126285,0.5340199,0.5688389,0.7411209
4010,-1552.702,1.188203e-08,0.3140951,0.1123279,0.5126285,0.5340199,0.5688389,0.7411209
4020,-1552.702,1.188203e-08,0.3140951,0.1123279,0.5126285,0.5340199,0.5688389,0.7411209
4030,-1518.06,1.156513e-08,0.2540154,0.1238849,0.4817532,0.5234019,0.568622,0.697553
4040,-1518.06,1.156513e-08,0.2540154,0.1238849,0.4817532,0.5234019,0.568622,0.697553
4050,-1518.06,1.156513e-08,0.2540154,0.1238849,0.4817532,0.5234019,0.568622,0.697553
4060,-1518.06,1.156513e-08,0.2540154,0.1238849,0.4817532,0.5234019,0.568622,0.697553
4070,-1518.06,1.156513e-08,0.2540154,0.1238849,0.4817532,0.5234019,0.568622,0.697553
4080,-1518.06,1.156513e-08,0.2540154,0.1238849,0.4817532,0.5234019,0.568622,0.697553
4090,-1518.06,1.156513e-08,0.2540154,0.1238849,0.4817532,0.5234019,0.568622,0.697553
4100,-1518.06,1.156513e-08,0.2540154,0.1238849,0.4817532,0.5234019,0.568622,0.697553
4110,-1518.06,1.156513e-08,0.2540154,0.1238849,0.4817532,0.5234019,0.568622,0.697553
4120,-1518.06,1.156513e-08,0.2540154,0.1238849,0.4817532,0.5234019,0.568622,0.697553
4130,-1518.06,1.156513e-08,0.2540154,0.1238849,0.4817532,0.5234019,0.568622,0.697553
4140,-1518.06,1.156513e-08,0.2540154,0.1238849,0.4817532,0.5234019,0.568622,0.697553
4150,-1518.06,1.156513e-08,0.2540154,0.1238849,0.4817532,0.5234019,0.568622,0.697553
4160,-1518.06,1.156513e-08,0.2540154,0.1238849,0.4817532,0.5234019,0.568622,0.697553
4170,-1518.06,1.156513e-08,0.2540154,0.1238849,0.4817532,0.5234019,0.568622,0.697553
4180,-1518.06,1.156513e-08,0.2540154,0.1238849,0.4817532,0.5234019,0.568622,0.697553
4190,-1518.06,1.156513e-08,0.2540154,0.1238849,0.4817532,0.5234019,0.568622,0.697553
4200,-1518.06,1.156513e-08,0.2540154,0.1238849,0.4817532,0.5234019,0.568622,0.697553
4210,-1518.06,1.156513e-08,0.2540154,0.1238849,0.4817532,0.5234019,0.568622,0.697553
4220,-1518.06,1.156513e-08,0.2540154,0.1238849,0.4817532,0.5234019,0.568622,0.697553
4230,-1518.06,1.156513e-08,0.2540154,0.1238849,0.4817532,0.5234019,0.568622,0.697553
4240,-1518.06,1.156513e-08,0.2540154,0.1238849,0.4817532,0.5234019,0.568622,0.697553
4250,-1518.06,1.156513e-08,0.2540154,0.1238849,0.4817532,0.5234019,0.568622,0.697553
4260,-1518.06,1.156513e-08,0.2540154,0.1238849,0.4817532,0.5234019,0.568622,0.697553
4270,-1518.06,1.156513e-08,0.2540154,0.1238849,0.4817532,0.5234019,0.568622,0.697553
4280,-1518.06,1.156513e-08,0.2540154,0.1238849,0.4817532,0.5234019,0.568622,0.697553
4290,-1518.06,1.156513e-08,0.2540154,0.1238849,0.4817532,0.5234019,0.568622,0.697553
4300,-1518.06,1.156513e-08,0.2540154,0.1238849,0.4817532,0.5234019,0.568622,0.697553
4310,-1518.06,1.156513e-08,0.2540154,0.1238849,0.4817532,0.5234019,0.568622,0.697553
4320,-1518.06,1.156513e-08,0.2540154,0.1238849,0.4817532,0.5234019,0.568622,0.697553
4330,-1518.06,1.156513e-08,0.2540154,0.1238849,0.4817532,0.5234019,0.568622,0.697553
4340,-1518.06,1.156513e-08,0.2540154,0.1238849,0.4817532,0.5234019,0.568622,0.697553
4350,-1518.06,1.156513e-08,0.2540154,0.1238849,0.4817532,0.5234019,0.568622,0.697553
4360,-1518.06,1.156513e-08,0.2540154,0.1238849,0.4817532,0.5234019,0.568622,0.697553
4370,-1518.06,1.156513e-08,0.2540154,0.1238849,0.4817532,0.5234019,0.568622,0.697553
4380,-1518.06,1.156513e-08,0.2540154,0.1238849,0.4817532,0.5234019,0.568622,0.697553
4390,-1518.06,1.156513e-08,0.2540154,0.1238849,0.4817532,0.5234019,0.568622,0.697553
4400,-1518.06,1.156513e-08,0.2540154,0.1238849,0.4817532,0.5234019,0.568622,0.697553
4410,-1518.06,1.156513e-08,0.2540154,0.1238849,0.4817532,0.5234019,0.568622,0.697553
4420,-1518.06,1.156513e-08,0.2540154,0.1238849,0.4817532,0.5234019,0.568622,0.697553
4430,-1518.06,1.156513e-08,0.2540154,0.1238849,0.4817532,0.5234019,0.568622,0.697553
4440,-1518.06,1.156513e-08,0.2540154,0.1238849,0.4817532,0.5234019,0.568622,0.697553
4450,-1518.06,1.156513e-08,0.2540154,0.1238849,0.4817532,0.5234019,0.568622,0.697553
4460,-1518.06,1.156513e-08,0.2540154,0.1238849,0.4817532,0.5234019,0.568622,0.697553
4470,-1518.06,1.156513e-08,0.2540154,0.1238849,0.4817532,0.5234019,0.568622,0.697553
4480,-1518.06,1.156513e-08,0.2540154,0.1238849,0.4817532,0.5234019,0.568622,0.697553
4490,-1518.06,1.156513e-08,0.2540154,0.1238849,0.4817532,0.5234019,0.568622,0.697553
4500,-1518.06,1.156513e-08,0.2540154,0.1238849,0.4817532,0.5234019,0.568622,0.697553
4510,-1518.06,1.156513e-08,0.2540154,0.1238849,0.4817532,0.5234019,0.568622,0.697553
4520,-1518.06,1.156513e-08,0.2540154,0.1238849,0.4817532,0.5234019,0.568622,0.697553
4530,-1518.06,1.156513e-08,0.2540154,0.1238849,0.4817532,0.5234019,0.568622,0.697553
4540,-1518.06,1.156513e-08,0.2540154,0.1238849,0.4817532,0.5234019,0.568622,0.697553
4550,-1518.06,1.156513e-08,0.2540154,0.1238849,0.4817532,0.5234019,0.568622,0.697553
4560,-1518.06,1.156513e-08,0.2540154,0.1238849,0.4817532,0.5234019,0.568622,0.697553
4570,-1518.06,1.156513e-08,0.2540154,0.1238849,0.4817532,0.5234019,0.568622,0.697553
4580,-1519.198,1.142902e-08,0.2603274,0.1064396,0.4618429,0.5438726,0.5662195,0.6742839
4590,-1519.198,1.142902e-08,0.2603274,0.1064396,0.4618429,0.5438726,0.5662195,0.6742839
4600,-1519.283,1.156254e-08,0.2951723,0.1081087,0.4549951,0.5596153,0.6069467,0.6440659
4610,-1519.283,1.156254e-08,0.2951723,0.1081087,0.4549951,0.5596153,0.6069467,0.6440659
4620,-1519.283,1.156254e-08,0.2951723,0.1081087,0.4549951,0.5596153,0.6069467,0.6440659
4630,-1519.283,1.156254e-08,0.2951723,0.1081087,0.4549951,0.5596153,0.6069467,0.6440659
4640,-1519.283,1.156254e-08,0.2951723,0.1081087,0.4549951,0.5596153,0.6069467,0.6440659
4650,-1519.283,1.156254e-08,0.2951723,0.1081087,0.4549951,0.5596153,0.6069467,0.6440659
4660,-1458.019,1.120424e-08,0.2319735,0.05571531,0.4315926,0.5586429,0.5700952,0.6646473
4670,-1458.019,1.120424e-08,0.2319735,0.05571531,0.4315926,0.5586429,0.5700952,0.6646473
4680,-1458.019,1.120424e-08,0.2319735,0.05571531,0.4315926,0.5586429,0.5700952,0.6646473
4690,-1458.019,1.120424e-08,0.2319735,0.05571531,0.4315926,0.5586429,0.5700952,0.6646473
4700,-1458.019,1.120424e-08,0.2319735,0.05571531,0.4315926,0.5586429,0.5700952,0.6646473
4710,-1458.019,1.120424e-08,0.2319735,0.05571531,0.4315926,0.5586429,0.5700952,0.6646473
4720,-1458.019,1.120424e-08,0.2319735,0.05571531,0.4315926,0.5586429,0.5700952,0.6646473
4730,-1458.019,1.120424e-08,0.2319735,0.05571531,0.4315926,0.5586429,0.5700952,0.6646473
4740,-1458.019,1.120424e-08,0.2319735,0.05571531,0.4315926,0.5586429,0.5700952,0.6646473
4750,-1458.019,1.120424e-08,0.2319735,0.05571531,0.4315926,0.5586429,0.5700952,0.6646473
4760,-1458.019,1.120424e-08,0.2319735,0.05571531,0.4315926,0.5586429,0.5700952,0.6646473
4770,-1458.019,1.120424e-08,0.2319735,0.05571531,0.4315926,0.5586429,0.5700952,0.6646473
4780,-1458.019,1.120424e-08,0.2319735,0.05571531,0.4315926,0.5586429,0.5700952,0.6646473
4790,-1458.019,1.120424e-08,0.2319735,0.05571531,0.4315926,0.5586429,0.5700952,0.6646473
4800,-1458.019,1.120424e-08,0.2319735,0.05571531,0.4315926,0.5586429,0.5700952,0.6646473
4810,-1458.019,1.120424e-08,0.2319735,0.05571531,0.4315926,0.5586429,0.5700952,0.6646473
4820,-1458.019,1.120424e-08,0.2319735,0.05571531,0.4315926,0.5586429,0.5700952,0.6646473
4830,-1458.019,1.120424e-08,0.2319735,0.05571531,0.4315926,0.5586429,0.5700952,0.6646473
4840,-1458.019,1.120424e-08,0.2319735,0.05571531,0.4315926,0.5586429,0.5700952,0.6646473
4850,-1458.019,1.120424e-08,0.2319735,0.05571531,0.4315926,0.5586429,0.5700952,0.6646473
4860,-1458.019,1.120424e-08,0.2319735,0.05571531,0.4315926,0.5586429,0.5700952,0.6646473
4870,-1458.019,1.120424e-08,0.2319735,0.05571531,0.4315926,0.5586429,0.5700952,0.6646473
4880,-1458.019,1.120424e-08,0.2319735,0.05571531,0.4315926,0.5586429,0.5700952,0.6646473
4890,-1458.019,1.120424e-08,0.2319735,0.05571531,0.4315926,0.5586429,0.5700952,0.6646473
4900,-1458.019,1.120424e-08,0.2319735,0.05571531,0.4315926,0.5586429,0.5700952,0.6646473
4910,-1458.019,1.120424e-08,0.2319735,0.05571531,0.4315926,0.5586429,0.5700952,0.6646473
4920,-1458.019,1.120424e-08,0.2319735,0.05571531,0.4315926,0.5586429,0.5700952,0.6646473
4930,-1458.019,1.120424e-08,0.2319735,0.05571531,0.4315926,0.5586429,0.5700952,0.6646473
4940,-1458.019,1.120424e-08,0.2319735,0.05571531,0.4315926,0.5586429,0.5700952,0.6646473
4950,-1458.019,1.120424e-08,0.2319735,0.05571531,0.4315926,0.5586429,0.5700952,0.6646473
4960,-1458.019,1.120424e-08,0.2319735,0.05571531,0.4315926,0.5586429,0.5700952,0.6646473
4970,-1458.019,1.120424e-08,0.2319735,0.05571531,0.4315926,0.5586429,0.5700952,0.6646473
4980,-1458.019,1.120424e-08,0.2319735,0.05571531,0.4315926,0.5586429,0.5700952,0.6646473
4990,-1458.019,1.120424e-08,0.2319735,0.05571531,0.4315926,0.5586429,0.5700952,0.6646473
5000,-1458.019,1.120424e-08,0.2319735,0.05571531,0.4315926,0.5586429,0.5700952,0.6646473
